ALIGNED {'shoulder_pan': 2024, 'shoulder_lift': 2045, 'elbow_flex': 2051, 'wrist_flex': 2056, 'wrist_roll': 2050, 'gripper': 2002}
RUN --robot.type=so101_follower --robot.port=/dev/cu.usbmodem5B7B0152071 --robot.id=follower_nevil --robot.max_relative_target=5.0 --teleop.type=so101_leader --teleop.port=/dev/cu.usbmodem5B7B0154401 --teleop.id=pilot001_leader --fps=30 --teleop_time_s=90.0
INFO 2026-10-07 15:57:16 eoperate.py:243 {'display_compressed_images': False,
 'display_data': False,
 'display_ip': None,
 'display_mode': 'rerun',
 'display_port': None,
 'fps': 30,
 'robot': {'calibration_dir': None,
           'cameras': {},
           'disable_torque_on_disconnect': True,
           'id': 'follower_nevil',
           'max_relative_target': 5.0,
           'num_read_retries': 2,
           'port': '/dev/cu.usbmodem5B7B0152071',
           'position_d_coefficient': 32,
           'position_i_coefficient': 0,
           'position_p_coefficient': 16,
           'use_degrees': True},
 'teleop': {'calibration_dir': None,
            'id': 'pilot001_leader',
            'num_read_retries': 2,
            'port': '/dev/cu.usbmodem5B7B0154401',
            'use_degrees': True},
 'teleop_time_s': 90.0}
INFO 2026-10-07 15:57:16 so_leader.py:78 pilot001_leader SOLeader connected.
INFO 2026-10-07 15:57:16 follower.py:109 follower_nevil SOFollower connected.
WARNING 2026-10-07 15:57:16 ts/utils.py:121 Relative goal position magnitude had to be clamped to be safe.
{   'gripper': {   'original goal_pos': 91.92825112107623,
                   'safe goal_pos': 7.544529262086513},
    'shoulder_pan': {   'original goal_pos': 0.04395604395604396,
                        'safe goal_pos': -4.934065934065934}}
WARNING 2026-10-07 15:57:16 ts/utils.py:121 Relative goal position magnitude had to be clamped to be safe.
{   'gripper': {   'original goal_pos': 91.92825112107623,
                   'safe goal_pos': 7.544529262086513},
    'shoulder_pan': {   'original goal_pos': 0.04395604395604396,
                        'safe goal_pos': -4.934065934065934}}
WARNING 2026-10-07 15:57:16 ts/utils.py:121 Relative goal position magnitude had to be clamped to be safe.
{   'gripper': {   'original goal_pos': 91.92825112107623,
                   'safe goal_pos': 8.244274809160306},
    'shoulder_pan': {   'original goal_pos': 0.04395604395604396,
                        'safe goal_pos': -4.406593406593407}}
WARNING 2026-10-07 15:57:16 ts/utils.py:121 Relative goal position magnitude had to be clamped to be safe.
{   'gripper': {   'original goal_pos': 91.92825112107623,
                   'safe goal_pos': 9.643765903307887},
    'shoulder_pan': {   'original goal_pos': 0.04395604395604396,
                        'safe goal_pos': -2.6483516483516487}}
WARNING 2026-10-07 15:57:16 ts/utils.py:121 Relative goal position magnitude had to be clamped to be safe.
{   'gripper': {   'original goal_pos': 91.92825112107623,
                   'safe goal_pos': 11.297709923664122},
    'shoulder_pan': {   'original goal_pos': 0.04395604395604396,
                        'safe goal_pos': -1.3296703296703294}}
WARNING 2026-10-07 15:57:16 ts/utils.py:121 Relative goal position magnitude had to be clamped to be safe.
{   'gripper': {   'original goal_pos': 91.92825112107623,
                   'safe goal_pos': 12.633587786259543},
    'shoulder_pan': {   'original goal_pos': 0.04395604395604396,
                        'safe goal_pos': -0.18681318681318704}}
WARNING 2026-10-07 15:57:16 ts/utils.py:121 Relative goal position magnitude had to be clamped to be safe.
{   'gripper': {   'original goal_pos': 91.92825112107623,
                   'safe goal_pos': 14.096692111959287}}
WARNING 2026-10-07 15:57:16 ts/utils.py:121 Relative goal position magnitude had to be clamped to be safe.
{   'gripper': {   'original goal_pos': 91.92825112107623,
                   'safe goal_pos': 15.559796437659033}}
WARNING 2026-10-07 15:57:16 ts/utils.py:121 Relative goal position magnitude had to be clamped to be safe.
{   'gripper': {   'original goal_pos': 91.92825112107623,
                   'safe goal_pos': 16.959287531806616}}
WARNING 2026-10-07 15:57:16 ts/utils.py:121 Relative goal position magnitude had to be clamped to be safe.
{   'gripper': {   'original goal_pos': 91.92825112107623,
                   'safe goal_pos': 18.422391857506362}}
WARNING 2026-10-07 15:57:16 ts/utils.py:121 Relative goal position magnitude had to be clamped to be safe.
{   'gripper': {   'original goal_pos': 91.92825112107623,
                   'safe goal_pos': 19.885496183206108}}
WARNING 2026-10-07 15:57:16 ts/utils.py:121 Relative goal position magnitude had to be clamped to be safe.
{   'gripper': {   'original goal_pos': 91.92825112107623,
                   'safe goal_pos': 21.221374045801525}}
WARNING 2026-10-07 15:57:16 ts/utils.py:121 Relative goal position magnitude had to be clamped to be safe.
{   'gripper': {   'original goal_pos': 91.92825112107623,
                   'safe goal_pos': 22.68447837150127}}
WARNING 2026-10-07 15:57:16 ts/utils.py:121 Relative goal position magnitude had to be clamped to be safe.
{   'gripper': {   'original goal_pos': 91.92825112107623,
                   'safe goal_pos': 24.147582697201017}}
WARNING 2026-10-07 15:57:16 ts/utils.py:121 Relative goal position magnitude had to be clamped to be safe.
{   'gripper': {   'original goal_pos': 91.92825112107623,
                   'safe goal_pos': 25.610687022900763}}
WARNING 2026-10-07 15:57:16 ts/utils.py:121 Relative goal position magnitude had to be clamped to be safe.
{   'gripper': {   'original goal_pos': 91.92825112107623,
                   'safe goal_pos': 27.010178117048344}}
WARNING 2026-10-07 15:57:16 ts/utils.py:121 Relative goal position magnitude had to be clamped to be safe.
{   'gripper': {   'original goal_pos': 91.92825112107623,
                   'safe goal_pos': 28.473282442748094}}
WARNING 2026-10-07 15:57:16 ts/utils.py:121 Relative goal position magnitude had to be clamped to be safe.
{   'gripper': {   'original goal_pos': 91.92825112107623,
                   'safe goal_pos': 29.87277353689567}}
WARNING 2026-10-07 15:57:16 ts/utils.py:121 Relative goal position magnitude had to be clamped to be safe.
{   'gripper': {   'original goal_pos': 91.92825112107623,
                   'safe goal_pos': 31.33587786259542}}
WARNING 2026-10-07 15:57:16 ts/utils.py:121 Relative goal position magnitude had to be clamped to be safe.
{   'gripper': {   'original goal_pos': 91.92825112107623,
                   'safe goal_pos': 32.79898218829516}}
WARNING 2026-10-07 15:57:16 ts/utils.py:121 Relative goal position magnitude had to be clamped to be safe.
{   'gripper': {   'original goal_pos': 91.92825112107623,
                   'safe goal_pos': 34.13486005089059}}
WARNING 2026-10-07 15:57:16 ts/utils.py:121 Relative goal position magnitude had to be clamped to be safe.
{   'gripper': {   'original goal_pos': 91.92825112107623,
                   'safe goal_pos': 35.597964376590326}}
WARNING 2026-10-07 15:57:16 ts/utils.py:121 Relative goal position magnitude had to be clamped to be safe.
{   'gripper': {   'original goal_pos': 91.92825112107623,
                   'safe goal_pos': 37.06106870229007}}
WARNING 2026-10-07 15:57:16 ts/utils.py:121 Relative goal position magnitude had to be clamped to be safe.
{   'gripper': {   'original goal_pos': 91.92825112107623,
                   'safe goal_pos': 38.460559796437664}}
WARNING 2026-10-07 15:57:16 ts/utils.py:121 Relative goal position magnitude had to be clamped to be safe.
{   'gripper': {   'original goal_pos': 91.92825112107623,
                   'safe goal_pos': 39.86005089058524}}
WARNING 2026-10-07 15:57:16 ts/utils.py:121 Relative goal position magnitude had to be clamped to be safe.
{   'gripper': {   'original goal_pos': 91.92825112107623,
                   'safe goal_pos': 41.32315521628499}}
WARNING 2026-10-07 15:57:16 ts/utils.py:121 Relative goal position magnitude had to be clamped to be safe.
{   'gripper': {   'original goal_pos': 91.92825112107623,
                   'safe goal_pos': 42.72264631043257}}
WARNING 2026-10-07 15:57:16 ts/utils.py:121 Relative goal position magnitude had to be clamped to be safe.
{   'gripper': {   'original goal_pos': 91.92825112107623,
                   'safe goal_pos': 44.18575063613232}}
WARNING 2026-10-07 15:57:17 ts/utils.py:121 Relative goal position magnitude had to be clamped to be safe.
{   'gripper': {   'original goal_pos': 91.92825112107623,
                   'safe goal_pos': 45.5852417302799}}
WARNING 2026-10-07 15:57:17 ts/utils.py:121 Relative goal position magnitude had to be clamped to be safe.
{   'gripper': {   'original goal_pos': 91.92825112107623,
                   'safe goal_pos': 47.04834605597965}}
WARNING 2026-10-07 15:57:17 ts/utils.py:121 Relative goal position magnitude had to be clamped to be safe.
{   'gripper': {   'original goal_pos': 91.92825112107623,
                   'safe goal_pos': 48.44783715012723}}
WARNING 2026-10-07 15:57:17 ts/utils.py:121 Relative goal position magnitude had to be clamped to be safe.
{   'gripper': {   'original goal_pos': 91.92825112107623,
                   'safe goal_pos': 49.910941475826974}}
WARNING 2026-10-07 15:57:17 ts/utils.py:121 Relative goal position magnitude had to be clamped to be safe.
{   'gripper': {   'original goal_pos': 91.92825112107623,
                   'safe goal_pos': 51.24681933842239}}
WARNING 2026-10-07 15:57:17 ts/utils.py:121 Relative goal position magnitude had to be clamped to be safe.
{   'gripper': {   'original goal_pos': 91.92825112107623,
                   'safe goal_pos': 52.70992366412214}}
WARNING 2026-10-07 15:57:17 ts/utils.py:121 Relative goal position magnitude had to be clamped to be safe.
{   'gripper': {   'original goal_pos': 91.92825112107623,
                   'safe goal_pos': 54.10941475826972}}
WARNING 2026-10-07 15:57:17 ts/utils.py:121 Relative goal position magnitude had to be clamped to be safe.
{   'gripper': {   'original goal_pos': 91.92825112107623,
                   'safe goal_pos': 55.57251908396947}}
WARNING 2026-10-07 15:57:17 ts/utils.py:121 Relative goal position magnitude had to be clamped to be safe.
{   'gripper': {   'original goal_pos': 91.92825112107623,
                   'safe goal_pos': 56.972010178117046}}
WARNING 2026-10-07 15:57:17 ts/utils.py:121 Relative goal position magnitude had to be clamped to be safe.
{   'gripper': {   'original goal_pos': 91.92825112107623,
                   'safe goal_pos': 58.43511450381679}}
WARNING 2026-10-07 15:57:17 ts/utils.py:121 Relative goal position magnitude had to be clamped to be safe.
{   'gripper': {   'original goal_pos': 91.92825112107623,
                   'safe goal_pos': 59.898218829516544}}
WARNING 2026-10-07 15:57:17 ts/utils.py:121 Relative goal position magnitude had to be clamped to be safe.
{   'gripper': {   'original goal_pos': 91.92825112107623,
                   'safe goal_pos': 61.297709923664115}}
WARNING 2026-10-07 15:57:17 ts/utils.py:121 Relative goal position magnitude had to be clamped to be safe.
{   'gripper': {   'original goal_pos': 91.92825112107623,
                   'safe goal_pos': 62.76081424936387}}
WARNING 2026-10-07 15:57:17 ts/utils.py:121 Relative goal position magnitude had to be clamped to be safe.
{   'gripper': {   'original goal_pos': 91.92825112107623,
                   'safe goal_pos': 64.16030534351145}}
WARNING 2026-10-07 15:57:17 ts/utils.py:121 Relative goal position magnitude had to be clamped to be safe.
{   'gripper': {   'original goal_pos': 91.92825112107623,
                   'safe goal_pos': 65.62340966921118}}
WARNING 2026-10-07 15:57:17 ts/utils.py:121 Relative goal position magnitude had to be clamped to be safe.
{   'gripper': {   'original goal_pos': 91.92825112107623,
                   'safe goal_pos': 67.08651399491094}}
WARNING 2026-10-07 15:57:17 ts/utils.py:121 Relative goal position magnitude had to be clamped to be safe.
{   'gripper': {   'original goal_pos': 91.92825112107623,
                   'safe goal_pos': 68.48600508905852}}
WARNING 2026-10-07 15:57:17 ts/utils.py:121 Relative goal position magnitude had to be clamped to be safe.
{   'gripper': {   'original goal_pos': 91.92825112107623,
                   'safe goal_pos': 69.8854961832061}}
WARNING 2026-10-07 15:57:17 ts/utils.py:121 Relative goal position magnitude had to be clamped to be safe.
{   'gripper': {   'original goal_pos': 91.92825112107623,
                   'safe goal_pos': 71.34860050890585}}
WARNING 2026-10-07 15:57:17 ts/utils.py:121 Relative goal position magnitude had to be clamped to be safe.
{   'gripper': {   'original goal_pos': 91.92825112107623,
                   'safe goal_pos': 72.74809160305344}}
WARNING 2026-10-07 15:57:17 ts/utils.py:121 Relative goal position magnitude had to be clamped to be safe.
{   'gripper': {   'original goal_pos': 91.92825112107623,
                   'safe goal_pos': 74.14758269720102}}
WARNING 2026-10-07 15:57:17 ts/utils.py:121 Relative goal position magnitude had to be clamped to be safe.
{   'gripper': {   'original goal_pos': 91.92825112107623,
                   'safe goal_pos': 75.67430025445293}}
WARNING 2026-10-07 15:57:17 ts/utils.py:121 Relative goal position magnitude had to be clamped to be safe.
{   'gripper': {   'original goal_pos': 91.92825112107623,
                   'safe goal_pos': 77.01017811704835}}
WARNING 2026-10-07 15:57:17 ts/utils.py:121 Relative goal position magnitude had to be clamped to be safe.
{   'gripper': {   'original goal_pos': 91.92825112107623,
                   'safe goal_pos': 78.47328244274809}}
WARNING 2026-10-07 15:57:17 ts/utils.py:121 Relative goal position magnitude had to be clamped to be safe.
{   'gripper': {   'original goal_pos': 91.92825112107623,
                   'safe goal_pos': 79.93638676844783}}
WARNING 2026-10-07 15:57:17 ts/utils.py:121 Relative goal position magnitude had to be clamped to be safe.
{   'gripper': {   'original goal_pos': 91.92825112107623,
                   'safe goal_pos': 81.39949109414759}}
WARNING 2026-10-07 15:57:17 ts/utils.py:121 Relative goal position magnitude had to be clamped to be safe.
{   'gripper': {   'original goal_pos': 91.92825112107623,
                   'safe goal_pos': 82.79898218829516}}
WARNING 2026-10-07 15:57:17 ts/utils.py:121 Relative goal position magnitude had to be clamped to be safe.
{   'gripper': {   'original goal_pos': 91.92825112107623,
                   'safe goal_pos': 84.26208651399492}}
WARNING 2026-10-07 15:57:17 ts/utils.py:121 Relative goal position magnitude had to be clamped to be safe.
{   'gripper': {   'original goal_pos': 91.92825112107623,
                   'safe goal_pos': 85.6615776081425}}
WARNING 2026-10-07 15:57:17 ts/utils.py:121 Relative goal position magnitude had to be clamped to be safe.
{   'gripper': {   'original goal_pos': 91.92825112107623,
                   'safe goal_pos': 87.1882951653944}}
WARNING 2026-10-07 15:57:18 ts/utils.py:121 Relative goal position magnitude had to be clamped to be safe.
{   'gripper': {   'original goal_pos': 91.92825112107623,
                   'safe goal_pos': 88.52417302798982}}
WARNING 2026-10-07 15:57:18 ts/utils.py:121 Relative goal position magnitude had to be clamped to be safe.
{   'gripper': {   'original goal_pos': 91.92825112107623,
                   'safe goal_pos': 90.05089058524173}}
WARNING 2026-10-07 15:57:18 ts/utils.py:121 Relative goal position magnitude had to be clamped to be safe.
{   'gripper': {   'original goal_pos': 91.92825112107623,
                   'safe goal_pos': 91.38676844783714}}
Teleop loop time: 33.36ms (30 Hz)
[1ATeleop loop time: 33.34ms (30 Hz)
[1ATeleop loop time: 33.34ms (30 Hz)
[1ATeleop loop time: 33.34ms (30 Hz)
[1ATeleop loop time: 33.34ms (30 Hz)
[1ATeleop loop time: 33.33ms (30 Hz)
[1ATeleop loop time: 33.36ms (30 Hz)
[1ATeleop loop time: 33.34ms (30 Hz)
[1ATeleop loop time: 33.34ms (30 Hz)
[1ATeleop loop time: 33.34ms (30 Hz)
[1ATeleop loop time: 33.34ms (30 Hz)
[1ATeleop loop time: 33.34ms (30 Hz)
[1ATeleop loop time: 33.34ms (30 Hz)
[1ATeleop loop time: 33.34ms (30 Hz)
[1ATeleop loop time: 33.36ms (30 Hz)
[1ATeleop loop time: 33.34ms (30 Hz)
[1ATeleop loop time: 33.34ms (30 Hz)
[1ATeleop loop time: 33.34ms (30 Hz)
[1ATeleop loop time: 33.34ms (30 Hz)
[1ATeleop loop time: 33.34ms (30 Hz)
[1ATeleop loop time: 33.34ms (30 Hz)
[1ATeleop loop time: 33.34ms (30 Hz)
[1ATeleop loop time: 33.34ms (30 Hz)
[1ATeleop loop time: 33.34ms (30 Hz)
[1ATeleop loop time: 33.34ms (30 Hz)
[1ATeleop loop time: 33.34ms (30 Hz)
[1ATeleop loop time: 33.34ms (30 Hz)
[1ATeleop loop time: 33.34ms (30 Hz)
[1ATeleop loop time: 33.34ms (30 Hz)
[1ATeleop loop time: 33.34ms (30 Hz)
[1ATeleop loop time: 33.34ms (30 Hz)
[1ATeleop loop time: 33.34ms (30 Hz)
[1ATeleop loop time: 33.34ms (30 Hz)
[1ATeleop loop time: 33.34ms (30 Hz)
[1ATeleop loop time: 33.34ms (30 Hz)
[1ATeleop loop time: 33.36ms (30 Hz)
[1ATeleop loop time: 33.34ms (30 Hz)
[1ATeleop loop time: 33.34ms (30 Hz)
[1ATeleop loop time: 33.36ms (30 Hz)
[1ATeleop loop time: 33.36ms (30 Hz)
[1ATeleop loop time: 33.34ms (30 Hz)
[1ATeleop loop time: 33.38ms (30 Hz)
[1ATeleop loop time: 33.34ms (30 Hz)
[1ATeleop loop time: 33.34ms (30 Hz)
[1ATeleop loop time: 33.34ms (30 Hz)
[1ATeleop loop time: 33.33ms (30 Hz)
[1ATeleop loop time: 33.34ms (30 Hz)
[1ATeleop loop time: 33.34ms (30 Hz)
[1ATeleop loop time: 33.33ms (30 Hz)
[1ATeleop loop time: 33.34ms (30 Hz)
[1ATeleop loop time: 33.37ms (30 Hz)
[1ATeleop loop time: 33.34ms (30 Hz)
[1ATeleop loop time: 33.34ms (30 Hz)
[1ATeleop loop time: 33.34ms (30 Hz)
[1ATeleop loop time: 33.34ms (30 Hz)
[1ATeleop loop time: 33.34ms (30 Hz)
[1ATeleop loop time: 33.34ms (30 Hz)
[1ATeleop loop time: 33.34ms (30 Hz)
[1ATeleop loop time: 33.34ms (30 Hz)
[1ATeleop loop time: 33.34ms (30 Hz)
[1ATeleop loop time: 33.34ms (30 Hz)
[1ATeleop loop time: 33.36ms (30 Hz)
[1ATeleop loop time: 33.34ms (30 Hz)
[1ATeleop loop time: 33.34ms (30 Hz)
[1ATeleop loop time: 33.34ms (30 Hz)
[1ATeleop loop time: 33.34ms (30 Hz)
[1ATeleop loop time: 33.34ms (30 Hz)
[1ATeleop loop time: 33.34ms (30 Hz)
[1ATeleop loop time: 33.34ms (30 Hz)
[1ATeleop loop time: 33.34ms (30 Hz)
[1ATeleop loop time: 33.34ms (30 Hz)
[1ATeleop loop time: 33.34ms (30 Hz)
[1ATeleop loop time: 33.33ms (30 Hz)
[1ATeleop loop time: 33.36ms (30 Hz)
[1ATeleop loop time: 33.34ms (30 Hz)
[1ATeleop loop time: 33.34ms (30 Hz)
[1ATeleop loop time: 33.34ms (30 Hz)
[1ATeleop loop time: 33.34ms (30 Hz)
[1ATeleop loop time: 33.35ms (30 Hz)
[1ATeleop loop time: 33.34ms (30 Hz)
[1ATeleop loop time: 33.34ms (30 Hz)
[1ATeleop loop time: 33.34ms (30 Hz)
[1ATeleop loop time: 33.35ms (30 Hz)
[1ATeleop loop time: 33.34ms (30 Hz)
[1ATeleop loop time: 33.35ms (30 Hz)
[1ATeleop loop time: 33.35ms (30 Hz)
[1ATeleop loop time: 33.34ms (30 Hz)
[1ATeleop loop time: 33.34ms (30 Hz)
[1ATeleop loop time: 33.34ms (30 Hz)
[1ATeleop loop time: 33.34ms (30 Hz)
[1ATeleop loop time: 33.34ms (30 Hz)
[1ATeleop loop time: 33.34ms (30 Hz)
[1ATeleop loop time: 33.34ms (30 Hz)
[1ATeleop loop time: 33.34ms (30 Hz)
[1ATeleop loop time: 33.34ms (30 Hz)
[1ATeleop loop time: 33.35ms (30 Hz)
[1ATeleop loop time: 33.36ms (30 Hz)
[1ATeleop loop time: 33.34ms (30 Hz)
[1ATeleop loop time: 33.34ms (30 Hz)
[1ATeleop loop time: 33.33ms (30 Hz)
[1ATeleop loop time: 33.34ms (30 Hz)
[1ATeleop loop time: 33.34ms (30 Hz)
[1ATeleop loop time: 33.34ms (30 Hz)
[1ATeleop loop time: 33.41ms (30 Hz)
[1ATeleop loop time: 33.35ms (30 Hz)
[1ATeleop loop time: 33.34ms (30 Hz)
[1ATeleop loop time: 33.34ms (30 Hz)
[1ATeleop loop time: 33.34ms (30 Hz)
[1ATeleop loop time: 33.34ms (30 Hz)
[1ATeleop loop time: 33.36ms (30 Hz)
[1ATeleop loop time: 33.36ms (30 Hz)
[1ATeleop loop time: 33.35ms (30 Hz)
[1ATeleop loop time: 33.34ms (30 Hz)
[1ATeleop loop time: 33.34ms (30 Hz)
[1ATeleop loop time: 33.35ms (30 Hz)
[1ATeleop loop time: 33.34ms (30 Hz)
[1ATeleop loop time: 33.37ms (30 Hz)
[1ATeleop loop time: 33.34ms (30 Hz)
[1ATeleop loop time: 33.34ms (30 Hz)
[1ATeleop loop time: 33.34ms (30 Hz)
[1ATeleop loop time: 33.34ms (30 Hz)
[1ATeleop loop time: 33.34ms (30 Hz)
[1ATeleop loop time: 33.34ms (30 Hz)
[1ATeleop loop time: 33.34ms (30 Hz)
[1ATeleop loop time: 33.34ms (30 Hz)
[1ATeleop loop time: 33.34ms (30 Hz)
[1ATeleop loop time: 33.34ms (30 Hz)
[1ATeleop loop time: 33.35ms (30 Hz)
[1ATeleop loop time: 33.38ms (30 Hz)
[1ATeleop loop time: 33.36ms (30 Hz)
[1ATeleop loop time: 33.35ms (30 Hz)
[1ATeleop loop time: 33.36ms (30 Hz)
[1ATeleop loop time: 33.34ms (30 Hz)
[1ATeleop loop time: 33.35ms (30 Hz)
[1ATeleop loop time: 33.36ms (30 Hz)
[1ATeleop loop time: 33.35ms (30 Hz)
[1ATeleop loop time: 33.33ms (30 Hz)
[1ATeleop loop time: 33.34ms (30 Hz)
[1ATeleop loop time: 33.34ms (30 Hz)
[1ATeleop loop time: 33.34ms (30 Hz)
[1ATeleop loop time: 33.35ms (30 Hz)
[1ATeleop loop time: 33.34ms (30 Hz)
[1ATeleop loop time: 33.34ms (30 Hz)
[1ATeleop loop time: 33.34ms (30 Hz)
[1ATeleop loop time: 33.35ms (30 Hz)
[1ATeleop loop time: 33.34ms (30 Hz)
[1ATeleop loop time: 33.34ms (30 Hz)
[1ATeleop loop time: 33.34ms (30 Hz)
[1ATeleop loop time: 33.34ms (30 Hz)
[1ATeleop loop time: 33.34ms (30 Hz)
[1ATeleop loop time: 33.34ms (30 Hz)
[1ATeleop loop time: 33.37ms (30 Hz)
[1ATeleop loop time: 33.34ms (30 Hz)
[1ATeleop loop time: 33.34ms (30 Hz)
[1ATeleop loop time: 33.34ms (30 Hz)
[1ATeleop loop time: 33.34ms (30 Hz)
[1ATeleop loop time: 33.35ms (30 Hz)
[1ATeleop loop time: 33.34ms (30 Hz)
[1ATeleop loop time: 33.34ms (30 Hz)
[1ATeleop loop time: 33.34ms (30 Hz)
[1ATeleop loop time: 33.35ms (30 Hz)
[1ATeleop loop time: 33.39ms (30 Hz)
[1ATeleop loop time: 33.37ms (30 Hz)
[1ATeleop loop time: 33.34ms (30 Hz)
[1ATeleop loop time: 33.34ms (30 Hz)
[1ATeleop loop time: 33.37ms (30 Hz)
[1ATeleop loop time: 33.38ms (30 Hz)
[1ATeleop loop time: 33.38ms (30 Hz)
[1ATeleop loop time: 33.34ms (30 Hz)
[1ATeleop loop time: 33.36ms (30 Hz)
[1ATeleop loop time: 33.34ms (30 Hz)
[1ATeleop loop time: 33.34ms (30 Hz)
[1ATeleop loop time: 33.34ms (30 Hz)
[1ATeleop loop time: 33.34ms (30 Hz)
[1ATeleop loop time: 33.34ms (30 Hz)
[1ATeleop loop time: 33.34ms (30 Hz)
[1ATeleop loop time: 33.34ms (30 Hz)
[1ATeleop loop time: 33.37ms (30 Hz)
[1ATeleop loop time: 33.36ms (30 Hz)
[1ATeleop loop time: 33.35ms (30 Hz)
[1ATeleop loop time: 33.34ms (30 Hz)
[1ATeleop loop time: 33.34ms (30 Hz)
[1ATeleop loop time: 33.35ms (30 Hz)
[1ATeleop loop time: 33.37ms (30 Hz)
[1ATeleop loop time: 33.38ms (30 Hz)
[1ATeleop loop time: 33.34ms (30 Hz)
[1ATeleop loop time: 33.34ms (30 Hz)
[1ATeleop loop time: 33.34ms (30 Hz)
[1ATeleop loop time: 33.34ms (30 Hz)
[1ATeleop loop time: 33.34ms (30 Hz)
[1ATeleop loop time: 33.34ms (30 Hz)
[1ATeleop loop time: 33.34ms (30 Hz)
[1ATeleop loop time: 33.36ms (30 Hz)
[1ATeleop loop time: 33.36ms (30 Hz)
[1ATeleop loop time: 33.34ms (30 Hz)
[1ATeleop loop time: 33.34ms (30 Hz)
[1ATeleop loop time: 33.36ms (30 Hz)
[1ATeleop loop time: 33.34ms (30 Hz)
[1ATeleop loop time: 33.35ms (30 Hz)
[1ATeleop loop time: 33.36ms (30 Hz)
[1ATeleop loop time: 33.34ms (30 Hz)
[1ATeleop loop time: 33.34ms (30 Hz)
[1ATeleop loop time: 33.34ms (30 Hz)
[1ATeleop loop time: 33.34ms (30 Hz)
[1ATeleop loop time: 33.34ms (30 Hz)
[1ATeleop loop time: 33.34ms (30 Hz)
[1ATeleop loop time: 33.34ms (30 Hz)
[1ATeleop loop time: 33.34ms (30 Hz)
[1ATeleop loop time: 33.35ms (30 Hz)
[1ATeleop loop time: 33.34ms (30 Hz)
[1ATeleop loop time: 33.34ms (30 Hz)
[1ATeleop loop time: 33.36ms (30 Hz)
[1ATeleop loop time: 33.35ms (30 Hz)
[1ATeleop loop time: 33.35ms (30 Hz)
[1ATeleop loop time: 33.34ms (30 Hz)
[1ATeleop loop time: 33.36ms (30 Hz)
[1ATeleop loop time: 33.37ms (30 Hz)
[1ATeleop loop time: 33.36ms (30 Hz)
[1ATeleop loop time: 33.34ms (30 Hz)
[1ATeleop loop time: 33.34ms (30 Hz)
[1ATeleop loop time: 33.34ms (30 Hz)
[1ATeleop loop time: 33.34ms (30 Hz)
[1ATeleop loop time: 33.34ms (30 Hz)
[1ATeleop loop time: 33.34ms (30 Hz)
[1ATeleop loop time: 33.34ms (30 Hz)
[1ATeleop loop time: 33.34ms (30 Hz)
[1ATeleop loop time: 33.34ms (30 Hz)
[1ATeleop loop time: 33.34ms (30 Hz)
[1ATeleop loop time: 33.34ms (30 Hz)
[1ATeleop loop time: 33.34ms (30 Hz)
[1ATeleop loop time: 33.34ms (30 Hz)
[1ATeleop loop time: 33.34ms (30 Hz)
[1ATeleop loop time: 33.34ms (30 Hz)
[1ATeleop loop time: 33.34ms (30 Hz)
[1ATeleop loop time: 33.34ms (30 Hz)
[1ATeleop loop time: 33.34ms (30 Hz)
[1ATeleop loop time: 33.34ms (30 Hz)
[1ATeleop loop time: 33.34ms (30 Hz)
[1ATeleop loop time: 33.34ms (30 Hz)
[1ATeleop loop time: 33.37ms (30 Hz)
[1ATeleop loop time: 33.34ms (30 Hz)
[1ATeleop loop time: 33.34ms (30 Hz)
[1ATeleop loop time: 33.34ms (30 Hz)
[1ATeleop loop time: 33.34ms (30 Hz)
[1ATeleop loop time: 33.36ms (30 Hz)
[1ATeleop loop time: 33.34ms (30 Hz)
[1ATeleop loop time: 33.34ms (30 Hz)
[1ATeleop loop time: 33.33ms (30 Hz)
[1ATeleop loop time: 33.36ms (30 Hz)
[1ATeleop loop time: 33.33ms (30 Hz)
[1ATeleop loop time: 33.34ms (30 Hz)
[1ATeleop loop time: 33.34ms (30 Hz)
[1ATeleop loop time: 33.34ms (30 Hz)
[1ATeleop loop time: 33.34ms (30 Hz)
[1ATeleop loop time: 33.34ms (30 Hz)
[1ATeleop loop time: 33.34ms (30 Hz)
[1ATeleop loop time: 33.35ms (30 Hz)
[1ATeleop loop time: 33.34ms (30 Hz)
[1ATeleop loop time: 33.34ms (30 Hz)
[1ATeleop loop time: 33.34ms (30 Hz)
[1ATeleop loop time: 33.34ms (30 Hz)
[1ATeleop loop time: 33.34ms (30 Hz)
[1ATeleop loop time: 33.34ms (30 Hz)
[1ATeleop loop time: 33.34ms (30 Hz)
[1ATeleop loop time: 33.34ms (30 Hz)
[1ATeleop loop time: 33.34ms (30 Hz)
[1ATeleop loop time: 33.34ms (30 Hz)
[1ATeleop loop time: 33.34ms (30 Hz)
[1ATeleop loop time: 33.36ms (30 Hz)
[1ATeleop loop time: 33.34ms (30 Hz)
[1ATeleop loop time: 33.34ms (30 Hz)
[1ATeleop loop time: 33.34ms (30 Hz)
[1ATeleop loop time: 33.36ms (30 Hz)
[1ATeleop loop time: 33.34ms (30 Hz)
[1ATeleop loop time: 33.34ms (30 Hz)
[1ATeleop loop time: 33.35ms (30 Hz)
[1ATeleop loop time: 33.34ms (30 Hz)
[1ATeleop loop time: 33.34ms (30 Hz)
[1ATeleop loop time: 33.34ms (30 Hz)
[1ATeleop loop time: 33.34ms (30 Hz)
[1ATeleop loop time: 33.34ms (30 Hz)
[1ATeleop loop time: 33.34ms (30 Hz)
[1ATeleop loop time: 33.34ms (30 Hz)
[1ATeleop loop time: 33.34ms (30 Hz)
[1ATeleop loop time: 33.34ms (30 Hz)
[1ATeleop loop time: 33.34ms (30 Hz)
[1ATeleop loop time: 33.34ms (30 Hz)
[1ATeleop loop time: 33.36ms (30 Hz)
[1ATeleop loop time: 33.34ms (30 Hz)
[1ATeleop loop time: 33.34ms (30 Hz)
[1ATeleop loop time: 33.34ms (30 Hz)
[1ATeleop loop time: 33.34ms (30 Hz)
[1ATeleop loop time: 33.34ms (30 Hz)
[1ATeleop loop time: 33.34ms (30 Hz)
[1ATeleop loop time: 33.34ms (30 Hz)
[1ATeleop loop time: 33.34ms (30 Hz)
[1ATeleop loop time: 33.34ms (30 Hz)
[1ATeleop loop time: 33.34ms (30 Hz)
[1ATeleop loop time: 33.34ms (30 Hz)
[1ATeleop loop time: 33.34ms (30 Hz)
[1ATeleop loop time: 33.34ms (30 Hz)
[1ATeleop loop time: 33.36ms (30 Hz)
[1ATeleop loop time: 33.35ms (30 Hz)
[1ATeleop loop time: 33.34ms (30 Hz)
[1ATeleop loop time: 33.34ms (30 Hz)
[1ATeleop loop time: 33.34ms (30 Hz)
[1ATeleop loop time: 33.34ms (30 Hz)
[1ATeleop loop time: 33.34ms (30 Hz)
[1ATeleop loop time: 33.34ms (30 Hz)
[1ATeleop loop time: 33.34ms (30 Hz)
[1ATeleop loop time: 33.34ms (30 Hz)
[1ATeleop loop time: 33.36ms (30 Hz)
[1ATeleop loop time: 33.38ms (30 Hz)
[1ATeleop loop time: 33.34ms (30 Hz)
[1ATeleop loop time: 33.34ms (30 Hz)
[1ATeleop loop time: 33.37ms (30 Hz)
[1ATeleop loop time: 33.34ms (30 Hz)
[1ATeleop loop time: 33.37ms (30 Hz)
[1ATeleop loop time: 33.34ms (30 Hz)
[1ATeleop loop time: 33.34ms (30 Hz)
[1ATeleop loop time: 33.34ms (30 Hz)
[1ATeleop loop time: 33.34ms (30 Hz)
[1ATeleop loop time: 33.34ms (30 Hz)
[1ATeleop loop time: 33.34ms (30 Hz)
[1ATeleop loop time: 33.34ms (30 Hz)
[1ATeleop loop time: 33.34ms (30 Hz)
[1ATeleop loop time: 33.34ms (30 Hz)
[1ATeleop loop time: 33.34ms (30 Hz)
[1ATeleop loop time: 33.34ms (30 Hz)
[1ATeleop loop time: 33.35ms (30 Hz)
[1ATeleop loop time: 33.34ms (30 Hz)
[1ATeleop loop time: 33.34ms (30 Hz)
[1ATeleop loop time: 33.34ms (30 Hz)
[1ATeleop loop time: 33.36ms (30 Hz)
[1ATeleop loop time: 33.35ms (30 Hz)
[1ATeleop loop time: 33.34ms (30 Hz)
[1ATeleop loop time: 33.34ms (30 Hz)
[1ATeleop loop time: 33.35ms (30 Hz)
[1ATeleop loop time: 33.34ms (30 Hz)
[1ATeleop loop time: 33.34ms (30 Hz)
[1ATeleop loop time: 33.34ms (30 Hz)
[1ATeleop loop time: 33.37ms (30 Hz)
[1ATeleop loop time: 33.34ms (30 Hz)
[1ATeleop loop time: 33.34ms (30 Hz)
[1ATeleop loop time: 33.34ms (30 Hz)
[1ATeleop loop time: 33.34ms (30 Hz)
[1ATeleop loop time: 33.34ms (30 Hz)
[1ATeleop loop time: 33.34ms (30 Hz)
[1ATeleop loop time: 33.34ms (30 Hz)
[1ATeleop loop time: 33.34ms (30 Hz)
[1ATeleop loop time: 33.34ms (30 Hz)
[1ATeleop loop time: 33.34ms (30 Hz)
[1ATeleop loop time: 33.34ms (30 Hz)
[1ATeleop loop time: 33.34ms (30 Hz)
[1ATeleop loop time: 33.34ms (30 Hz)
[1ATeleop loop time: 33.35ms (30 Hz)
[1ATeleop loop time: 33.35ms (30 Hz)
[1ATeleop loop time: 33.35ms (30 Hz)
[1ATeleop loop time: 33.36ms (30 Hz)
[1ATeleop loop time: 33.34ms (30 Hz)
[1ATeleop loop time: 33.37ms (30 Hz)
[1ATeleop loop time: 33.36ms (30 Hz)
[1ATeleop loop time: 33.37ms (30 Hz)
[1ATeleop loop time: 33.34ms (30 Hz)
[1ATeleop loop time: 33.34ms (30 Hz)
[1ATeleop loop time: 33.34ms (30 Hz)
[1ATeleop loop time: 33.35ms (30 Hz)
[1ATeleop loop time: 33.36ms (30 Hz)
[1ATeleop loop time: 33.36ms (30 Hz)
[1ATeleop loop time: 33.36ms (30 Hz)
[1ATeleop loop time: 33.36ms (30 Hz)
[1ATeleop loop time: 33.35ms (30 Hz)
[1ATeleop loop time: 33.37ms (30 Hz)
[1ATeleop loop time: 33.34ms (30 Hz)
[1ATeleop loop time: 33.34ms (30 Hz)
[1ATeleop loop time: 33.37ms (30 Hz)
[1ATeleop loop time: 33.35ms (30 Hz)
[1ATeleop loop time: 33.34ms (30 Hz)
[1ATeleop loop time: 33.34ms (30 Hz)
[1ATeleop loop time: 33.37ms (30 Hz)
[1ATeleop loop time: 33.34ms (30 Hz)
[1ATeleop loop time: 33.35ms (30 Hz)
[1ATeleop loop time: 33.34ms (30 Hz)
[1ATeleop loop time: 33.39ms (30 Hz)
[1ATeleop loop time: 33.34ms (30 Hz)
[1ATeleop loop time: 33.34ms (30 Hz)
[1ATeleop loop time: 33.34ms (30 Hz)
[1ATeleop loop time: 33.34ms (30 Hz)
[1ATeleop loop time: 33.38ms (30 Hz)
[1ATeleop loop time: 33.34ms (30 Hz)
[1ATeleop loop time: 33.34ms (30 Hz)
[1ATeleop loop time: 33.34ms (30 Hz)
[1ATeleop loop time: 33.34ms (30 Hz)
[1ATeleop loop time: 33.37ms (30 Hz)
[1ATeleop loop time: 33.34ms (30 Hz)
[1ATeleop loop time: 33.34ms (30 Hz)
[1ATeleop loop time: 33.34ms (30 Hz)
[1ATeleop loop time: 33.34ms (30 Hz)
[1ATeleop loop time: 33.34ms (30 Hz)
[1ATeleop loop time: 33.34ms (30 Hz)
[1ATeleop loop time: 33.33ms (30 Hz)
[1ATeleop loop time: 33.34ms (30 Hz)
[1ATeleop loop time: 33.34ms (30 Hz)
[1ATeleop loop time: 33.35ms (30 Hz)
[1ATeleop loop time: 33.34ms (30 Hz)
[1ATeleop loop time: 33.36ms (30 Hz)
[1ATeleop loop time: 33.35ms (30 Hz)
[1ATeleop loop time: 33.36ms (30 Hz)
[1ATeleop loop time: 33.34ms (30 Hz)
[1ATeleop loop time: 33.36ms (30 Hz)
[1ATeleop loop time: 33.34ms (30 Hz)
[1ATeleop loop time: 33.34ms (30 Hz)
[1ATeleop loop time: 33.34ms (30 Hz)
[1ATeleop loop time: 33.34ms (30 Hz)
[1ATeleop loop time: 33.34ms (30 Hz)
[1ATeleop loop time: 33.34ms (30 Hz)
[1ATeleop loop time: 33.35ms (30 Hz)
[1ATeleop loop time: 33.34ms (30 Hz)
[1ATeleop loop time: 33.35ms (30 Hz)
[1ATeleop loop time: 33.35ms (30 Hz)
[1ATeleop loop time: 33.34ms (30 Hz)
[1ATeleop loop time: 33.34ms (30 Hz)
[1ATeleop loop time: 33.35ms (30 Hz)
[1ATeleop loop time: 33.34ms (30 Hz)
[1ATeleop loop time: 33.35ms (30 Hz)
[1ATeleop loop time: 33.34ms (30 Hz)
[1ATeleop loop time: 33.34ms (30 Hz)
[1ATeleop loop time: 33.34ms (30 Hz)
[1ATeleop loop time: 33.34ms (30 Hz)
[1ATeleop loop time: 33.36ms (30 Hz)
[1ATeleop loop time: 33.34ms (30 Hz)
[1ATeleop loop time: 33.34ms (30 Hz)
[1ATeleop loop time: 33.36ms (30 Hz)
[1ATeleop loop time: 33.34ms (30 Hz)
[1ATeleop loop time: 33.34ms (30 Hz)
[1ATeleop loop time: 33.37ms (30 Hz)
[1ATeleop loop time: 33.34ms (30 Hz)
[1ATeleop loop time: 33.40ms (30 Hz)
[1ATeleop loop time: 33.34ms (30 Hz)
[1ATeleop loop time: 33.36ms (30 Hz)
[1ATeleop loop time: 33.37ms (30 Hz)
[1ATeleop loop time: 33.34ms (30 Hz)
[1ATeleop loop time: 33.36ms (30 Hz)
[1ATeleop loop time: 33.36ms (30 Hz)
[1ATeleop loop time: 33.36ms (30 Hz)
[1ATeleop loop time: 33.36ms (30 Hz)
[1ATeleop loop time: 33.35ms (30 Hz)
[1ATeleop loop time: 33.35ms (30 Hz)
[1ATeleop loop time: 33.33ms (30 Hz)
[1ATeleop loop time: 33.33ms (30 Hz)
[1ATeleop loop time: 33.34ms (30 Hz)
[1ATeleop loop time: 33.36ms (30 Hz)
[1ATeleop loop time: 33.36ms (30 Hz)
[1ATeleop loop time: 33.35ms (30 Hz)
[1ATeleop loop time: 33.35ms (30 Hz)
[1ATeleop loop time: 33.39ms (30 Hz)
[1ATeleop loop time: 33.37ms (30 Hz)
[1ATeleop loop time: 33.34ms (30 Hz)
[1ATeleop loop time: 33.34ms (30 Hz)
[1ATeleop loop time: 33.34ms (30 Hz)
[1ATeleop loop time: 33.35ms (30 Hz)
[1ATeleop loop time: 33.39ms (30 Hz)
[1ATeleop loop time: 33.34ms (30 Hz)
[1ATeleop loop time: 33.34ms (30 Hz)
[1ATeleop loop time: 33.34ms (30 Hz)
[1ATeleop loop time: 33.35ms (30 Hz)
[1ATeleop loop time: 33.34ms (30 Hz)
[1ATeleop loop time: 33.34ms (30 Hz)
[1ATeleop loop time: 33.36ms (30 Hz)
[1ATeleop loop time: 33.34ms (30 Hz)
[1ATeleop loop time: 33.34ms (30 Hz)
[1ATeleop loop time: 33.35ms (30 Hz)
[1ATeleop loop time: 33.34ms (30 Hz)
[1ATeleop loop time: 33.34ms (30 Hz)
[1ATeleop loop time: 33.34ms (30 Hz)
[1ATeleop loop time: 33.34ms (30 Hz)
[1ATeleop loop time: 33.34ms (30 Hz)
[1ATeleop loop time: 33.35ms (30 Hz)
[1ATeleop loop time: 33.34ms (30 Hz)
[1ATeleop loop time: 33.37ms (30 Hz)
[1ATeleop loop time: 33.35ms (30 Hz)
[1ATeleop loop time: 33.34ms (30 Hz)
[1ATeleop loop time: 33.34ms (30 Hz)
[1ATeleop loop time: 33.37ms (30 Hz)
[1ATeleop loop time: 33.34ms (30 Hz)
[1ATeleop loop time: 33.37ms (30 Hz)
[1ATeleop loop time: 33.34ms (30 Hz)
[1ATeleop loop time: 33.34ms (30 Hz)
[1ATeleop loop time: 33.34ms (30 Hz)
[1ATeleop loop time: 33.34ms (30 Hz)
[1ATeleop loop time: 33.34ms (30 Hz)
[1ATeleop loop time: 33.34ms (30 Hz)
[1ATeleop loop time: 33.34ms (30 Hz)
[1ATeleop loop time: 33.34ms (30 Hz)
[1ATeleop loop time: 33.34ms (30 Hz)
[1ATeleop loop time: 33.37ms (30 Hz)
[1ATeleop loop time: 33.44ms (30 Hz)
[1ATeleop loop time: 33.37ms (30 Hz)
[1ATeleop loop time: 33.36ms (30 Hz)
[1ATeleop loop time: 33.34ms (30 Hz)
[1ATeleop loop time: 33.34ms (30 Hz)
[1ATeleop loop time: 33.35ms (30 Hz)
[1ATeleop loop time: 33.34ms (30 Hz)
[1ATeleop loop time: 33.34ms (30 Hz)
[1ATeleop loop time: 33.34ms (30 Hz)
[1ATeleop loop time: 33.34ms (30 Hz)
[1ATeleop loop time: 33.34ms (30 Hz)
[1ATeleop loop time: 33.34ms (30 Hz)
[1ATeleop loop time: 33.35ms (30 Hz)
[1ATeleop loop time: 33.34ms (30 Hz)
[1ATeleop loop time: 33.37ms (30 Hz)
[1ATeleop loop time: 33.36ms (30 Hz)
[1ATeleop loop time: 33.37ms (30 Hz)
[1ATeleop loop time: 33.34ms (30 Hz)
[1ATeleop loop time: 33.34ms (30 Hz)
[1ATeleop loop time: 33.34ms (30 Hz)
[1ATeleop loop time: 33.34ms (30 Hz)
[1ATeleop loop time: 33.35ms (30 Hz)
[1ATeleop loop time: 33.37ms (30 Hz)
[1ATeleop loop time: 33.34ms (30 Hz)
[1ATeleop loop time: 33.37ms (30 Hz)
[1ATeleop loop time: 33.34ms (30 Hz)
[1ATeleop loop time: 33.37ms (30 Hz)
[1ATeleop loop time: 33.37ms (30 Hz)
[1ATeleop loop time: 33.36ms (30 Hz)
[1ATeleop loop time: 33.34ms (30 Hz)
[1ATeleop loop time: 33.34ms (30 Hz)
[1ATeleop loop time: 33.34ms (30 Hz)
[1ATeleop loop time: 33.34ms (30 Hz)
[1ATeleop loop time: 33.34ms (30 Hz)
[1ATeleop loop time: 33.34ms (30 Hz)
[1ATeleop loop time: 33.34ms (30 Hz)
[1ATeleop loop time: 33.38ms (30 Hz)
[1ATeleop loop time: 33.34ms (30 Hz)
[1ATeleop loop time: 33.34ms (30 Hz)
[1ATeleop loop time: 33.34ms (30 Hz)
[1ATeleop loop time: 33.34ms (30 Hz)
[1ATeleop loop time: 33.34ms (30 Hz)
[1ATeleop loop time: 33.34ms (30 Hz)
[1ATeleop loop time: 33.34ms (30 Hz)
[1ATeleop loop time: 33.34ms (30 Hz)
[1ATeleop loop time: 33.40ms (30 Hz)
[1ATeleop loop time: 33.37ms (30 Hz)
[1ATeleop loop time: 33.37ms (30 Hz)
[1ATeleop loop time: 33.34ms (30 Hz)
[1ATeleop loop time: 33.34ms (30 Hz)
[1ATeleop loop time: 33.34ms (30 Hz)
[1ATeleop loop time: 33.38ms (30 Hz)
[1ATeleop loop time: 33.34ms (30 Hz)
[1ATeleop loop time: 33.36ms (30 Hz)
[1ATeleop loop time: 33.34ms (30 Hz)
[1ATeleop loop time: 33.34ms (30 Hz)
[1ATeleop loop time: 33.34ms (30 Hz)
[1ATeleop loop time: 33.34ms (30 Hz)
[1ATeleop loop time: 33.34ms (30 Hz)
[1ATeleop loop time: 33.34ms (30 Hz)
[1ATeleop loop time: 33.34ms (30 Hz)
[1ATeleop loop time: 33.36ms (30 Hz)
[1ATeleop loop time: 33.34ms (30 Hz)
[1ATeleop loop time: 33.34ms (30 Hz)
[1ATeleop loop time: 33.35ms (30 Hz)
[1ATeleop loop time: 33.34ms (30 Hz)
[1ATeleop loop time: 33.34ms (30 Hz)
[1ATeleop loop time: 33.34ms (30 Hz)
[1ATeleop loop time: 33.34ms (30 Hz)
[1ATeleop loop time: 33.34ms (30 Hz)
[1ATeleop loop time: 33.34ms (30 Hz)
[1ATeleop loop time: 33.34ms (30 Hz)
[1ATeleop loop time: 33.34ms (30 Hz)
[1ATeleop loop time: 33.35ms (30 Hz)
[1ATeleop loop time: 33.34ms (30 Hz)
[1ATeleop loop time: 33.34ms (30 Hz)
[1ATeleop loop time: 33.34ms (30 Hz)
[1ATeleop loop time: 33.36ms (30 Hz)
[1ATeleop loop time: 33.34ms (30 Hz)
[1ATeleop loop time: 33.36ms (30 Hz)
[1ATeleop loop time: 33.34ms (30 Hz)
[1ATeleop loop time: 33.34ms (30 Hz)
[1ATeleop loop time: 33.34ms (30 Hz)
[1ATeleop loop time: 33.34ms (30 Hz)
[1ATeleop loop time: 33.34ms (30 Hz)
[1ATeleop loop time: 33.34ms (30 Hz)
[1ATeleop loop time: 33.34ms (30 Hz)
[1ATeleop loop time: 33.34ms (30 Hz)
[1ATeleop loop time: 33.34ms (30 Hz)
[1ATeleop loop time: 33.33ms (30 Hz)
[1ATeleop loop time: 33.34ms (30 Hz)
[1ATeleop loop time: 33.34ms (30 Hz)
[1ATeleop loop time: 33.35ms (30 Hz)
[1ATeleop loop time: 33.34ms (30 Hz)
[1ATeleop loop time: 33.34ms (30 Hz)
[1ATeleop loop time: 33.34ms (30 Hz)
[1ATeleop loop time: 33.34ms (30 Hz)
[1ATeleop loop time: 33.34ms (30 Hz)
[1ATeleop loop time: 33.34ms (30 Hz)
[1ATeleop loop time: 33.34ms (30 Hz)
[1ATeleop loop time: 33.34ms (30 Hz)
[1ATeleop loop time: 33.34ms (30 Hz)
[1ATeleop loop time: 33.34ms (30 Hz)
[1ATeleop loop time: 33.34ms (30 Hz)
[1ATeleop loop time: 33.34ms (30 Hz)
[1ATeleop loop time: 33.34ms (30 Hz)
[1ATeleop loop time: 33.34ms (30 Hz)
[1ATeleop loop time: 33.34ms (30 Hz)
[1ATeleop loop time: 33.34ms (30 Hz)
[1ATeleop loop time: 33.35ms (30 Hz)
[1ATeleop loop time: 33.34ms (30 Hz)
[1ATeleop loop time: 33.34ms (30 Hz)
[1ATeleop loop time: 33.34ms (30 Hz)
[1ATeleop loop time: 33.34ms (30 Hz)
[1ATeleop loop time: 33.34ms (30 Hz)
[1ATeleop loop time: 33.34ms (30 Hz)
[1ATeleop loop time: 33.34ms (30 Hz)
[1ATeleop loop time: 33.34ms (30 Hz)
[1ATeleop loop time: 33.34ms (30 Hz)
[1ATeleop loop time: 33.34ms (30 Hz)
[1ATeleop loop time: 33.34ms (30 Hz)
[1ATeleop loop time: 33.36ms (30 Hz)
[1ATeleop loop time: 33.37ms (30 Hz)
[1ATeleop loop time: 33.34ms (30 Hz)
[1ATeleop loop time: 33.34ms (30 Hz)
[1ATeleop loop time: 33.34ms (30 Hz)
[1ATeleop loop time: 33.34ms (30 Hz)
[1ATeleop loop time: 33.37ms (30 Hz)
[1ATeleop loop time: 33.34ms (30 Hz)
[1ATeleop loop time: 33.36ms (30 Hz)
[1ATeleop loop time: 33.34ms (30 Hz)
[1ATeleop loop time: 33.34ms (30 Hz)
[1ATeleop loop time: 33.34ms (30 Hz)
[1ATeleop loop time: 33.33ms (30 Hz)
[1ATeleop loop time: 33.34ms (30 Hz)
[1ATeleop loop time: 33.34ms (30 Hz)
[1ATeleop loop time: 33.34ms (30 Hz)
[1ATeleop loop time: 33.34ms (30 Hz)
[1ATeleop loop time: 33.34ms (30 Hz)
[1ATeleop loop time: 33.34ms (30 Hz)
[1ATeleop loop time: 33.35ms (30 Hz)
[1ATeleop loop time: 33.35ms (30 Hz)
[1ATeleop loop time: 33.34ms (30 Hz)
[1ATeleop loop time: 33.34ms (30 Hz)
[1ATeleop loop time: 33.34ms (30 Hz)
[1ATeleop loop time: 33.34ms (30 Hz)
[1ATeleop loop time: 33.34ms (30 Hz)
[1ATeleop loop time: 33.34ms (30 Hz)
[1ATeleop loop time: 33.34ms (30 Hz)
[1ATeleop loop time: 33.37ms (30 Hz)
[1ATeleop loop time: 33.34ms (30 Hz)
[1ATeleop loop time: 33.34ms (30 Hz)
[1ATeleop loop time: 33.37ms (30 Hz)
[1ATeleop loop time: 33.34ms (30 Hz)
[1ATeleop loop time: 33.36ms (30 Hz)
[1ATeleop loop time: 33.34ms (30 Hz)
[1ATeleop loop time: 33.35ms (30 Hz)
[1ATeleop loop time: 33.34ms (30 Hz)
[1ATeleop loop time: 33.34ms (30 Hz)
[1ATeleop loop time: 33.34ms (30 Hz)
[1ATeleop loop time: 33.35ms (30 Hz)
[1ATeleop loop time: 33.34ms (30 Hz)
[1ATeleop loop time: 33.34ms (30 Hz)
[1ATeleop loop time: 33.34ms (30 Hz)
[1ATeleop loop time: 33.36ms (30 Hz)
[1ATeleop loop time: 33.36ms (30 Hz)
[1ATeleop loop time: 33.35ms (30 Hz)
[1ATeleop loop time: 33.38ms (30 Hz)
[1ATeleop loop time: 33.52ms (30 Hz)
[1ATeleop loop time: 33.37ms (30 Hz)
[1ATeleop loop time: 33.34ms (30 Hz)
[1ATeleop loop time: 33.34ms (30 Hz)
[1ATeleop loop time: 33.34ms (30 Hz)
[1ATeleop loop time: 33.34ms (30 Hz)
[1ATeleop loop time: 33.37ms (30 Hz)
[1ATeleop loop time: 33.34ms (30 Hz)
[1ATeleop loop time: 33.38ms (30 Hz)
[1ATeleop loop time: 33.34ms (30 Hz)
[1ATeleop loop time: 33.34ms (30 Hz)
[1ATeleop loop time: 33.34ms (30 Hz)
[1ATeleop loop time: 33.34ms (30 Hz)
[1ATeleop loop time: 33.34ms (30 Hz)
[1ATeleop loop time: 33.36ms (30 Hz)
[1ATeleop loop time: 33.34ms (30 Hz)
[1ATeleop loop time: 33.34ms (30 Hz)
[1ATeleop loop time: 33.34ms (30 Hz)
[1ATeleop loop time: 33.36ms (30 Hz)
[1ATeleop loop time: 33.34ms (30 Hz)
[1ATeleop loop time: 33.34ms (30 Hz)
[1ATeleop loop time: 33.35ms (30 Hz)
[1ATeleop loop time: 33.34ms (30 Hz)
[1ATeleop loop time: 33.34ms (30 Hz)
[1ATeleop loop time: 33.34ms (30 Hz)
[1ATeleop loop time: 33.34ms (30 Hz)
[1ATeleop loop time: 33.34ms (30 Hz)
[1ATeleop loop time: 33.37ms (30 Hz)
[1ATeleop loop time: 33.36ms (30 Hz)
[1ATeleop loop time: 33.37ms (30 Hz)
[1ATeleop loop time: 33.37ms (30 Hz)
[1ATeleop loop time: 33.37ms (30 Hz)
[1ATeleop loop time: 33.34ms (30 Hz)
[1ATeleop loop time: 33.34ms (30 Hz)
[1ATeleop loop time: 33.34ms (30 Hz)
[1ATeleop loop time: 33.34ms (30 Hz)
[1ATeleop loop time: 33.34ms (30 Hz)
[1ATeleop loop time: 33.34ms (30 Hz)
[1ATeleop loop time: 33.34ms (30 Hz)
[1ATeleop loop time: 33.38ms (30 Hz)
[1ATeleop loop time: 33.34ms (30 Hz)
[1ATeleop loop time: 33.34ms (30 Hz)
[1ATeleop loop time: 33.34ms (30 Hz)
[1ATeleop loop time: 33.34ms (30 Hz)
[1ATeleop loop time: 33.34ms (30 Hz)
[1ATeleop loop time: 33.36ms (30 Hz)
[1ATeleop loop time: 33.34ms (30 Hz)
[1ATeleop loop time: 33.34ms (30 Hz)
[1ATeleop loop time: 33.36ms (30 Hz)
[1ATeleop loop time: 33.37ms (30 Hz)
[1ATeleop loop time: 33.36ms (30 Hz)
[1ATeleop loop time: 33.34ms (30 Hz)
[1ATeleop loop time: 33.34ms (30 Hz)
[1ATeleop loop time: 33.34ms (30 Hz)
[1ATeleop loop time: 33.35ms (30 Hz)
[1ATeleop loop time: 33.34ms (30 Hz)
[1ATeleop loop time: 33.34ms (30 Hz)
[1ATeleop loop time: 33.36ms (30 Hz)
[1ATeleop loop time: 33.34ms (30 Hz)
[1ATeleop loop time: 33.36ms (30 Hz)
[1ATeleop loop time: 33.36ms (30 Hz)
[1ATeleop loop time: 33.35ms (30 Hz)
[1ATeleop loop time: 33.36ms (30 Hz)
[1ATeleop loop time: 33.36ms (30 Hz)
[1ATeleop loop time: 33.35ms (30 Hz)
[1ATeleop loop time: 33.36ms (30 Hz)
[1ATeleop loop time: 33.34ms (30 Hz)
[1ATeleop loop time: 33.34ms (30 Hz)
[1ATeleop loop time: 33.34ms (30 Hz)
[1ATeleop loop time: 33.34ms (30 Hz)
[1ATeleop loop time: 33.34ms (30 Hz)
[1ATeleop loop time: 33.36ms (30 Hz)
[1ATeleop loop time: 33.34ms (30 Hz)
[1ATeleop loop time: 33.34ms (30 Hz)
[1ATeleop loop time: 33.38ms (30 Hz)
[1ATeleop loop time: 33.34ms (30 Hz)
[1ATeleop loop time: 33.34ms (30 Hz)
[1ATeleop loop time: 33.34ms (30 Hz)
[1ATeleop loop time: 33.35ms (30 Hz)
[1ATeleop loop time: 33.34ms (30 Hz)
[1ATeleop loop time: 33.34ms (30 Hz)
[1ATeleop loop time: 33.34ms (30 Hz)
[1ATeleop loop time: 33.35ms (30 Hz)
[1ATeleop loop time: 33.37ms (30 Hz)
[1ATeleop loop time: 33.34ms (30 Hz)
[1ATeleop loop time: 33.34ms (30 Hz)
[1ATeleop loop time: 33.34ms (30 Hz)
[1ATeleop loop time: 33.34ms (30 Hz)
[1ATeleop loop time: 33.34ms (30 Hz)
[1ATeleop loop time: 33.34ms (30 Hz)
[1ATeleop loop time: 33.34ms (30 Hz)
[1ATeleop loop time: 33.34ms (30 Hz)
[1ATeleop loop time: 33.33ms (30 Hz)
[1ATeleop loop time: 33.34ms (30 Hz)
[1ATeleop loop time: 33.34ms (30 Hz)
[1ATeleop loop time: 33.35ms (30 Hz)
[1ATeleop loop time: 33.34ms (30 Hz)
[1ATeleop loop time: 33.34ms (30 Hz)
[1ATeleop loop time: 33.34ms (30 Hz)
[1ATeleop loop time: 33.34ms (30 Hz)
[1ATeleop loop time: 33.36ms (30 Hz)
[1ATeleop loop time: 33.34ms (30 Hz)
[1ATeleop loop time: 33.34ms (30 Hz)
[1ATeleop loop time: 33.34ms (30 Hz)
[1ATeleop loop time: 33.38ms (30 Hz)
[1ATeleop loop time: 33.37ms (30 Hz)
[1ATeleop loop time: 33.36ms (30 Hz)
[1ATeleop loop time: 33.34ms (30 Hz)
[1ATeleop loop time: 33.34ms (30 Hz)
[1ATeleop loop time: 33.34ms (30 Hz)
[1ATeleop loop time: 33.34ms (30 Hz)
[1ATeleop loop time: 33.34ms (30 Hz)
[1ATeleop loop time: 33.34ms (30 Hz)
[1ATeleop loop time: 33.34ms (30 Hz)
[1ATeleop loop time: 33.34ms (30 Hz)
[1ATeleop loop time: 33.35ms (30 Hz)
[1ATeleop loop time: 33.34ms (30 Hz)
[1ATeleop loop time: 33.34ms (30 Hz)
[1ATeleop loop time: 33.35ms (30 Hz)
[1ATeleop loop time: 33.34ms (30 Hz)
[1ATeleop loop time: 33.34ms (30 Hz)
[1ATeleop loop time: 33.34ms (30 Hz)
[1ATeleop loop time: 33.34ms (30 Hz)
[1ATeleop loop time: 33.37ms (30 Hz)
[1ATeleop loop time: 33.34ms (30 Hz)
[1ATeleop loop time: 33.38ms (30 Hz)
[1ATeleop loop time: 33.37ms (30 Hz)
[1ATeleop loop time: 33.34ms (30 Hz)
[1ATeleop loop time: 33.34ms (30 Hz)
[1ATeleop loop time: 33.35ms (30 Hz)
[1ATeleop loop time: 33.34ms (30 Hz)
[1ATeleop loop time: 33.34ms (30 Hz)
[1ATeleop loop time: 33.35ms (30 Hz)
[1ATeleop loop time: 33.34ms (30 Hz)
[1ATeleop loop time: 33.34ms (30 Hz)
[1ATeleop loop time: 33.34ms (30 Hz)
[1ATeleop loop time: 33.34ms (30 Hz)
[1ATeleop loop time: 33.34ms (30 Hz)
[1ATeleop loop time: 33.34ms (30 Hz)
[1ATeleop loop time: 33.34ms (30 Hz)
[1ATeleop loop time: 33.34ms (30 Hz)
[1ATeleop loop time: 33.34ms (30 Hz)
[1ATeleop loop time: 33.36ms (30 Hz)
[1ATeleop loop time: 33.34ms (30 Hz)
[1ATeleop loop time: 33.34ms (30 Hz)
[1ATeleop loop time: 33.34ms (30 Hz)
[1ATeleop loop time: 33.34ms (30 Hz)
[1ATeleop loop time: 33.34ms (30 Hz)
[1ATeleop loop time: 33.34ms (30 Hz)
[1ATeleop loop time: 33.34ms (30 Hz)
[1ATeleop loop time: 33.34ms (30 Hz)
[1ATeleop loop time: 33.34ms (30 Hz)
[1ATeleop loop time: 33.34ms (30 Hz)
[1ATeleop loop time: 33.35ms (30 Hz)
[1ATeleop loop time: 33.34ms (30 Hz)
[1ATeleop loop time: 33.35ms (30 Hz)
[1ATeleop loop time: 33.34ms (30 Hz)
[1ATeleop loop time: 33.34ms (30 Hz)
[1ATeleop loop time: 33.34ms (30 Hz)
[1ATeleop loop time: 33.34ms (30 Hz)
[1ATeleop loop time: 33.34ms (30 Hz)
[1ATeleop loop time: 33.35ms (30 Hz)
[1ATeleop loop time: 33.34ms (30 Hz)
[1ATeleop loop time: 33.34ms (30 Hz)
[1ATeleop loop time: 33.34ms (30 Hz)
[1ATeleop loop time: 33.34ms (30 Hz)
[1ATeleop loop time: 33.34ms (30 Hz)
[1ATeleop loop time: 33.34ms (30 Hz)
[1ATeleop loop time: 33.34ms (30 Hz)
[1ATeleop loop time: 33.34ms (30 Hz)
[1ATeleop loop time: 33.34ms (30 Hz)
[1ATeleop loop time: 33.34ms (30 Hz)
[1ATeleop loop time: 33.34ms (30 Hz)
[1ATeleop loop time: 33.34ms (30 Hz)
[1ATeleop loop time: 33.34ms (30 Hz)
[1ATeleop loop time: 33.34ms (30 Hz)
[1ATeleop loop time: 33.34ms (30 Hz)
[1ATeleop loop time: 33.34ms (30 Hz)
[1ATeleop loop time: 33.34ms (30 Hz)
[1ATeleop loop time: 33.34ms (30 Hz)
[1ATeleop loop time: 33.34ms (30 Hz)
[1ATeleop loop time: 33.34ms (30 Hz)
[1ATeleop loop time: 33.37ms (30 Hz)
[1ATeleop loop time: 33.37ms (30 Hz)
[1ATeleop loop time: 33.34ms (30 Hz)
[1ATeleop loop time: 33.37ms (30 Hz)
[1ATeleop loop time: 33.34ms (30 Hz)
[1ATeleop loop time: 33.35ms (30 Hz)
[1ATeleop loop time: 33.34ms (30 Hz)
[1ATeleop loop time: 33.34ms (30 Hz)
[1ATeleop loop time: 33.34ms (30 Hz)
[1ATeleop loop time: 33.34ms (30 Hz)
[1ATeleop loop time: 33.35ms (30 Hz)
[1ATeleop loop time: 33.34ms (30 Hz)
[1ATeleop loop time: 33.34ms (30 Hz)
[1ATeleop loop time: 33.34ms (30 Hz)
[1ATeleop loop time: 33.34ms (30 Hz)
[1ATeleop loop time: 33.34ms (30 Hz)
[1ATeleop loop time: 33.34ms (30 Hz)
[1ATeleop loop time: 33.34ms (30 Hz)
[1ATeleop loop time: 33.34ms (30 Hz)
[1ATeleop loop time: 33.34ms (30 Hz)
[1ATeleop loop time: 33.34ms (30 Hz)
[1ATeleop loop time: 33.34ms (30 Hz)
[1ATeleop loop time: 33.34ms (30 Hz)
[1ATeleop loop time: 33.34ms (30 Hz)
[1ATeleop loop time: 33.37ms (30 Hz)
[1ATeleop loop time: 33.34ms (30 Hz)
[1ATeleop loop time: 33.34ms (30 Hz)
[1ATeleop loop time: 33.35ms (30 Hz)
[1ATeleop loop time: 33.35ms (30 Hz)
[1ATeleop loop time: 33.34ms (30 Hz)
[1ATeleop loop time: 33.34ms (30 Hz)
[1ATeleop loop time: 33.34ms (30 Hz)
[1ATeleop loop time: 33.37ms (30 Hz)
[1ATeleop loop time: 33.34ms (30 Hz)
[1ATeleop loop time: 33.34ms (30 Hz)
[1ATeleop loop time: 33.33ms (30 Hz)
[1ATeleop loop time: 33.34ms (30 Hz)
[1ATeleop loop time: 33.34ms (30 Hz)
[1ATeleop loop time: 33.35ms (30 Hz)
[1ATeleop loop time: 33.50ms (30 Hz)
[1ATeleop loop time: 33.36ms (30 Hz)
[1ATeleop loop time: 33.36ms (30 Hz)
[1ATeleop loop time: 33.36ms (30 Hz)
[1ATeleop loop time: 33.35ms (30 Hz)
[1ATeleop loop time: 33.35ms (30 Hz)
[1ATeleop loop time: 33.35ms (30 Hz)
[1ATeleop loop time: 33.34ms (30 Hz)
[1ATeleop loop time: 33.34ms (30 Hz)
[1ATeleop loop time: 33.34ms (30 Hz)
[1ATeleop loop time: 33.35ms (30 Hz)
[1ATeleop loop time: 33.34ms (30 Hz)
[1ATeleop loop time: 33.34ms (30 Hz)
[1ATeleop loop time: 33.34ms (30 Hz)
[1ATeleop loop time: 33.34ms (30 Hz)
[1ATeleop loop time: 33.34ms (30 Hz)
[1ATeleop loop time: 33.35ms (30 Hz)
[1ATeleop loop time: 33.34ms (30 Hz)
[1ATeleop loop time: 33.33ms (30 Hz)
[1ATeleop loop time: 33.33ms (30 Hz)
[1ATeleop loop time: 33.34ms (30 Hz)
[1ATeleop loop time: 33.34ms (30 Hz)
[1ATeleop loop time: 33.34ms (30 Hz)
[1ATeleop loop time: 33.34ms (30 Hz)
[1ATeleop loop time: 33.34ms (30 Hz)
[1ATeleop loop time: 33.35ms (30 Hz)
[1ATeleop loop time: 33.34ms (30 Hz)
[1ATeleop loop time: 33.34ms (30 Hz)
[1ATeleop loop time: 33.34ms (30 Hz)
[1ATeleop loop time: 33.34ms (30 Hz)
[1ATeleop loop time: 33.34ms (30 Hz)
[1ATeleop loop time: 33.36ms (30 Hz)
[1ATeleop loop time: 33.36ms (30 Hz)
[1ATeleop loop time: 33.34ms (30 Hz)
[1ATeleop loop time: 33.41ms (30 Hz)
[1ATeleop loop time: 33.34ms (30 Hz)
[1ATeleop loop time: 33.34ms (30 Hz)
[1ATeleop loop time: 33.34ms (30 Hz)
[1ATeleop loop time: 33.34ms (30 Hz)
[1ATeleop loop time: 33.34ms (30 Hz)
[1ATeleop loop time: 33.38ms (30 Hz)
[1ATeleop loop time: 33.35ms (30 Hz)
[1ATeleop loop time: 33.34ms (30 Hz)
[1ATeleop loop time: 33.37ms (30 Hz)
[1ATeleop loop time: 33.34ms (30 Hz)
[1ATeleop loop time: 33.37ms (30 Hz)
[1ATeleop loop time: 33.37ms (30 Hz)
[1ATeleop loop time: 33.34ms (30 Hz)
[1ATeleop loop time: 33.36ms (30 Hz)
[1ATeleop loop time: 33.33ms (30 Hz)
[1ATeleop loop time: 33.34ms (30 Hz)
[1ATeleop loop time: 33.36ms (30 Hz)
[1ATeleop loop time: 33.34ms (30 Hz)
[1ATeleop loop time: 33.44ms (30 Hz)
[1ATeleop loop time: 33.34ms (30 Hz)
[1ATeleop loop time: 33.36ms (30 Hz)
[1ATeleop loop time: 33.37ms (30 Hz)
[1ATeleop loop time: 33.37ms (30 Hz)
[1ATeleop loop time: 33.34ms (30 Hz)
[1ATeleop loop time: 33.34ms (30 Hz)
[1ATeleop loop time: 33.34ms (30 Hz)
[1ATeleop loop time: 33.34ms (30 Hz)
[1ATeleop loop time: 33.34ms (30 Hz)
[1ATeleop loop time: 33.34ms (30 Hz)
[1ATeleop loop time: 33.34ms (30 Hz)
[1ATeleop loop time: 33.37ms (30 Hz)
[1ATeleop loop time: 33.37ms (30 Hz)
[1ATeleop loop time: 33.34ms (30 Hz)
[1ATeleop loop time: 33.34ms (30 Hz)
[1ATeleop loop time: 33.36ms (30 Hz)
[1ATeleop loop time: 33.36ms (30 Hz)
[1ATeleop loop time: 33.34ms (30 Hz)
[1ATeleop loop time: 33.35ms (30 Hz)
[1ATeleop loop time: 33.36ms (30 Hz)
[1ATeleop loop time: 33.34ms (30 Hz)
[1ATeleop loop time: 33.34ms (30 Hz)
[1ATeleop loop time: 33.36ms (30 Hz)
[1ATeleop loop time: 33.35ms (30 Hz)
[1ATeleop loop time: 33.35ms (30 Hz)
[1ATeleop loop time: 36.83ms (27 Hz)
[1ATeleop loop time: 33.35ms (30 Hz)
[1ATeleop loop time: 33.34ms (30 Hz)
[1ATeleop loop time: 33.75ms (30 Hz)
[1ATeleop loop time: 33.35ms (30 Hz)
[1ATeleop loop time: 33.34ms (30 Hz)
[1ATeleop loop time: 33.34ms (30 Hz)
[1ATeleop loop time: 33.34ms (30 Hz)
[1ATeleop loop time: 33.35ms (30 Hz)
[1ATeleop loop time: 33.34ms (30 Hz)
[1ATeleop loop time: 33.34ms (30 Hz)
[1ATeleop loop time: 33.34ms (30 Hz)
[1ATeleop loop time: 33.34ms (30 Hz)
[1ATeleop loop time: 33.34ms (30 Hz)
[1ATeleop loop time: 33.34ms (30 Hz)
[1ATeleop loop time: 33.34ms (30 Hz)
[1ATeleop loop time: 33.34ms (30 Hz)
[1ATeleop loop time: 33.34ms (30 Hz)
[1ATeleop loop time: 33.34ms (30 Hz)
[1ATeleop loop time: 33.34ms (30 Hz)
[1ATeleop loop time: 33.34ms (30 Hz)
[1ATeleop loop time: 33.34ms (30 Hz)
[1ATeleop loop time: 33.34ms (30 Hz)
[1ATeleop loop time: 33.36ms (30 Hz)
[1ATeleop loop time: 33.34ms (30 Hz)
[1ATeleop loop time: 33.36ms (30 Hz)
[1ATeleop loop time: 33.36ms (30 Hz)
[1ATeleop loop time: 33.34ms (30 Hz)
[1ATeleop loop time: 33.35ms (30 Hz)
[1ATeleop loop time: 33.34ms (30 Hz)
[1ATeleop loop time: 33.34ms (30 Hz)
[1ATeleop loop time: 33.34ms (30 Hz)
[1ATeleop loop time: 33.34ms (30 Hz)
[1ATeleop loop time: 33.34ms (30 Hz)
[1ATeleop loop time: 33.34ms (30 Hz)
[1ATeleop loop time: 33.34ms (30 Hz)
[1ATeleop loop time: 33.34ms (30 Hz)
[1ATeleop loop time: 33.34ms (30 Hz)
[1ATeleop loop time: 33.34ms (30 Hz)
[1ATeleop loop time: 33.34ms (30 Hz)
[1ATeleop loop time: 33.34ms (30 Hz)
[1ATeleop loop time: 33.34ms (30 Hz)
[1ATeleop loop time: 33.34ms (30 Hz)
[1ATeleop loop time: 33.34ms (30 Hz)
[1ATeleop loop time: 33.34ms (30 Hz)
[1ATeleop loop time: 33.34ms (30 Hz)
[1ATeleop loop time: 33.34ms (30 Hz)
[1ATeleop loop time: 33.34ms (30 Hz)
[1ATeleop loop time: 33.34ms (30 Hz)
[1ATeleop loop time: 33.34ms (30 Hz)
[1ATeleop loop time: 33.34ms (30 Hz)
[1ATeleop loop time: 33.34ms (30 Hz)
[1ATeleop loop time: 33.34ms (30 Hz)
[1ATeleop loop time: 33.34ms (30 Hz)
[1ATeleop loop time: 33.34ms (30 Hz)
[1ATeleop loop time: 33.33ms (30 Hz)
[1ATeleop loop time: 33.37ms (30 Hz)
[1ATeleop loop time: 33.34ms (30 Hz)
[1ATeleop loop time: 33.35ms (30 Hz)
[1ATeleop loop time: 33.34ms (30 Hz)
[1ATeleop loop time: 33.34ms (30 Hz)
[1ATeleop loop time: 33.34ms (30 Hz)
[1ATeleop loop time: 33.34ms (30 Hz)
[1ATeleop loop time: 44.84ms (22 Hz)
[1ATeleop loop time: 33.61ms (30 Hz)
[1ATeleop loop time: 34.50ms (29 Hz)
[1ATeleop loop time: 33.34ms (30 Hz)
[1ATeleop loop time: 33.34ms (30 Hz)
[1ATeleop loop time: 33.34ms (30 Hz)
[1ATeleop loop time: 33.34ms (30 Hz)
[1ATeleop loop time: 33.34ms (30 Hz)
[1ATeleop loop time: 33.34ms (30 Hz)
[1ATeleop loop time: 33.34ms (30 Hz)
[1ATeleop loop time: 33.37ms (30 Hz)
[1ATeleop loop time: 33.36ms (30 Hz)
[1ATeleop loop time: 33.34ms (30 Hz)
[1ATeleop loop time: 33.34ms (30 Hz)
[1ATeleop loop time: 33.36ms (30 Hz)
[1ATeleop loop time: 33.36ms (30 Hz)
[1ATeleop loop time: 33.36ms (30 Hz)
[1ATeleop loop time: 33.34ms (30 Hz)
[1ATeleop loop time: 33.35ms (30 Hz)
[1ATeleop loop time: 33.34ms (30 Hz)
[1ATeleop loop time: 33.34ms (30 Hz)
[1ATeleop loop time: 33.35ms (30 Hz)
[1ATeleop loop time: 33.34ms (30 Hz)
[1ATeleop loop time: 33.35ms (30 Hz)
[1ATeleop loop time: 33.34ms (30 Hz)
[1ATeleop loop time: 33.34ms (30 Hz)
[1ATeleop loop time: 33.34ms (30 Hz)
[1ATeleop loop time: 33.34ms (30 Hz)
[1ATeleop loop time: 33.34ms (30 Hz)
[1ATeleop loop time: 33.34ms (30 Hz)
[1ATeleop loop time: 33.34ms (30 Hz)
[1ATeleop loop time: 33.34ms (30 Hz)
[1ATeleop loop time: 33.37ms (30 Hz)
[1ATeleop loop time: 33.34ms (30 Hz)
[1ATeleop loop time: 33.34ms (30 Hz)
[1ATeleop loop time: 33.35ms (30 Hz)
[1ATeleop loop time: 33.37ms (30 Hz)
[1ATeleop loop time: 33.34ms (30 Hz)
[1ATeleop loop time: 33.34ms (30 Hz)
[1ATeleop loop time: 33.35ms (30 Hz)
[1ATeleop loop time: 33.35ms (30 Hz)
[1ATeleop loop time: 33.36ms (30 Hz)
[1ATeleop loop time: 33.34ms (30 Hz)
[1ATeleop loop time: 33.34ms (30 Hz)
[1ATeleop loop time: 33.42ms (30 Hz)
[1ATeleop loop time: 33.34ms (30 Hz)
[1ATeleop loop time: 33.34ms (30 Hz)
[1ATeleop loop time: 33.34ms (30 Hz)
[1ATeleop loop time: 33.34ms (30 Hz)
[1ATeleop loop time: 33.34ms (30 Hz)
[1ATeleop loop time: 33.34ms (30 Hz)
[1ATeleop loop time: 33.34ms (30 Hz)
[1ATeleop loop time: 33.34ms (30 Hz)
[1ATeleop loop time: 33.36ms (30 Hz)
[1ATeleop loop time: 33.34ms (30 Hz)
[1ATeleop loop time: 33.35ms (30 Hz)
[1ATeleop loop time: 33.34ms (30 Hz)
[1ATeleop loop time: 33.35ms (30 Hz)
[1ATeleop loop time: 33.34ms (30 Hz)
[1ATeleop loop time: 33.34ms (30 Hz)
[1ATeleop loop time: 33.34ms (30 Hz)
[1ATeleop loop time: 33.35ms (30 Hz)
[1ATeleop loop time: 33.42ms (30 Hz)
[1ATeleop loop time: 33.34ms (30 Hz)
[1ATeleop loop time: 33.34ms (30 Hz)
[1ATeleop loop time: 33.34ms (30 Hz)
[1ATeleop loop time: 33.34ms (30 Hz)
[1ATeleop loop time: 33.36ms (30 Hz)
[1ATeleop loop time: 33.34ms (30 Hz)
[1ATeleop loop time: 33.34ms (30 Hz)
[1ATeleop loop time: 33.36ms (30 Hz)
[1ATeleop loop time: 33.35ms (30 Hz)
[1ATeleop loop time: 33.35ms (30 Hz)
[1ATeleop loop time: 33.34ms (30 Hz)
[1ATeleop loop time: 33.34ms (30 Hz)
[1ATeleop loop time: 33.34ms (30 Hz)
[1ATeleop loop time: 33.34ms (30 Hz)
[1ATeleop loop time: 33.34ms (30 Hz)
[1ATeleop loop time: 33.34ms (30 Hz)
[1ATeleop loop time: 33.34ms (30 Hz)
[1ATeleop loop time: 33.34ms (30 Hz)
[1ATeleop loop time: 33.34ms (30 Hz)
[1ATeleop loop time: 33.34ms (30 Hz)
[1ATeleop loop time: 33.34ms (30 Hz)
[1ATeleop loop time: 33.34ms (30 Hz)
[1ATeleop loop time: 33.34ms (30 Hz)
[1ATeleop loop time: 33.34ms (30 Hz)
[1ATeleop loop time: 33.34ms (30 Hz)
[1ATeleop loop time: 33.34ms (30 Hz)
[1ATeleop loop time: 33.34ms (30 Hz)
[1ATeleop loop time: 33.34ms (30 Hz)
[1ATeleop loop time: 33.34ms (30 Hz)
[1ATeleop loop time: 33.34ms (30 Hz)
[1ATeleop loop time: 33.34ms (30 Hz)
[1ATeleop loop time: 33.34ms (30 Hz)
[1ATeleop loop time: 33.36ms (30 Hz)
[1ATeleop loop time: 33.35ms (30 Hz)
[1ATeleop loop time: 33.34ms (30 Hz)
[1ATeleop loop time: 33.34ms (30 Hz)
[1ATeleop loop time: 33.34ms (30 Hz)
[1ATeleop loop time: 33.34ms (30 Hz)
[1ATeleop loop time: 33.34ms (30 Hz)
[1ATeleop loop time: 33.37ms (30 Hz)
[1ATeleop loop time: 33.34ms (30 Hz)
[1ATeleop loop time: 33.36ms (30 Hz)
[1ATeleop loop time: 33.36ms (30 Hz)
[1ATeleop loop time: 33.34ms (30 Hz)
[1ATeleop loop time: 33.36ms (30 Hz)
[1ATeleop loop time: 33.33ms (30 Hz)
[1ATeleop loop time: 33.34ms (30 Hz)
[1ATeleop loop time: 33.34ms (30 Hz)
[1ATeleop loop time: 33.34ms (30 Hz)
[1ATeleop loop time: 33.34ms (30 Hz)
[1ATeleop loop time: 33.34ms (30 Hz)
[1ATeleop loop time: 33.34ms (30 Hz)
[1ATeleop loop time: 33.34ms (30 Hz)
[1ATeleop loop time: 33.34ms (30 Hz)
[1ATeleop loop time: 33.34ms (30 Hz)
[1ATeleop loop time: 33.34ms (30 Hz)
[1ATeleop loop time: 33.34ms (30 Hz)
[1ATeleop loop time: 33.34ms (30 Hz)
[1ATeleop loop time: 33.34ms (30 Hz)
[1ATeleop loop time: 33.36ms (30 Hz)
[1ATeleop loop time: 33.34ms (30 Hz)
[1ATeleop loop time: 33.34ms (30 Hz)
[1ATeleop loop time: 33.34ms (30 Hz)
[1ATeleop loop time: 33.35ms (30 Hz)
[1ATeleop loop time: 33.34ms (30 Hz)
[1ATeleop loop time: 33.34ms (30 Hz)
[1ATeleop loop time: 33.34ms (30 Hz)
[1ATeleop loop time: 33.36ms (30 Hz)
[1ATeleop loop time: 33.34ms (30 Hz)
[1ATeleop loop time: 33.34ms (30 Hz)
[1ATeleop loop time: 33.34ms (30 Hz)
[1ATeleop loop time: 33.34ms (30 Hz)
[1ATeleop loop time: 33.34ms (30 Hz)
[1ATeleop loop time: 33.35ms (30 Hz)
[1ATeleop loop time: 33.34ms (30 Hz)
[1ATeleop loop time: 33.34ms (30 Hz)
[1ATeleop loop time: 33.34ms (30 Hz)
[1ATeleop loop time: 33.34ms (30 Hz)
[1ATeleop loop time: 33.34ms (30 Hz)
[1ATeleop loop time: 33.34ms (30 Hz)
[1ATeleop loop time: 33.34ms (30 Hz)
[1ATeleop loop time: 33.34ms (30 Hz)
[1ATeleop loop time: 33.38ms (30 Hz)
[1ATeleop loop time: 33.34ms (30 Hz)
[1ATeleop loop time: 33.34ms (30 Hz)
[1ATeleop loop time: 33.34ms (30 Hz)
[1ATeleop loop time: 33.34ms (30 Hz)
[1ATeleop loop time: 33.34ms (30 Hz)
[1ATeleop loop time: 33.38ms (30 Hz)
[1ATeleop loop time: 33.34ms (30 Hz)
[1ATeleop loop time: 33.34ms (30 Hz)
[1ATeleop loop time: 33.34ms (30 Hz)
[1ATeleop loop time: 33.34ms (30 Hz)
[1ATeleop loop time: 33.34ms (30 Hz)
[1ATeleop loop time: 33.34ms (30 Hz)
[1ATeleop loop time: 33.34ms (30 Hz)
[1ATeleop loop time: 33.34ms (30 Hz)
[1ATeleop loop time: 33.36ms (30 Hz)
[1ATeleop loop time: 33.34ms (30 Hz)
[1ATeleop loop time: 33.34ms (30 Hz)
[1ATeleop loop time: 33.33ms (30 Hz)
[1ATeleop loop time: 33.34ms (30 Hz)
[1ATeleop loop time: 33.34ms (30 Hz)
[1ATeleop loop time: 33.34ms (30 Hz)
[1ATeleop loop time: 33.34ms (30 Hz)
[1ATeleop loop time: 33.34ms (30 Hz)
[1ATeleop loop time: 33.34ms (30 Hz)
[1ATeleop loop time: 33.34ms (30 Hz)
[1ATeleop loop time: 33.34ms (30 Hz)
[1ATeleop loop time: 33.34ms (30 Hz)
[1ATeleop loop time: 33.34ms (30 Hz)
[1ATeleop loop time: 33.34ms (30 Hz)
[1ATeleop loop time: 33.34ms (30 Hz)
[1ATeleop loop time: 33.35ms (30 Hz)
[1ATeleop loop time: 33.34ms (30 Hz)
[1ATeleop loop time: 33.34ms (30 Hz)
[1ATeleop loop time: 33.34ms (30 Hz)
[1ATeleop loop time: 33.34ms (30 Hz)
[1ATeleop loop time: 33.34ms (30 Hz)
[1ATeleop loop time: 33.34ms (30 Hz)
[1ATeleop loop time: 33.34ms (30 Hz)
[1ATeleop loop time: 33.34ms (30 Hz)
[1ATeleop loop time: 33.34ms (30 Hz)
[1ATeleop loop time: 33.36ms (30 Hz)
[1ATeleop loop time: 33.36ms (30 Hz)
[1ATeleop loop time: 33.34ms (30 Hz)
[1ATeleop loop time: 33.34ms (30 Hz)
[1ATeleop loop time: 33.36ms (30 Hz)
[1ATeleop loop time: 33.34ms (30 Hz)
[1ATeleop loop time: 33.35ms (30 Hz)
[1ATeleop loop time: 33.35ms (30 Hz)
[1ATeleop loop time: 33.34ms (30 Hz)
[1ATeleop loop time: 33.34ms (30 Hz)
[1ATeleop loop time: 33.34ms (30 Hz)
[1ATeleop loop time: 33.40ms (30 Hz)
[1ATeleop loop time: 33.38ms (30 Hz)
[1ATeleop loop time: 33.34ms (30 Hz)
[1ATeleop loop time: 33.34ms (30 Hz)
[1ATeleop loop time: 33.34ms (30 Hz)
[1ATeleop loop time: 33.34ms (30 Hz)
[1ATeleop loop time: 33.34ms (30 Hz)
[1ATeleop loop time: 33.34ms (30 Hz)
[1ATeleop loop time: 33.34ms (30 Hz)
[1ATeleop loop time: 33.36ms (30 Hz)
[1ATeleop loop time: 33.34ms (30 Hz)
[1ATeleop loop time: 33.35ms (30 Hz)
[1ATeleop loop time: 33.34ms (30 Hz)
[1ATeleop loop time: 33.33ms (30 Hz)
[1ATeleop loop time: 33.34ms (30 Hz)
[1ATeleop loop time: 33.35ms (30 Hz)
[1ATeleop loop time: 33.34ms (30 Hz)
[1ATeleop loop time: 33.34ms (30 Hz)
[1ATeleop loop time: 33.35ms (30 Hz)
[1ATeleop loop time: 33.37ms (30 Hz)
[1ATeleop loop time: 33.34ms (30 Hz)
[1ATeleop loop time: 33.36ms (30 Hz)
[1ATeleop loop time: 33.36ms (30 Hz)
[1ATeleop loop time: 33.36ms (30 Hz)
[1ATeleop loop time: 33.36ms (30 Hz)
[1ATeleop loop time: 33.36ms (30 Hz)
[1ATeleop loop time: 33.34ms (30 Hz)
[1ATeleop loop time: 33.34ms (30 Hz)
[1ATeleop loop time: 33.34ms (30 Hz)
[1ATeleop loop time: 33.36ms (30 Hz)
[1ATeleop loop time: 33.35ms (30 Hz)
[1ATeleop loop time: 33.37ms (30 Hz)
[1ATeleop loop time: 33.38ms (30 Hz)
[1ATeleop loop time: 33.37ms (30 Hz)
[1ATeleop loop time: 33.34ms (30 Hz)
[1ATeleop loop time: 33.41ms (30 Hz)
[1ATeleop loop time: 33.36ms (30 Hz)
[1ATeleop loop time: 33.34ms (30 Hz)
[1ATeleop loop time: 33.34ms (30 Hz)
[1ATeleop loop time: 33.34ms (30 Hz)
[1ATeleop loop time: 33.34ms (30 Hz)
[1ATeleop loop time: 33.35ms (30 Hz)
[1ATeleop loop time: 33.36ms (30 Hz)
[1ATeleop loop time: 33.35ms (30 Hz)
[1ATeleop loop time: 33.36ms (30 Hz)
[1ATeleop loop time: 33.34ms (30 Hz)
[1ATeleop loop time: 33.34ms (30 Hz)
[1ATeleop loop time: 33.37ms (30 Hz)
[1ATeleop loop time: 33.38ms (30 Hz)
[1ATeleop loop time: 33.34ms (30 Hz)
[1ATeleop loop time: 33.37ms (30 Hz)
[1ATeleop loop time: 33.37ms (30 Hz)
[1ATeleop loop time: 33.34ms (30 Hz)
[1ATeleop loop time: 33.34ms (30 Hz)
[1ATeleop loop time: 33.36ms (30 Hz)
[1ATeleop loop time: 33.34ms (30 Hz)
[1ATeleop loop time: 33.35ms (30 Hz)
[1ATeleop loop time: 33.36ms (30 Hz)
[1ATeleop loop time: 33.34ms (30 Hz)
[1ATeleop loop time: 33.38ms (30 Hz)
[1ATeleop loop time: 33.34ms (30 Hz)
[1ATeleop loop time: 33.34ms (30 Hz)
[1ATeleop loop time: 33.34ms (30 Hz)
[1ATeleop loop time: 33.35ms (30 Hz)
[1ATeleop loop time: 33.34ms (30 Hz)
[1ATeleop loop time: 33.34ms (30 Hz)
[1ATeleop loop time: 33.34ms (30 Hz)
[1ATeleop loop time: 33.43ms (30 Hz)
[1ATeleop loop time: 33.35ms (30 Hz)
[1ATeleop loop time: 33.34ms (30 Hz)
[1ATeleop loop time: 33.34ms (30 Hz)
[1ATeleop loop time: 33.34ms (30 Hz)
[1ATeleop loop time: 33.34ms (30 Hz)
[1ATeleop loop time: 33.34ms (30 Hz)
[1ATeleop loop time: 33.35ms (30 Hz)
[1ATeleop loop time: 33.34ms (30 Hz)
[1ATeleop loop time: 33.34ms (30 Hz)
[1ATeleop loop time: 33.34ms (30 Hz)
[1ATeleop loop time: 33.35ms (30 Hz)
[1ATeleop loop time: 33.37ms (30 Hz)
[1ATeleop loop time: 33.40ms (30 Hz)
[1ATeleop loop time: 33.35ms (30 Hz)
[1ATeleop loop time: 33.34ms (30 Hz)
[1ATeleop loop time: 33.41ms (30 Hz)
[1ATeleop loop time: 33.34ms (30 Hz)
[1ATeleop loop time: 33.35ms (30 Hz)
[1ATeleop loop time: 33.36ms (30 Hz)
[1ATeleop loop time: 33.34ms (30 Hz)
[1ATeleop loop time: 33.34ms (30 Hz)
[1ATeleop loop time: 33.34ms (30 Hz)
[1ATeleop loop time: 33.36ms (30 Hz)
[1ATeleop loop time: 33.34ms (30 Hz)
[1ATeleop loop time: 33.34ms (30 Hz)
[1ATeleop loop time: 33.34ms (30 Hz)
[1ATeleop loop time: 33.36ms (30 Hz)
[1ATeleop loop time: 33.34ms (30 Hz)
[1ATeleop loop time: 33.34ms (30 Hz)
[1ATeleop loop time: 33.34ms (30 Hz)
[1ATeleop loop time: 33.34ms (30 Hz)
[1ATeleop loop time: 33.34ms (30 Hz)
[1ATeleop loop time: 33.34ms (30 Hz)
[1ATeleop loop time: 33.34ms (30 Hz)
[1ATeleop loop time: 33.34ms (30 Hz)
[1ATeleop loop time: 33.36ms (30 Hz)
[1ATeleop loop time: 33.34ms (30 Hz)
[1ATeleop loop time: 33.34ms (30 Hz)
[1ATeleop loop time: 33.34ms (30 Hz)
[1ATeleop loop time: 33.34ms (30 Hz)
[1ATeleop loop time: 33.34ms (30 Hz)
[1ATeleop loop time: 33.34ms (30 Hz)
[1ATeleop loop time: 33.34ms (30 Hz)
[1ATeleop loop time: 33.34ms (30 Hz)
[1ATeleop loop time: 33.34ms (30 Hz)
[1ATeleop loop time: 33.34ms (30 Hz)
[1ATeleop loop time: 33.34ms (30 Hz)
[1ATeleop loop time: 33.35ms (30 Hz)
[1ATeleop loop time: 33.34ms (30 Hz)
[1ATeleop loop time: 33.39ms (30 Hz)
[1ATeleop loop time: 33.34ms (30 Hz)
[1ATeleop loop time: 33.34ms (30 Hz)
[1ATeleop loop time: 33.34ms (30 Hz)
[1ATeleop loop time: 33.34ms (30 Hz)
[1ATeleop loop time: 33.34ms (30 Hz)
[1ATeleop loop time: 33.34ms (30 Hz)
[1ATeleop loop time: 33.36ms (30 Hz)
[1ATeleop loop time: 33.34ms (30 Hz)
[1ATeleop loop time: 33.34ms (30 Hz)
[1ATeleop loop time: 33.35ms (30 Hz)
[1ATeleop loop time: 33.34ms (30 Hz)
[1ATeleop loop time: 34.29ms (29 Hz)
[1ATeleop loop time: 33.35ms (30 Hz)
[1ATeleop loop time: 33.38ms (30 Hz)
[1ATeleop loop time: 33.37ms (30 Hz)
[1ATeleop loop time: 33.34ms (30 Hz)
[1ATeleop loop time: 33.34ms (30 Hz)
[1ATeleop loop time: 33.34ms (30 Hz)
[1ATeleop loop time: 33.34ms (30 Hz)
[1ATeleop loop time: 33.34ms (30 Hz)
[1ATeleop loop time: 33.37ms (30 Hz)
[1ATeleop loop time: 33.34ms (30 Hz)
[1ATeleop loop time: 33.34ms (30 Hz)
[1ATeleop loop time: 33.34ms (30 Hz)
[1ATeleop loop time: 33.34ms (30 Hz)
[1ATeleop loop time: 33.34ms (30 Hz)
[1ATeleop loop time: 33.34ms (30 Hz)
[1ATeleop loop time: 33.34ms (30 Hz)
[1ATeleop loop time: 33.34ms (30 Hz)
[1ATeleop loop time: 33.34ms (30 Hz)
[1ATeleop loop time: 33.36ms (30 Hz)
[1ATeleop loop time: 33.34ms (30 Hz)
[1ATeleop loop time: 33.37ms (30 Hz)
[1ATeleop loop time: 33.34ms (30 Hz)
[1ATeleop loop time: 33.34ms (30 Hz)
[1ATeleop loop time: 33.34ms (30 Hz)
[1ATeleop loop time: 33.38ms (30 Hz)
[1ATeleop loop time: 33.34ms (30 Hz)
[1ATeleop loop time: 33.34ms (30 Hz)
[1ATeleop loop time: 33.34ms (30 Hz)
[1ATeleop loop time: 33.34ms (30 Hz)
[1ATeleop loop time: 33.34ms (30 Hz)
[1ATeleop loop time: 33.38ms (30 Hz)
[1ATeleop loop time: 33.35ms (30 Hz)
[1ATeleop loop time: 33.37ms (30 Hz)
[1ATeleop loop time: 33.34ms (30 Hz)
[1ATeleop loop time: 33.34ms (30 Hz)
[1ATeleop loop time: 33.36ms (30 Hz)
[1ATeleop loop time: 33.35ms (30 Hz)
[1ATeleop loop time: 33.34ms (30 Hz)
[1ATeleop loop time: 33.36ms (30 Hz)
[1ATeleop loop time: 33.34ms (30 Hz)
[1ATeleop loop time: 33.34ms (30 Hz)
[1ATeleop loop time: 33.34ms (30 Hz)
[1ATeleop loop time: 33.34ms (30 Hz)
[1ATeleop loop time: 33.34ms (30 Hz)
[1ATeleop loop time: 33.34ms (30 Hz)
[1ATeleop loop time: 33.34ms (30 Hz)
[1ATeleop loop time: 33.34ms (30 Hz)
[1ATeleop loop time: 33.34ms (30 Hz)
[1ATeleop loop time: 33.37ms (30 Hz)
[1ATeleop loop time: 33.34ms (30 Hz)
[1ATeleop loop time: 33.37ms (30 Hz)
[1ATeleop loop time: 33.35ms (30 Hz)
[1ATeleop loop time: 33.34ms (30 Hz)
[1ATeleop loop time: 33.37ms (30 Hz)
[1ATeleop loop time: 33.34ms (30 Hz)
[1ATeleop loop time: 33.34ms (30 Hz)
[1ATeleop loop time: 33.34ms (30 Hz)
[1ATeleop loop time: 33.35ms (30 Hz)
[1ATeleop loop time: 33.34ms (30 Hz)
[1ATeleop loop time: 33.34ms (30 Hz)
[1ATeleop loop time: 33.34ms (30 Hz)
[1ATeleop loop time: 33.34ms (30 Hz)
[1ATeleop loop time: 33.36ms (30 Hz)
[1ATeleop loop time: 33.34ms (30 Hz)
[1ATeleop loop time: 33.34ms (30 Hz)
[1ATeleop loop time: 33.34ms (30 Hz)
[1ATeleop loop time: 33.34ms (30 Hz)
[1ATeleop loop time: 33.34ms (30 Hz)
[1ATeleop loop time: 33.34ms (30 Hz)
[1ATeleop loop time: 33.34ms (30 Hz)
[1ATeleop loop time: 33.34ms (30 Hz)
[1ATeleop loop time: 33.34ms (30 Hz)
[1ATeleop loop time: 33.34ms (30 Hz)
[1ATeleop loop time: 33.34ms (30 Hz)
[1ATeleop loop time: 33.34ms (30 Hz)
[1ATeleop loop time: 33.36ms (30 Hz)
[1ATeleop loop time: 33.34ms (30 Hz)
[1ATeleop loop time: 33.37ms (30 Hz)
[1ATeleop loop time: 33.34ms (30 Hz)
[1ATeleop loop time: 33.38ms (30 Hz)
[1ATeleop loop time: 33.35ms (30 Hz)
[1ATeleop loop time: 33.34ms (30 Hz)
[1ATeleop loop time: 33.35ms (30 Hz)
[1ATeleop loop time: 33.37ms (30 Hz)
[1ATeleop loop time: 33.36ms (30 Hz)
[1ATeleop loop time: 33.34ms (30 Hz)
[1ATeleop loop time: 33.34ms (30 Hz)
[1ATeleop loop time: 33.34ms (30 Hz)
[1ATeleop loop time: 33.34ms (30 Hz)
[1ATeleop loop time: 33.34ms (30 Hz)
[1ATeleop loop time: 33.34ms (30 Hz)
[1ATeleop loop time: 33.34ms (30 Hz)
[1ATeleop loop time: 33.34ms (30 Hz)
[1ATeleop loop time: 33.34ms (30 Hz)
[1ATeleop loop time: 33.34ms (30 Hz)
[1ATeleop loop time: 33.34ms (30 Hz)
[1ATeleop loop time: 33.34ms (30 Hz)
[1ATeleop loop time: 33.34ms (30 Hz)
[1ATeleop loop time: 33.36ms (30 Hz)
[1ATeleop loop time: 33.38ms (30 Hz)
[1ATeleop loop time: 33.34ms (30 Hz)
[1ATeleop loop time: 33.34ms (30 Hz)
[1ATeleop loop time: 33.34ms (30 Hz)
[1ATeleop loop time: 33.34ms (30 Hz)
[1ATeleop loop time: 33.37ms (30 Hz)
[1ATeleop loop time: 33.35ms (30 Hz)
[1ATeleop loop time: 33.35ms (30 Hz)
[1ATeleop loop time: 33.34ms (30 Hz)
[1ATeleop loop time: 33.36ms (30 Hz)
[1ATeleop loop time: 33.36ms (30 Hz)
[1ATeleop loop time: 33.34ms (30 Hz)
[1ATeleop loop time: 33.34ms (30 Hz)
[1ATeleop loop time: 33.34ms (30 Hz)
[1ATeleop loop time: 33.34ms (30 Hz)
[1ATeleop loop time: 33.34ms (30 Hz)
[1ATeleop loop time: 33.34ms (30 Hz)
[1ATeleop loop time: 33.34ms (30 Hz)
[1ATeleop loop time: 33.34ms (30 Hz)
[1ATeleop loop time: 33.34ms (30 Hz)
[1ATeleop loop time: 33.34ms (30 Hz)
[1ATeleop loop time: 33.34ms (30 Hz)
[1ATeleop loop time: 33.36ms (30 Hz)
[1ATeleop loop time: 33.34ms (30 Hz)
[1ATeleop loop time: 33.34ms (30 Hz)
[1ATeleop loop time: 33.35ms (30 Hz)
[1ATeleop loop time: 33.34ms (30 Hz)
[1ATeleop loop time: 33.36ms (30 Hz)
[1ATeleop loop time: 33.34ms (30 Hz)
[1ATeleop loop time: 33.34ms (30 Hz)
[1ATeleop loop time: 33.38ms (30 Hz)
[1ATeleop loop time: 33.38ms (30 Hz)
[1ATeleop loop time: 33.34ms (30 Hz)
[1ATeleop loop time: 33.34ms (30 Hz)
[1ATeleop loop time: 33.37ms (30 Hz)
[1ATeleop loop time: 33.37ms (30 Hz)
[1ATeleop loop time: 33.37ms (30 Hz)
[1ATeleop loop time: 33.35ms (30 Hz)
[1ATeleop loop time: 33.35ms (30 Hz)
[1ATeleop loop time: 33.35ms (30 Hz)
[1ATeleop loop time: 33.34ms (30 Hz)
[1ATeleop loop time: 33.34ms (30 Hz)
[1ATeleop loop time: 33.35ms (30 Hz)
[1ATeleop loop time: 33.34ms (30 Hz)
[1ATeleop loop time: 33.34ms (30 Hz)
[1ATeleop loop time: 33.35ms (30 Hz)
[1ATeleop loop time: 33.36ms (30 Hz)
[1ATeleop loop time: 33.34ms (30 Hz)
[1ATeleop loop time: 33.36ms (30 Hz)
[1ATeleop loop time: 33.36ms (30 Hz)
[1ATeleop loop time: 33.34ms (30 Hz)
[1ATeleop loop time: 33.34ms (30 Hz)
[1ATeleop loop time: 33.35ms (30 Hz)
[1ATeleop loop time: 33.34ms (30 Hz)
[1ATeleop loop time: 33.34ms (30 Hz)
[1ATeleop loop time: 33.37ms (30 Hz)
[1ATeleop loop time: 33.36ms (30 Hz)
[1ATeleop loop time: 33.34ms (30 Hz)
[1ATeleop loop time: 33.34ms (30 Hz)
[1ATeleop loop time: 33.34ms (30 Hz)
[1ATeleop loop time: 33.34ms (30 Hz)
[1ATeleop loop time: 33.35ms (30 Hz)
[1ATeleop loop time: 33.34ms (30 Hz)
[1ATeleop loop time: 33.34ms (30 Hz)
[1ATeleop loop time: 33.34ms (30 Hz)
[1ATeleop loop time: 33.34ms (30 Hz)
[1ATeleop loop time: 33.35ms (30 Hz)
[1ATeleop loop time: 33.36ms (30 Hz)
[1ATeleop loop time: 33.34ms (30 Hz)
[1ATeleop loop time: 33.34ms (30 Hz)
[1ATeleop loop time: 33.35ms (30 Hz)
[1ATeleop loop time: 33.34ms (30 Hz)
[1ATeleop loop time: 33.36ms (30 Hz)
[1ATeleop loop time: 33.38ms (30 Hz)
[1ATeleop loop time: 33.34ms (30 Hz)
[1ATeleop loop time: 33.38ms (30 Hz)
[1ATeleop loop time: 33.37ms (30 Hz)
[1ATeleop loop time: 33.34ms (30 Hz)
[1ATeleop loop time: 33.36ms (30 Hz)
[1ATeleop loop time: 33.34ms (30 Hz)
[1ATeleop loop time: 33.34ms (30 Hz)
[1ATeleop loop time: 33.36ms (30 Hz)
[1ATeleop loop time: 33.35ms (30 Hz)
[1ATeleop loop time: 33.34ms (30 Hz)
[1ATeleop loop time: 33.35ms (30 Hz)
[1ATeleop loop time: 33.34ms (30 Hz)
[1ATeleop loop time: 33.38ms (30 Hz)
[1ATeleop loop time: 33.37ms (30 Hz)
[1ATeleop loop time: 33.34ms (30 Hz)
[1ATeleop loop time: 33.34ms (30 Hz)
[1ATeleop loop time: 33.34ms (30 Hz)
[1ATeleop loop time: 33.35ms (30 Hz)
[1ATeleop loop time: 33.34ms (30 Hz)
[1ATeleop loop time: 33.34ms (30 Hz)
[1ATeleop loop time: 33.34ms (30 Hz)
[1ATeleop loop time: 33.34ms (30 Hz)
[1ATeleop loop time: 33.34ms (30 Hz)
[1ATeleop loop time: 33.36ms (30 Hz)
[1ATeleop loop time: 33.34ms (30 Hz)
[1ATeleop loop time: 33.35ms (30 Hz)
[1ATeleop loop time: 33.34ms (30 Hz)
[1ATeleop loop time: 33.37ms (30 Hz)
[1ATeleop loop time: 33.34ms (30 Hz)
[1ATeleop loop time: 33.36ms (30 Hz)
[1ATeleop loop time: 33.34ms (30 Hz)
[1ATeleop loop time: 33.34ms (30 Hz)
[1ATeleop loop time: 33.34ms (30 Hz)
[1ATeleop loop time: 33.35ms (30 Hz)
[1ATeleop loop time: 33.37ms (30 Hz)
[1ATeleop loop time: 33.34ms (30 Hz)
[1ATeleop loop time: 33.34ms (30 Hz)
[1ATeleop loop time: 33.37ms (30 Hz)
[1ATeleop loop time: 33.36ms (30 Hz)
[1ATeleop loop time: 33.34ms (30 Hz)
[1ATeleop loop time: 33.34ms (30 Hz)
[1ATeleop loop time: 33.34ms (30 Hz)
[1ATeleop loop time: 33.34ms (30 Hz)
[1ATeleop loop time: 33.34ms (30 Hz)
[1ATeleop loop time: 33.34ms (30 Hz)
[1ATeleop loop time: 33.34ms (30 Hz)
[1ATeleop loop time: 33.35ms (30 Hz)
[1ATeleop loop time: 33.34ms (30 Hz)
[1ATeleop loop time: 33.34ms (30 Hz)
[1ATeleop loop time: 33.34ms (30 Hz)
[1ATeleop loop time: 33.35ms (30 Hz)
[1ATeleop loop time: 33.36ms (30 Hz)
[1ATeleop loop time: 33.36ms (30 Hz)
[1ATeleop loop time: 33.34ms (30 Hz)
[1ATeleop loop time: 33.34ms (30 Hz)
[1ATeleop loop time: 33.38ms (30 Hz)
[1ATeleop loop time: 33.34ms (30 Hz)
[1ATeleop loop time: 33.34ms (30 Hz)
[1ATeleop loop time: 33.34ms (30 Hz)
[1ATeleop loop time: 33.34ms (30 Hz)
[1ATeleop loop time: 33.34ms (30 Hz)
[1ATeleop loop time: 33.35ms (30 Hz)
[1ATeleop loop time: 33.34ms (30 Hz)
[1ATeleop loop time: 33.35ms (30 Hz)
[1ATeleop loop time: 33.34ms (30 Hz)
[1ATeleop loop time: 33.34ms (30 Hz)
[1ATeleop loop time: 33.34ms (30 Hz)
[1ATeleop loop time: 33.34ms (30 Hz)
[1ATeleop loop time: 33.35ms (30 Hz)
[1ATeleop loop time: 33.34ms (30 Hz)
[1ATeleop loop time: 33.34ms (30 Hz)
[1ATeleop loop time: 33.35ms (30 Hz)
[1ATeleop loop time: 33.34ms (30 Hz)
[1ATeleop loop time: 33.34ms (30 Hz)
[1ATeleop loop time: 33.34ms (30 Hz)
[1ATeleop loop time: 33.34ms (30 Hz)
[1ATeleop loop time: 33.34ms (30 Hz)
[1ATeleop loop time: 33.34ms (30 Hz)
[1ATeleop loop time: 33.35ms (30 Hz)
[1ATeleop loop time: 33.34ms (30 Hz)
[1ATeleop loop time: 33.36ms (30 Hz)
[1ATeleop loop time: 33.34ms (30 Hz)
[1ATeleop loop time: 33.34ms (30 Hz)
[1ATeleop loop time: 33.35ms (30 Hz)
[1ATeleop loop time: 33.34ms (30 Hz)
[1ATeleop loop time: 33.37ms (30 Hz)
[1ATeleop loop time: 33.34ms (30 Hz)
[1ATeleop loop time: 33.34ms (30 Hz)
[1ATeleop loop time: 33.34ms (30 Hz)
[1ATeleop loop time: 33.34ms (30 Hz)
[1ATeleop loop time: 33.36ms (30 Hz)
[1ATeleop loop time: 33.34ms (30 Hz)
[1ATeleop loop time: 33.34ms (30 Hz)
[1ATeleop loop time: 33.34ms (30 Hz)
[1ATeleop loop time: 33.34ms (30 Hz)
[1ATeleop loop time: 33.35ms (30 Hz)
[1ATeleop loop time: 33.34ms (30 Hz)
[1ATeleop loop time: 33.34ms (30 Hz)
[1ATeleop loop time: 33.34ms (30 Hz)
[1ATeleop loop time: 33.34ms (30 Hz)
[1ATeleop loop time: 33.36ms (30 Hz)
[1ATeleop loop time: 33.36ms (30 Hz)
[1ATeleop loop time: 33.34ms (30 Hz)
[1ATeleop loop time: 33.34ms (30 Hz)
[1ATeleop loop time: 33.35ms (30 Hz)
[1ATeleop loop time: 33.34ms (30 Hz)
[1ATeleop loop time: 33.34ms (30 Hz)
[1ATeleop loop time: 33.34ms (30 Hz)
[1ATeleop loop time: 33.34ms (30 Hz)
[1ATeleop loop time: 33.34ms (30 Hz)
[1ATeleop loop time: 33.34ms (30 Hz)
[1ATeleop loop time: 33.37ms (30 Hz)
[1ATeleop loop time: 33.34ms (30 Hz)
[1ATeleop loop time: 33.34ms (30 Hz)
[1ATeleop loop time: 33.37ms (30 Hz)
[1ATeleop loop time: 33.34ms (30 Hz)
[1ATeleop loop time: 33.36ms (30 Hz)
[1ATeleop loop time: 33.34ms (30 Hz)
[1ATeleop loop time: 33.34ms (30 Hz)
[1ATeleop loop time: 33.34ms (30 Hz)
[1ATeleop loop time: 33.34ms (30 Hz)
[1ATeleop loop time: 33.34ms (30 Hz)
[1ATeleop loop time: 33.34ms (30 Hz)
[1ATeleop loop time: 33.34ms (30 Hz)
[1ATeleop loop time: 33.34ms (30 Hz)
[1ATeleop loop time: 33.34ms (30 Hz)
[1ATeleop loop time: 33.34ms (30 Hz)
[1ATeleop loop time: 33.34ms (30 Hz)
[1ATeleop loop time: 33.40ms (30 Hz)
[1ATeleop loop time: 33.34ms (30 Hz)
[1ATeleop loop time: 33.34ms (30 Hz)
[1ATeleop loop time: 33.37ms (30 Hz)
[1ATeleop loop time: 33.34ms (30 Hz)
[1ATeleop loop time: 33.34ms (30 Hz)
[1ATeleop loop time: 33.34ms (30 Hz)
[1ATeleop loop time: 33.34ms (30 Hz)
[1ATeleop loop time: 33.34ms (30 Hz)
[1ATeleop loop time: 33.34ms (30 Hz)
[1ATeleop loop time: 33.34ms (30 Hz)
[1ATeleop loop time: 33.34ms (30 Hz)
[1ATeleop loop time: 33.34ms (30 Hz)
[1ATeleop loop time: 33.37ms (30 Hz)
[1ATeleop loop time: 33.34ms (30 Hz)
[1ATeleop loop time: 33.34ms (30 Hz)
[1ATeleop loop time: 33.34ms (30 Hz)
[1ATeleop loop time: 33.34ms (30 Hz)
[1ATeleop loop time: 33.34ms (30 Hz)
[1ATeleop loop time: 33.34ms (30 Hz)
[1ATeleop loop time: 33.34ms (30 Hz)
[1ATeleop loop time: 33.34ms (30 Hz)
[1ATeleop loop time: 33.37ms (30 Hz)
[1ATeleop loop time: 33.34ms (30 Hz)
[1ATeleop loop time: 33.35ms (30 Hz)
[1ATeleop loop time: 33.34ms (30 Hz)
[1ATeleop loop time: 33.34ms (30 Hz)
[1ATeleop loop time: 33.34ms (30 Hz)
[1ATeleop loop time: 33.34ms (30 Hz)
[1ATeleop loop time: 33.34ms (30 Hz)
[1ATeleop loop time: 33.34ms (30 Hz)
[1ATeleop loop time: 33.33ms (30 Hz)
[1ATeleop loop time: 33.35ms (30 Hz)
[1ATeleop loop time: 33.34ms (30 Hz)
[1ATeleop loop time: 33.34ms (30 Hz)
[1ATeleop loop time: 33.34ms (30 Hz)
[1ATeleop loop time: 33.34ms (30 Hz)
[1ATeleop loop time: 33.35ms (30 Hz)
[1ATeleop loop time: 33.34ms (30 Hz)
[1ATeleop loop time: 33.34ms (30 Hz)
[1ATeleop loop time: 33.34ms (30 Hz)
[1ATeleop loop time: 33.36ms (30 Hz)
[1ATeleop loop time: 33.34ms (30 Hz)
[1ATeleop loop time: 33.34ms (30 Hz)
[1ATeleop loop time: 33.34ms (30 Hz)
[1ATeleop loop time: 33.34ms (30 Hz)
[1ATeleop loop time: 33.34ms (30 Hz)
[1ATeleop loop time: 33.34ms (30 Hz)
[1ATeleop loop time: 33.34ms (30 Hz)
[1ATeleop loop time: 33.34ms (30 Hz)
[1ATeleop loop time: 33.35ms (30 Hz)
[1ATeleop loop time: 33.39ms (30 Hz)
[1ATeleop loop time: 33.34ms (30 Hz)
[1ATeleop loop time: 33.34ms (30 Hz)
[1ATeleop loop time: 33.34ms (30 Hz)
[1ATeleop loop time: 33.34ms (30 Hz)
[1ATeleop loop time: 33.34ms (30 Hz)
[1ATeleop loop time: 33.34ms (30 Hz)
[1ATeleop loop time: 33.34ms (30 Hz)
[1ATeleop loop time: 33.34ms (30 Hz)
[1ATeleop loop time: 33.34ms (30 Hz)
[1ATeleop loop time: 33.34ms (30 Hz)
[1ATeleop loop time: 33.34ms (30 Hz)
[1ATeleop loop time: 33.37ms (30 Hz)
[1ATeleop loop time: 33.34ms (30 Hz)
[1ATeleop loop time: 33.34ms (30 Hz)
[1ATeleop loop time: 33.34ms (30 Hz)
[1ATeleop loop time: 33.35ms (30 Hz)
[1ATeleop loop time: 33.34ms (30 Hz)
[1ATeleop loop time: 33.34ms (30 Hz)
[1ATeleop loop time: 33.34ms (30 Hz)
[1ATeleop loop time: 33.34ms (30 Hz)
[1ATeleop loop time: 33.34ms (30 Hz)
[1ATeleop loop time: 33.34ms (30 Hz)
[1ATeleop loop time: 33.34ms (30 Hz)
[1ATeleop loop time: 33.34ms (30 Hz)
[1ATeleop loop time: 33.34ms (30 Hz)
[1ATeleop loop time: 33.34ms (30 Hz)
[1ATeleop loop time: 33.34ms (30 Hz)
[1ATeleop loop time: 33.34ms (30 Hz)
[1ATeleop loop time: 34.18ms (29 Hz)
[1ATeleop loop time: 33.34ms (30 Hz)
[1ATeleop loop time: 33.34ms (30 Hz)
[1ATeleop loop time: 33.34ms (30 Hz)
[1ATeleop loop time: 33.34ms (30 Hz)
[1ATeleop loop time: 33.36ms (30 Hz)
[1ATeleop loop time: 33.34ms (30 Hz)
[1ATeleop loop time: 33.34ms (30 Hz)
[1ATeleop loop time: 33.34ms (30 Hz)
[1ATeleop loop time: 33.37ms (30 Hz)
[1ATeleop loop time: 33.34ms (30 Hz)
[1ATeleop loop time: 33.34ms (30 Hz)
[1ATeleop loop time: 33.34ms (30 Hz)
[1ATeleop loop time: 33.34ms (30 Hz)
[1ATeleop loop time: 33.35ms (30 Hz)
[1ATeleop loop time: 33.36ms (30 Hz)
[1ATeleop loop time: 33.34ms (30 Hz)
[1ATeleop loop time: 33.34ms (30 Hz)
[1ATeleop loop time: 33.36ms (30 Hz)
[1ATeleop loop time: 33.37ms (30 Hz)
[1ATeleop loop time: 33.34ms (30 Hz)
[1ATeleop loop time: 33.41ms (30 Hz)
[1ATeleop loop time: 33.38ms (30 Hz)
[1ATeleop loop time: 33.35ms (30 Hz)
[1ATeleop loop time: 33.37ms (30 Hz)
[1ATeleop loop time: 33.36ms (30 Hz)
[1ATeleop loop time: 33.34ms (30 Hz)
[1ATeleop loop time: 33.34ms (30 Hz)
[1ATeleop loop time: 33.34ms (30 Hz)
[1ATeleop loop time: 33.35ms (30 Hz)
[1ATeleop loop time: 33.34ms (30 Hz)
[1ATeleop loop time: 33.36ms (30 Hz)
[1ATeleop loop time: 33.34ms (30 Hz)
[1ATeleop loop time: 33.35ms (30 Hz)
[1ATeleop loop time: 33.34ms (30 Hz)
[1ATeleop loop time: 33.34ms (30 Hz)
[1ATeleop loop time: 33.36ms (30 Hz)
[1ATeleop loop time: 33.35ms (30 Hz)
[1ATeleop loop time: 33.34ms (30 Hz)
[1ATeleop loop time: 33.34ms (30 Hz)
[1ATeleop loop time: 33.35ms (30 Hz)
[1ATeleop loop time: 33.36ms (30 Hz)
[1ATeleop loop time: 33.34ms (30 Hz)
[1ATeleop loop time: 33.36ms (30 Hz)
[1ATeleop loop time: 33.34ms (30 Hz)
[1ATeleop loop time: 33.34ms (30 Hz)
[1ATeleop loop time: 33.36ms (30 Hz)
[1ATeleop loop time: 33.34ms (30 Hz)
[1ATeleop loop time: 33.34ms (30 Hz)
[1ATeleop loop time: 33.38ms (30 Hz)
[1ATeleop loop time: 33.37ms (30 Hz)
[1ATeleop loop time: 33.34ms (30 Hz)
[1ATeleop loop time: 33.34ms (30 Hz)
[1ATeleop loop time: 33.34ms (30 Hz)
[1ATeleop loop time: 33.38ms (30 Hz)
[1ATeleop loop time: 33.37ms (30 Hz)
[1ATeleop loop time: 33.34ms (30 Hz)
[1ATeleop loop time: 33.34ms (30 Hz)
[1ATeleop loop time: 33.34ms (30 Hz)
[1ATeleop loop time: 33.34ms (30 Hz)
[1ATeleop loop time: 33.36ms (30 Hz)
[1ATeleop loop time: 33.34ms (30 Hz)
[1ATeleop loop time: 33.36ms (30 Hz)
[1ATeleop loop time: 33.34ms (30 Hz)
[1ATeleop loop time: 33.34ms (30 Hz)
[1ATeleop loop time: 33.34ms (30 Hz)
[1ATeleop loop time: 33.36ms (30 Hz)
[1ATeleop loop time: 33.34ms (30 Hz)
[1ATeleop loop time: 33.34ms (30 Hz)
[1ATeleop loop time: 33.34ms (30 Hz)
[1ATeleop loop time: 33.37ms (30 Hz)
[1ATeleop loop time: 33.34ms (30 Hz)
[1ATeleop loop time: 33.34ms (30 Hz)
[1ATeleop loop time: 33.34ms (30 Hz)
[1ATeleop loop time: 33.37ms (30 Hz)
[1ATeleop loop time: 33.37ms (30 Hz)
[1ATeleop loop time: 33.36ms (30 Hz)
[1ATeleop loop time: 33.44ms (30 Hz)
[1ATeleop loop time: 33.34ms (30 Hz)
[1ATeleop loop time: 33.34ms (30 Hz)
[1ATeleop loop time: 33.38ms (30 Hz)
[1ATeleop loop time: 33.34ms (30 Hz)
[1ATeleop loop time: 33.34ms (30 Hz)
[1ATeleop loop time: 33.34ms (30 Hz)
[1ATeleop loop time: 33.34ms (30 Hz)
[1ATeleop loop time: 33.34ms (30 Hz)
[1ATeleop loop time: 33.34ms (30 Hz)
[1ATeleop loop time: 33.35ms (30 Hz)
[1ATeleop loop time: 33.35ms (30 Hz)
[1ATeleop loop time: 33.35ms (30 Hz)
[1ATeleop loop time: 33.36ms (30 Hz)
[1ATeleop loop time: 33.34ms (30 Hz)
[1ATeleop loop time: 33.34ms (30 Hz)
[1ATeleop loop time: 33.37ms (30 Hz)
[1ATeleop loop time: 33.36ms (30 Hz)
[1ATeleop loop time: 33.34ms (30 Hz)
[1ATeleop loop time: 33.36ms (30 Hz)
[1ATeleop loop time: 33.34ms (30 Hz)
[1ATeleop loop time: 33.36ms (30 Hz)
[1ATeleop loop time: 33.34ms (30 Hz)
[1ATeleop loop time: 33.34ms (30 Hz)
[1ATeleop loop time: 33.36ms (30 Hz)
[1ATeleop loop time: 33.34ms (30 Hz)
[1ATeleop loop time: 33.34ms (30 Hz)
[1ATeleop loop time: 33.34ms (30 Hz)
[1ATeleop loop time: 33.34ms (30 Hz)
[1ATeleop loop time: 33.34ms (30 Hz)
[1ATeleop loop time: 33.34ms (30 Hz)
[1ATeleop loop time: 33.37ms (30 Hz)
[1ATeleop loop time: 33.36ms (30 Hz)
[1ATeleop loop time: 33.34ms (30 Hz)
[1ATeleop loop time: 33.34ms (30 Hz)
[1ATeleop loop time: 33.34ms (30 Hz)
[1ATeleop loop time: 33.34ms (30 Hz)
[1ATeleop loop time: 33.34ms (30 Hz)
[1ATeleop loop time: 33.34ms (30 Hz)
[1ATeleop loop time: 33.34ms (30 Hz)
[1ATeleop loop time: 33.34ms (30 Hz)
[1ATeleop loop time: 33.34ms (30 Hz)
[1ATeleop loop time: 33.34ms (30 Hz)
[1ATeleop loop time: 33.34ms (30 Hz)
[1ATeleop loop time: 33.34ms (30 Hz)
[1ATeleop loop time: 33.36ms (30 Hz)
[1ATeleop loop time: 33.64ms (30 Hz)
[1ATeleop loop time: 33.34ms (30 Hz)
[1ATeleop loop time: 33.34ms (30 Hz)
[1ATeleop loop time: 33.35ms (30 Hz)
[1ATeleop loop time: 33.34ms (30 Hz)
[1ATeleop loop time: 33.34ms (30 Hz)
[1ATeleop loop time: 33.37ms (30 Hz)
[1ATeleop loop time: 33.34ms (30 Hz)
[1ATeleop loop time: 33.34ms (30 Hz)
[1ATeleop loop time: 33.34ms (30 Hz)
[1ATeleop loop time: 33.34ms (30 Hz)
[1ATeleop loop time: 33.34ms (30 Hz)
[1ATeleop loop time: 33.34ms (30 Hz)
[1ATeleop loop time: 33.34ms (30 Hz)
[1ATeleop loop time: 33.34ms (30 Hz)
[1ATeleop loop time: 33.34ms (30 Hz)
[1ATeleop loop time: 33.36ms (30 Hz)
[1ATeleop loop time: 33.36ms (30 Hz)
[1ATeleop loop time: 33.34ms (30 Hz)
[1ATeleop loop time: 33.34ms (30 Hz)
[1ATeleop loop time: 33.34ms (30 Hz)
[1ATeleop loop time: 33.35ms (30 Hz)
[1ATeleop loop time: 33.34ms (30 Hz)
[1ATeleop loop time: 33.34ms (30 Hz)
[1ATeleop loop time: 33.34ms (30 Hz)
[1ATeleop loop time: 33.34ms (30 Hz)
[1ATeleop loop time: 33.36ms (30 Hz)
[1ATeleop loop time: 34.33ms (29 Hz)
[1ATeleop loop time: 33.34ms (30 Hz)
[1ATeleop loop time: 33.35ms (30 Hz)
[1ATeleop loop time: 33.34ms (30 Hz)
[1ATeleop loop time: 33.36ms (30 Hz)
[1ATeleop loop time: 33.34ms (30 Hz)
[1ATeleop loop time: 33.34ms (30 Hz)
[1ATeleop loop time: 33.34ms (30 Hz)
[1ATeleop loop time: 33.34ms (30 Hz)
[1ATeleop loop time: 33.34ms (30 Hz)
[1ATeleop loop time: 33.34ms (30 Hz)
[1ATeleop loop time: 33.34ms (30 Hz)
[1ATeleop loop time: 33.33ms (30 Hz)
[1ATeleop loop time: 33.34ms (30 Hz)
[1ATeleop loop time: 33.34ms (30 Hz)
[1ATeleop loop time: 33.34ms (30 Hz)
[1ATeleop loop time: 33.34ms (30 Hz)
[1ATeleop loop time: 33.34ms (30 Hz)
[1ATeleop loop time: 33.34ms (30 Hz)
[1ATeleop loop time: 33.34ms (30 Hz)
[1ATeleop loop time: 33.36ms (30 Hz)
[1ATeleop loop time: 33.34ms (30 Hz)
[1ATeleop loop time: 33.34ms (30 Hz)
[1ATeleop loop time: 33.34ms (30 Hz)
[1ATeleop loop time: 33.36ms (30 Hz)
[1ATeleop loop time: 33.34ms (30 Hz)
[1ATeleop loop time: 33.34ms (30 Hz)
[1ATeleop loop time: 33.34ms (30 Hz)
[1ATeleop loop time: 33.34ms (30 Hz)
[1ATeleop loop time: 33.35ms (30 Hz)
[1ATeleop loop time: 33.37ms (30 Hz)
[1ATeleop loop time: 33.34ms (30 Hz)
[1ATeleop loop time: 33.34ms (30 Hz)
[1ATeleop loop time: 33.36ms (30 Hz)
[1ATeleop loop time: 33.34ms (30 Hz)
[1ATeleop loop time: 33.34ms (30 Hz)
[1ATeleop loop time: 33.34ms (30 Hz)
[1ATeleop loop time: 33.34ms (30 Hz)
[1ATeleop loop time: 33.34ms (30 Hz)
[1ATeleop loop time: 33.34ms (30 Hz)
[1ATeleop loop time: 33.33ms (30 Hz)
[1ATeleop loop time: 33.35ms (30 Hz)
[1ATeleop loop time: 33.34ms (30 Hz)
[1ATeleop loop time: 33.34ms (30 Hz)
[1ATeleop loop time: 33.34ms (30 Hz)
[1ATeleop loop time: 33.34ms (30 Hz)
[1ATeleop loop time: 33.34ms (30 Hz)
[1ATeleop loop time: 33.35ms (30 Hz)
[1ATeleop loop time: 33.34ms (30 Hz)
[1ATeleop loop time: 33.34ms (30 Hz)
[1ATeleop loop time: 33.34ms (30 Hz)
[1ATeleop loop time: 33.34ms (30 Hz)
[1ATeleop loop time: 33.36ms (30 Hz)
[1ATeleop loop time: 33.34ms (30 Hz)
[1ATeleop loop time: 33.34ms (30 Hz)
[1ATeleop loop time: 33.34ms (30 Hz)
[1ATeleop loop time: 33.34ms (30 Hz)
[1ATeleop loop time: 33.34ms (30 Hz)
[1ATeleop loop time: 33.34ms (30 Hz)
[1ATeleop loop time: 33.35ms (30 Hz)
[1ATeleop loop time: 33.34ms (30 Hz)
[1ATeleop loop time: 33.34ms (30 Hz)
[1ATeleop loop time: 33.34ms (30 Hz)
[1ATeleop loop time: 33.33ms (30 Hz)
[1ATeleop loop time: 33.34ms (30 Hz)
[1ATeleop loop time: 33.34ms (30 Hz)
[1ATeleop loop time: 33.34ms (30 Hz)
[1ATeleop loop time: 33.36ms (30 Hz)
[1ATeleop loop time: 33.34ms (30 Hz)
[1ATeleop loop time: 33.34ms (30 Hz)
[1ATeleop loop time: 33.34ms (30 Hz)
[1ATeleop loop time: 33.34ms (30 Hz)
[1ATeleop loop time: 33.34ms (30 Hz)
[1ATeleop loop time: 33.36ms (30 Hz)
[1ATeleop loop time: 33.34ms (30 Hz)
[1ATeleop loop time: 33.34ms (30 Hz)
[1ATeleop loop time: 33.34ms (30 Hz)
[1ATeleop loop time: 33.35ms (30 Hz)
[1ATeleop loop time: 33.34ms (30 Hz)
[1ATeleop loop time: 33.34ms (30 Hz)
[1ATeleop loop time: 33.34ms (30 Hz)
[1ATeleop loop time: 33.36ms (30 Hz)
[1ATeleop loop time: 33.34ms (30 Hz)
[1ATeleop loop time: 33.34ms (30 Hz)
[1ATeleop loop time: 33.36ms (30 Hz)
[1ATeleop loop time: 33.35ms (30 Hz)
[1ATeleop loop time: 33.34ms (30 Hz)
[1ATeleop loop time: 33.34ms (30 Hz)
[1ATeleop loop time: 33.34ms (30 Hz)
[1ATeleop loop time: 33.35ms (30 Hz)
[1ATeleop loop time: 33.33ms (30 Hz)
[1ATeleop loop time: 33.34ms (30 Hz)
[1ATeleop loop time: 33.34ms (30 Hz)
[1ATeleop loop time: 33.34ms (30 Hz)
[1ATeleop loop time: 33.34ms (30 Hz)
[1ATeleop loop time: 33.34ms (30 Hz)
[1ATeleop loop time: 33.34ms (30 Hz)
[1ATeleop loop time: 33.35ms (30 Hz)
[1ATeleop loop time: 33.34ms (30 Hz)
[1ATeleop loop time: 33.33ms (30 Hz)
[1ATeleop loop time: 33.34ms (30 Hz)
[1ATeleop loop time: 33.34ms (30 Hz)
[1ATeleop loop time: 33.34ms (30 Hz)
[1ATeleop loop time: 33.34ms (30 Hz)
[1ATeleop loop time: 33.34ms (30 Hz)
[1ATeleop loop time: 33.34ms (30 Hz)
[1ATeleop loop time: 33.34ms (30 Hz)
[1ATeleop loop time: 33.36ms (30 Hz)
[1ATeleop loop time: 33.34ms (30 Hz)
[1ATeleop loop time: 33.34ms (30 Hz)
[1ATeleop loop time: 33.36ms (30 Hz)
[1ATeleop loop time: 33.34ms (30 Hz)
[1ATeleop loop time: 33.34ms (30 Hz)
[1ATeleop loop time: 33.34ms (30 Hz)
[1ATeleop loop time: 33.34ms (30 Hz)
[1ATeleop loop time: 33.34ms (30 Hz)
[1ATeleop loop time: 33.34ms (30 Hz)
[1ATeleop loop time: 33.34ms (30 Hz)
[1ATeleop loop time: 33.34ms (30 Hz)
[1ATeleop loop time: 33.34ms (30 Hz)
[1ATeleop loop time: 33.36ms (30 Hz)
[1ATeleop loop time: 33.34ms (30 Hz)
[1ATeleop loop time: 33.34ms (30 Hz)
[1ATeleop loop time: 33.36ms (30 Hz)
[1ATeleop loop time: 33.34ms (30 Hz)
[1ATeleop loop time: 33.37ms (30 Hz)
[1ATeleop loop time: 33.34ms (30 Hz)
[1ATeleop loop time: 33.34ms (30 Hz)
[1ATeleop loop time: 33.34ms (30 Hz)
[1ATeleop loop time: 33.37ms (30 Hz)
[1ATeleop loop time: 33.34ms (30 Hz)
[1ATeleop loop time: 33.34ms (30 Hz)
[1ATeleop loop time: 33.34ms (30 Hz)
[1ATeleop loop time: 33.35ms (30 Hz)
[1ATeleop loop time: 33.34ms (30 Hz)
[1ATeleop loop time: 33.35ms (30 Hz)
[1ATeleop loop time: 33.35ms (30 Hz)
[1ATeleop loop time: 33.34ms (30 Hz)
[1ATeleop loop time: 33.37ms (30 Hz)
[1ATeleop loop time: 33.35ms (30 Hz)
[1ATeleop loop time: 33.34ms (30 Hz)
[1ATeleop loop time: 33.34ms (30 Hz)
[1ATeleop loop time: 33.35ms (30 Hz)
[1ATeleop loop time: 33.35ms (30 Hz)
[1ATeleop loop time: 33.34ms (30 Hz)
[1ATeleop loop time: 33.34ms (30 Hz)
[1ATeleop loop time: 33.34ms (30 Hz)
[1ATeleop loop time: 33.35ms (30 Hz)
[1ATeleop loop time: 33.37ms (30 Hz)
[1ATeleop loop time: 33.35ms (30 Hz)
[1ATeleop loop time: 33.35ms (30 Hz)
[1ATeleop loop time: 33.36ms (30 Hz)
[1ATeleop loop time: 33.37ms (30 Hz)
[1ATeleop loop time: 33.37ms (30 Hz)
[1ATeleop loop time: 33.34ms (30 Hz)
[1ATeleop loop time: 33.38ms (30 Hz)
[1ATeleop loop time: 33.35ms (30 Hz)
[1ATeleop loop time: 33.34ms (30 Hz)
[1ATeleop loop time: 33.34ms (30 Hz)
[1ATeleop loop time: 33.36ms (30 Hz)
[1ATeleop loop time: 33.34ms (30 Hz)
[1ATeleop loop time: 33.37ms (30 Hz)
[1ATeleop loop time: 33.34ms (30 Hz)
[1ATeleop loop time: 33.34ms (30 Hz)
[1ATeleop loop time: 33.34ms (30 Hz)
[1ATeleop loop time: 33.35ms (30 Hz)
[1ATeleop loop time: 33.35ms (30 Hz)
[1ATeleop loop time: 33.35ms (30 Hz)
[1ATeleop loop time: 33.34ms (30 Hz)
[1ATeleop loop time: 33.34ms (30 Hz)
[1ATeleop loop time: 33.34ms (30 Hz)
[1ATeleop loop time: 33.34ms (30 Hz)
[1ATeleop loop time: 33.35ms (30 Hz)
[1ATeleop loop time: 33.35ms (30 Hz)
[1ATeleop loop time: 33.34ms (30 Hz)
[1ATeleop loop time: 33.36ms (30 Hz)
[1ATeleop loop time: 33.34ms (30 Hz)
[1ATeleop loop time: 33.36ms (30 Hz)
[1ATeleop loop time: 33.37ms (30 Hz)
[1ATeleop loop time: 33.34ms (30 Hz)
[1ATeleop loop time: 33.34ms (30 Hz)
[1ATeleop loop time: 33.34ms (30 Hz)
[1ATeleop loop time: 33.34ms (30 Hz)
[1ATeleop loop time: 33.39ms (30 Hz)
[1ATeleop loop time: 33.34ms (30 Hz)
[1ATeleop loop time: 33.37ms (30 Hz)
[1ATeleop loop time: 33.35ms (30 Hz)
[1ATeleop loop time: 33.34ms (30 Hz)
[1ATeleop loop time: 33.34ms (30 Hz)
[1ATeleop loop time: 33.36ms (30 Hz)
[1ATeleop loop time: 33.34ms (30 Hz)
[1ATeleop loop time: 33.34ms (30 Hz)
[1ATeleop loop time: 33.34ms (30 Hz)
[1ATeleop loop time: 33.34ms (30 Hz)
[1ATeleop loop time: 33.35ms (30 Hz)
[1ATeleop loop time: 33.34ms (30 Hz)
[1ATeleop loop time: 33.35ms (30 Hz)
[1ATeleop loop time: 33.34ms (30 Hz)
[1ATeleop loop time: 33.36ms (30 Hz)
[1ATeleop loop time: 33.34ms (30 Hz)
[1ATeleop loop time: 33.35ms (30 Hz)
[1ATeleop loop time: 33.46ms (30 Hz)
[1ATeleop loop time: 33.37ms (30 Hz)
[1ATeleop loop time: 33.36ms (30 Hz)
[1ATeleop loop time: 33.34ms (30 Hz)
[1ATeleop loop time: 33.34ms (30 Hz)
[1ATeleop loop time: 33.34ms (30 Hz)
[1ATeleop loop time: 33.34ms (30 Hz)
[1ATeleop loop time: 33.34ms (30 Hz)
[1ATeleop loop time: 33.40ms (30 Hz)
[1ATeleop loop time: 33.34ms (30 Hz)
[1ATeleop loop time: 33.36ms (30 Hz)
[1ATeleop loop time: 33.34ms (30 Hz)
[1ATeleop loop time: 33.34ms (30 Hz)
[1ATeleop loop time: 33.34ms (30 Hz)
[1ATeleop loop time: 33.35ms (30 Hz)
[1ATeleop loop time: 33.34ms (30 Hz)
[1ATeleop loop time: 33.34ms (30 Hz)
[1ATeleop loop time: 33.34ms (30 Hz)
[1ATeleop loop time: 33.34ms (30 Hz)
[1ATeleop loop time: 33.34ms (30 Hz)
[1ATeleop loop time: 33.34ms (30 Hz)
[1ATeleop loop time: 33.34ms (30 Hz)
[1ATeleop loop time: 33.34ms (30 Hz)
[1ATeleop loop time: 33.34ms (30 Hz)
[1ATeleop loop time: 33.34ms (30 Hz)
[1ATeleop loop time: 33.34ms (30 Hz)
[1ATeleop loop time: 33.34ms (30 Hz)
[1ATeleop loop time: 33.34ms (30 Hz)
[1ATeleop loop time: 33.34ms (30 Hz)
[1ATeleop loop time: 33.36ms (30 Hz)
[1ATeleop loop time: 33.34ms (30 Hz)
[1ATeleop loop time: 33.34ms (30 Hz)
[1ATeleop loop time: 33.34ms (30 Hz)
[1ATeleop loop time: 33.34ms (30 Hz)
[1ATeleop loop time: 33.34ms (30 Hz)
[1ATeleop loop time: 33.35ms (30 Hz)
[1ATeleop loop time: 33.34ms (30 Hz)
[1ATeleop loop time: 33.34ms (30 Hz)
[1ATeleop loop time: 33.34ms (30 Hz)
[1ATeleop loop time: 33.35ms (30 Hz)
[1ATeleop loop time: 33.34ms (30 Hz)
[1ATeleop loop time: 33.34ms (30 Hz)
[1ATeleop loop time: 33.34ms (30 Hz)
[1ATeleop loop time: 33.34ms (30 Hz)
[1ATeleop loop time: 33.34ms (30 Hz)
[1ATeleop loop time: 33.34ms (30 Hz)
[1ATeleop loop time: 33.34ms (30 Hz)
[1ATeleop loop time: 33.34ms (30 Hz)
[1ATeleop loop time: 33.34ms (30 Hz)
[1ATeleop loop time: 33.36ms (30 Hz)
[1ATeleop loop time: 33.35ms (30 Hz)
[1ATeleop loop time: 33.34ms (30 Hz)
[1ATeleop loop time: 33.34ms (30 Hz)
[1ATeleop loop time: 33.34ms (30 Hz)
[1ATeleop loop time: 33.34ms (30 Hz)
[1ATeleop loop time: 33.34ms (30 Hz)
[1ATeleop loop time: 33.34ms (30 Hz)
[1ATeleop loop time: 33.34ms (30 Hz)
[1ATeleop loop time: 33.34ms (30 Hz)
[1ATeleop loop time: 33.34ms (30 Hz)
[1ATeleop loop time: 33.34ms (30 Hz)
[1ATeleop loop time: 33.34ms (30 Hz)
[1ATeleop loop time: 33.34ms (30 Hz)
[1ATeleop loop time: 33.34ms (30 Hz)
[1ATeleop loop time: 33.36ms (30 Hz)
[1ATeleop loop time: 33.34ms (30 Hz)
[1ATeleop loop time: 33.35ms (30 Hz)
[1ATeleop loop time: 33.34ms (30 Hz)
[1ATeleop loop time: 33.34ms (30 Hz)
[1ATeleop loop time: 33.34ms (30 Hz)
[1ATeleop loop time: 33.36ms (30 Hz)
[1ATeleop loop time: 33.36ms (30 Hz)
[1ATeleop loop time: 33.36ms (30 Hz)
[1ATeleop loop time: 33.34ms (30 Hz)
[1ATeleop loop time: 33.36ms (30 Hz)
[1ATeleop loop time: 33.34ms (30 Hz)
[1ATeleop loop time: 33.34ms (30 Hz)
[1ATeleop loop time: 33.35ms (30 Hz)
[1ATeleop loop time: 33.34ms (30 Hz)
[1ATeleop loop time: 33.34ms (30 Hz)
[1ATeleop loop time: 33.34ms (30 Hz)
[1ATeleop loop time: 33.36ms (30 Hz)
[1ATeleop loop time: 33.34ms (30 Hz)
[1ATeleop loop time: 33.34ms (30 Hz)
[1ATeleop loop time: 33.34ms (30 Hz)
[1ATeleop loop time: 33.34ms (30 Hz)
[1ATeleop loop time: 33.34ms (30 Hz)
[1ATeleop loop time: 33.34ms (30 Hz)
[1ATeleop loop time: 33.34ms (30 Hz)
[1ATeleop loop time: 33.34ms (30 Hz)
[1ATeleop loop time: 33.34ms (30 Hz)
[1ATeleop loop time: 33.34ms (30 Hz)
[1ATeleop loop time: 33.34ms (30 Hz)
[1ATeleop loop time: 33.34ms (30 Hz)
[1ATeleop loop time: 33.35ms (30 Hz)
[1ATeleop loop time: 33.34ms (30 Hz)
[1ATeleop loop time: 33.34ms (30 Hz)
[1ATeleop loop time: 33.34ms (30 Hz)
[1ATeleop loop time: 33.34ms (30 Hz)
[1ATeleop loop time: 33.34ms (30 Hz)
[1ATeleop loop time: 33.34ms (30 Hz)
[1ATeleop loop time: 33.34ms (30 Hz)
[1ATeleop loop time: 33.34ms (30 Hz)
[1ATeleop loop time: 33.37ms (30 Hz)
[1ATeleop loop time: 33.34ms (30 Hz)
[1ATeleop loop time: 33.34ms (30 Hz)
[1ATeleop loop time: 33.34ms (30 Hz)
[1ATeleop loop time: 33.34ms (30 Hz)
[1ATeleop loop time: 33.35ms (30 Hz)
[1ATeleop loop time: 33.34ms (30 Hz)
[1ATeleop loop time: 33.34ms (30 Hz)
[1ATeleop loop time: 33.34ms (30 Hz)
[1ATeleop loop time: 33.35ms (30 Hz)
[1ATeleop loop time: 33.34ms (30 Hz)
[1ATeleop loop time: 33.34ms (30 Hz)
[1ATeleop loop time: 33.34ms (30 Hz)
[1ATeleop loop time: 33.34ms (30 Hz)
[1ATeleop loop time: 33.34ms (30 Hz)
[1ATeleop loop time: 33.36ms (30 Hz)
[1ATeleop loop time: 33.34ms (30 Hz)
[1ATeleop loop time: 33.34ms (30 Hz)
[1ATeleop loop time: 33.34ms (30 Hz)
[1ATeleop loop time: 33.37ms (30 Hz)
[1ATeleop loop time: 33.34ms (30 Hz)
[1ATeleop loop time: 33.34ms (30 Hz)
[1ATeleop loop time: 33.34ms (30 Hz)
[1ATeleop loop time: 33.35ms (30 Hz)
[1ATeleop loop time: 33.36ms (30 Hz)
[1ATeleop loop time: 33.36ms (30 Hz)
[1ATeleop loop time: 33.34ms (30 Hz)
[1ATeleop loop time: 33.34ms (30 Hz)
[1ATeleop loop time: 33.34ms (30 Hz)
[1ATeleop loop time: 33.34ms (30 Hz)
[1ATeleop loop time: 33.34ms (30 Hz)
[1ATeleop loop time: 33.34ms (30 Hz)
[1ATeleop loop time: 33.34ms (30 Hz)
[1ATeleop loop time: 33.34ms (30 Hz)
[1ATeleop loop time: 33.34ms (30 Hz)
[1ATeleop loop time: 33.34ms (30 Hz)
[1ATeleop loop time: 33.36ms (30 Hz)
[1ATeleop loop time: 33.35ms (30 Hz)
[1ATeleop loop time: 33.34ms (30 Hz)
[1ATeleop loop time: 33.34ms (30 Hz)
[1ATeleop loop time: 33.34ms (30 Hz)
[1ATeleop loop time: 33.34ms (30 Hz)
[1ATeleop loop time: 33.34ms (30 Hz)
[1ATeleop loop time: 33.34ms (30 Hz)
[1ATeleop loop time: 33.35ms (30 Hz)
[1ATeleop loop time: 33.34ms (30 Hz)
[1ATeleop loop time: 33.34ms (30 Hz)
[1ATeleop loop time: 33.34ms (30 Hz)
[1ATeleop loop time: 33.34ms (30 Hz)
[1ATeleop loop time: 33.34ms (30 Hz)
[1ATeleop loop time: 33.34ms (30 Hz)
[1ATeleop loop time: 33.34ms (30 Hz)
[1ATeleop loop time: 33.35ms (30 Hz)
[1ATeleop loop time: 33.34ms (30 Hz)
[1ATeleop loop time: 33.34ms (30 Hz)
[1ATeleop loop time: 33.34ms (30 Hz)
[1ATeleop loop time: 33.34ms (30 Hz)
[1ATeleop loop time: 33.34ms (30 Hz)
[1ATeleop loop time: 33.34ms (30 Hz)
[1ATeleop loop time: 33.35ms (30 Hz)
[1ATeleop loop time: 33.37ms (30 Hz)
[1ATeleop loop time: 33.34ms (30 Hz)
[1ATeleop loop time: 33.34ms (30 Hz)
[1ATeleop loop time: 33.34ms (30 Hz)
[1ATeleop loop time: 33.34ms (30 Hz)
[1ATeleop loop time: 33.34ms (30 Hz)
[1ATeleop loop time: 33.34ms (30 Hz)
[1ATeleop loop time: 33.34ms (30 Hz)
[1ATeleop loop time: 33.35ms (30 Hz)
[1ATeleop loop time: 33.34ms (30 Hz)
[1ATeleop loop time: 33.37ms (30 Hz)
[1ATeleop loop time: 33.34ms (30 Hz)
[1ATeleop loop time: 33.34ms (30 Hz)
[1ATeleop loop time: 33.34ms (30 Hz)
[1ATeleop loop time: 33.34ms (30 Hz)
[1ATeleop loop time: 33.35ms (30 Hz)
[1ATeleop loop time: 33.34ms (30 Hz)
[1ATeleop loop time: 33.36ms (30 Hz)
[1ATeleop loop time: 33.34ms (30 Hz)
[1ATeleop loop time: 33.34ms (30 Hz)
[1ATeleop loop time: 33.34ms (30 Hz)
[1ATeleop loop time: 33.34ms (30 Hz)
[1ATeleop loop time: 33.34ms (30 Hz)
[1ATeleop loop time: 33.36ms (30 Hz)
[1ATeleop loop time: 33.34ms (30 Hz)
[1ATeleop loop time: 33.36ms (30 Hz)
[1ATeleop loop time: 33.34ms (30 Hz)
[1ATeleop loop time: 33.34ms (30 Hz)
[1ATeleop loop time: 33.34ms (30 Hz)
[1ATeleop loop time: 33.36ms (30 Hz)
[1ATeleop loop time: 33.34ms (30 Hz)
[1ATeleop loop time: 33.34ms (30 Hz)
[1ATeleop loop time: 33.34ms (30 Hz)
[1ATeleop loop time: 33.34ms (30 Hz)
[1ATeleop loop time: 33.34ms (30 Hz)
[1ATeleop loop time: 33.34ms (30 Hz)
[1ATeleop loop time: 33.34ms (30 Hz)
[1ATeleop loop time: 33.34ms (30 Hz)
[1ATeleop loop time: 33.34ms (30 Hz)
[1ATeleop loop time: 33.34ms (30 Hz)
[1ATeleop loop time: 33.34ms (30 Hz)
[1ATeleop loop time: 33.34ms (30 Hz)
[1ATeleop loop time: 33.34ms (30 Hz)
[1ATeleop loop time: 33.34ms (30 Hz)
[1ATeleop loop time: 33.34ms (30 Hz)
[1ATeleop loop time: 33.35ms (30 Hz)
[1ATeleop loop time: 33.37ms (30 Hz)
[1ATeleop loop time: 33.36ms (30 Hz)
[1ATeleop loop time: 33.34ms (30 Hz)
[1ATeleop loop time: 33.37ms (30 Hz)
[1ATeleop loop time: 33.34ms (30 Hz)
[1ATeleop loop time: 33.34ms (30 Hz)
[1ATeleop loop time: 33.34ms (30 Hz)
[1ATeleop loop time: 33.34ms (30 Hz)
[1ATeleop loop time: 33.34ms (30 Hz)
[1ATeleop loop time: 33.35ms (30 Hz)
[1ATeleop loop time: 33.36ms (30 Hz)
[1ATeleop loop time: 33.34ms (30 Hz)
[1ATeleop loop time: 33.34ms (30 Hz)
[1ATeleop loop time: 33.34ms (30 Hz)
[1ATeleop loop time: 33.34ms (30 Hz)
[1ATeleop loop time: 33.34ms (30 Hz)
[1ATeleop loop time: 33.34ms (30 Hz)
[1ATeleop loop time: 33.35ms (30 Hz)
[1ATeleop loop time: 33.34ms (30 Hz)
[1ATeleop loop time: 33.34ms (30 Hz)
[1ATeleop loop time: 33.34ms (30 Hz)
[1ATeleop loop time: 33.33ms (30 Hz)
[1ATeleop loop time: 33.35ms (30 Hz)
[1ATeleop loop time: 33.34ms (30 Hz)
[1ATeleop loop time: 33.34ms (30 Hz)
[1ATeleop loop time: 33.35ms (30 Hz)
[1ATeleop loop time: 33.38ms (30 Hz)
[1ATeleop loop time: 33.37ms (30 Hz)
[1ATeleop loop time: 33.34ms (30 Hz)
[1ATeleop loop time: 33.34ms (30 Hz)
[1ATeleop loop time: 33.34ms (30 Hz)
[1ATeleop loop time: 33.34ms (30 Hz)
[1ATeleop loop time: 33.34ms (30 Hz)
[1ATeleop loop time: 33.34ms (30 Hz)
[1ATeleop loop time: 33.35ms (30 Hz)
[1ATeleop loop time: 33.34ms (30 Hz)
[1ATeleop loop time: 33.34ms (30 Hz)
[1ATeleop loop time: 33.34ms (30 Hz)
[1ATeleop loop time: 33.37ms (30 Hz)
[1ATeleop loop time: 33.34ms (30 Hz)
[1ATeleop loop time: 33.34ms (30 Hz)
[1ATeleop loop time: 33.34ms (30 Hz)
[1ATeleop loop time: 33.37ms (30 Hz)
[1ATeleop loop time: 33.38ms (30 Hz)
[1ATeleop loop time: 33.37ms (30 Hz)
[1ATeleop loop time: 33.34ms (30 Hz)
[1ATeleop loop time: 33.34ms (30 Hz)
[1ATeleop loop time: 33.37ms (30 Hz)
[1ATeleop loop time: 33.37ms (30 Hz)
[1ATeleop loop time: 33.34ms (30 Hz)
[1ATeleop loop time: 33.34ms (30 Hz)
[1ATeleop loop time: 33.34ms (30 Hz)
[1ATeleop loop time: 33.34ms (30 Hz)
[1ATeleop loop time: 33.34ms (30 Hz)
[1ATeleop loop time: 33.34ms (30 Hz)
[1ATeleop loop time: 33.37ms (30 Hz)
[1ATeleop loop time: 33.34ms (30 Hz)
[1ATeleop loop time: 33.34ms (30 Hz)
[1ATeleop loop time: 33.34ms (30 Hz)
[1ATeleop loop time: 33.34ms (30 Hz)
[1ATeleop loop time: 33.34ms (30 Hz)
[1ATeleop loop time: 33.34ms (30 Hz)
[1ATeleop loop time: 33.35ms (30 Hz)
[1ATeleop loop time: 33.34ms (30 Hz)
[1ATeleop loop time: 33.40ms (30 Hz)
[1ATeleop loop time: 33.35ms (30 Hz)
[1ATeleop loop time: 33.34ms (30 Hz)
[1ATeleop loop time: 33.34ms (30 Hz)
[1ATeleop loop time: 33.36ms (30 Hz)
[1ATeleop loop time: 33.36ms (30 Hz)
[1ATeleop loop time: 33.35ms (30 Hz)
[1ATeleop loop time: 33.34ms (30 Hz)
[1ATeleop loop time: 33.35ms (30 Hz)
[1ATeleop loop time: 33.34ms (30 Hz)
[1ATeleop loop time: 33.40ms (30 Hz)
[1ATeleop loop time: 33.35ms (30 Hz)
[1ATeleop loop time: 33.34ms (30 Hz)
[1ATeleop loop time: 33.35ms (30 Hz)
[1ATeleop loop time: 33.35ms (30 Hz)
[1ATeleop loop time: 33.34ms (30 Hz)
[1ATeleop loop time: 33.36ms (30 Hz)
[1ATeleop loop time: 33.34ms (30 Hz)
[1ATeleop loop time: 33.34ms (30 Hz)
[1ATeleop loop time: 33.34ms (30 Hz)
[1ATeleop loop time: 33.34ms (30 Hz)
[1ATeleop loop time: 33.36ms (30 Hz)
[1ATeleop loop time: 33.34ms (30 Hz)
[1ATeleop loop time: 33.34ms (30 Hz)
[1ATeleop loop time: 33.34ms (30 Hz)
[1ATeleop loop time: 33.35ms (30 Hz)
[1ATeleop loop time: 33.34ms (30 Hz)
[1ATeleop loop time: 33.35ms (30 Hz)
[1ATeleop loop time: 33.35ms (30 Hz)
[1ATeleop loop time: 33.34ms (30 Hz)
[1ATeleop loop time: 33.34ms (30 Hz)
[1ATeleop loop time: 33.34ms (30 Hz)
[1ATeleop loop time: 33.36ms (30 Hz)
[1ATeleop loop time: 33.34ms (30 Hz)
[1ATeleop loop time: 33.34ms (30 Hz)
[1ATeleop loop time: 33.34ms (30 Hz)
[1ATeleop loop time: 33.35ms (30 Hz)
[1ATeleop loop time: 33.34ms (30 Hz)
[1ATeleop loop time: 33.37ms (30 Hz)
[1ATeleop loop time: 33.35ms (30 Hz)
[1ATeleop loop time: 33.34ms (30 Hz)
[1ATeleop loop time: 33.35ms (30 Hz)
[1ATeleop loop time: 33.34ms (30 Hz)
[1ATeleop loop time: 33.34ms (30 Hz)
[1ATeleop loop time: 33.36ms (30 Hz)
[1ATeleop loop time: 33.34ms (30 Hz)
[1ATeleop loop time: 33.35ms (30 Hz)
[1ATeleop loop time: 33.34ms (30 Hz)
[1ATeleop loop time: 33.36ms (30 Hz)
[1ATeleop loop time: 33.34ms (30 Hz)
[1ATeleop loop time: 33.36ms (30 Hz)
[1ATeleop loop time: 33.34ms (30 Hz)
[1ATeleop loop time: 33.34ms (30 Hz)
[1ATeleop loop time: 33.35ms (30 Hz)
[1ATeleop loop time: 33.34ms (30 Hz)
[1ATeleop loop time: 33.34ms (30 Hz)
[1ATeleop loop time: 33.35ms (30 Hz)
[1ATeleop loop time: 33.34ms (30 Hz)
[1ATeleop loop time: 33.36ms (30 Hz)
[1ATeleop loop time: 33.36ms (30 Hz)
[1ATeleop loop time: 33.34ms (30 Hz)
[1ATeleop loop time: 33.36ms (30 Hz)
[1ATeleop loop time: 33.36ms (30 Hz)
[1ATeleop loop time: 33.34ms (30 Hz)
[1ATeleop loop time: 33.35ms (30 Hz)
[1ATeleop loop time: 33.34ms (30 Hz)
[1ATeleop loop time: 33.34ms (30 Hz)
[1ATeleop loop time: 33.34ms (30 Hz)
[1ATeleop loop time: 33.34ms (30 Hz)
[1ATeleop loop time: 33.34ms (30 Hz)
[1ATeleop loop time: 33.34ms (30 Hz)
[1ATeleop loop time: 33.34ms (30 Hz)
[1ATeleop loop time: 33.34ms (30 Hz)
[1ATeleop loop time: 33.34ms (30 Hz)
[1ATeleop loop time: 33.34ms (30 Hz)
[1ATeleop loop time: 33.34ms (30 Hz)
[1ATeleop loop time: 33.37ms (30 Hz)
[1ATeleop loop time: 33.34ms (30 Hz)
[1ATeleop loop time: 33.34ms (30 Hz)
[1ATeleop loop time: 33.34ms (30 Hz)
[1ATeleop loop time: 33.34ms (30 Hz)
[1ATeleop loop time: 33.34ms (30 Hz)
[1ATeleop loop time: 33.35ms (30 Hz)
[1ATeleop loop time: 33.34ms (30 Hz)
[1ATeleop loop time: 33.34ms (30 Hz)
[1ATeleop loop time: 33.40ms (30 Hz)
[1ATeleop loop time: 33.34ms (30 Hz)
[1ATeleop loop time: 33.34ms (30 Hz)
[1ATeleop loop time: 33.34ms (30 Hz)
[1ATeleop loop time: 33.34ms (30 Hz)
[1ATeleop loop time: 33.34ms (30 Hz)
[1ATeleop loop time: 33.34ms (30 Hz)
[1ATeleop loop time: 33.34ms (30 Hz)
[1ATeleop loop time: 33.34ms (30 Hz)
[1ATeleop loop time: 33.34ms (30 Hz)
[1ATeleop loop time: 33.34ms (30 Hz)
[1ATeleop loop time: 33.34ms (30 Hz)
[1ATeleop loop time: 33.34ms (30 Hz)
[1ATeleop loop time: 33.34ms (30 Hz)
[1ATeleop loop time: 33.34ms (30 Hz)
[1ATeleop loop time: 33.34ms (30 Hz)
[1ATeleop loop time: 33.34ms (30 Hz)
[1ATeleop loop time: 33.34ms (30 Hz)
[1ATeleop loop time: 33.34ms (30 Hz)
[1ATeleop loop time: 33.34ms (30 Hz)
[1ATeleop loop time: 33.34ms (30 Hz)
[1ATeleop loop time: 33.34ms (30 Hz)
[1ATeleop loop time: 33.34ms (30 Hz)
[1ATeleop loop time: 33.34ms (30 Hz)
[1ATeleop loop time: 33.34ms (30 Hz)
[1ATeleop loop time: 33.36ms (30 Hz)
[1ATeleop loop time: 33.34ms (30 Hz)
[1ATeleop loop time: 33.34ms (30 Hz)
[1ATeleop loop time: 33.34ms (30 Hz)
[1ATeleop loop time: 33.34ms (30 Hz)
[1ATeleop loop time: 33.39ms (30 Hz)
[1ATeleop loop time: 33.42ms (30 Hz)
[1ATeleop loop time: 33.37ms (30 Hz)
[1ATeleop loop time: 33.34ms (30 Hz)
[1ATeleop loop time: 33.34ms (30 Hz)
[1ATeleop loop time: 33.34ms (30 Hz)
[1ATeleop loop time: 33.34ms (30 Hz)
[1ATeleop loop time: 33.34ms (30 Hz)
[1ATeleop loop time: 33.34ms (30 Hz)
[1ATeleop loop time: 33.34ms (30 Hz)
[1ATeleop loop time: 33.34ms (30 Hz)
[1ATeleop loop time: 33.35ms (30 Hz)
[1ATeleop loop time: 33.37ms (30 Hz)
[1ATeleop loop time: 33.37ms (30 Hz)
[1ATeleop loop time: 33.35ms (30 Hz)
[1ATeleop loop time: 33.34ms (30 Hz)
[1ATeleop loop time: 33.34ms (30 Hz)
[1ATeleop loop time: 33.36ms (30 Hz)
[1ATeleop loop time: 33.34ms (30 Hz)
[1ATeleop loop time: 33.34ms (30 Hz)
[1ATeleop loop time: 33.34ms (30 Hz)
[1ATeleop loop time: 33.34ms (30 Hz)
[1ATeleop loop time: 33.34ms (30 Hz)
[1ATeleop loop time: 33.34ms (30 Hz)
[1ATeleop loop time: 33.34ms (30 Hz)
[1ATeleop loop time: 33.34ms (30 Hz)
[1ATeleop loop time: 33.34ms (30 Hz)
[1ATeleop loop time: 33.34ms (30 Hz)
[1ATeleop loop time: 33.35ms (30 Hz)
[1ATeleop loop time: 33.34ms (30 Hz)
[1ATeleop loop time: 33.34ms (30 Hz)
[1ATeleop loop time: 33.34ms (30 Hz)
[1ATeleop loop time: 33.36ms (30 Hz)
[1ATeleop loop time: 33.34ms (30 Hz)
[1ATeleop loop time: 33.34ms (30 Hz)
[1ATeleop loop time: 33.34ms (30 Hz)
[1ATeleop loop time: 33.34ms (30 Hz)
[1ATeleop loop time: 33.34ms (30 Hz)
[1ATeleop loop time: 33.34ms (30 Hz)
[1ATeleop loop time: 33.34ms (30 Hz)
[1ATeleop loop time: 33.34ms (30 Hz)
[1ATeleop loop time: 33.36ms (30 Hz)
[1ATeleop loop time: 33.34ms (30 Hz)
[1ATeleop loop time: 33.34ms (30 Hz)
[1ATeleop loop time: 33.34ms (30 Hz)
[1ATeleop loop time: 33.34ms (30 Hz)
[1ATeleop loop time: 33.34ms (30 Hz)
[1ATeleop loop time: 33.34ms (30 Hz)
[1ATeleop loop time: 33.34ms (30 Hz)
[1ATeleop loop time: 33.34ms (30 Hz)
[1ATeleop loop time: 33.34ms (30 Hz)
[1ATeleop loop time: 33.34ms (30 Hz)
[1ATeleop loop time: 33.34ms (30 Hz)
[1ATeleop loop time: 33.34ms (30 Hz)
[1ATeleop loop time: 33.34ms (30 Hz)
[1ATeleop loop time: 33.35ms (30 Hz)
[1ATeleop loop time: 33.34ms (30 Hz)
[1ATeleop loop time: 33.34ms (30 Hz)
[1ATeleop loop time: 33.34ms (30 Hz)
[1ATeleop loop time: 33.34ms (30 Hz)
[1ATeleop loop time: 33.34ms (30 Hz)
[1ATeleop loop time: 33.36ms (30 Hz)
[1ATeleop loop time: 33.34ms (30 Hz)
[1ATeleop loop time: 33.34ms (30 Hz)
[1ATeleop loop time: 33.34ms (30 Hz)
[1ATeleop loop time: 33.34ms (30 Hz)
[1ATeleop loop time: 33.34ms (30 Hz)
[1ATeleop loop time: 33.34ms (30 Hz)
[1ATeleop loop time: 33.34ms (30 Hz)
[1ATeleop loop time: 33.34ms (30 Hz)
[1ATeleop loop time: 33.34ms (30 Hz)
[1ATeleop loop time: 33.35ms (30 Hz)
[1ATeleop loop time: 33.35ms (30 Hz)
[1ATeleop loop time: 33.37ms (30 Hz)
[1ATeleop loop time: 33.34ms (30 Hz)
[1ATeleop loop time: 33.34ms (30 Hz)
[1ATeleop loop time: 33.34ms (30 Hz)
[1ATeleop loop time: 33.34ms (30 Hz)
[1ATeleop loop time: 33.35ms (30 Hz)
[1ATeleop loop time: 33.36ms (30 Hz)
[1ATeleop loop time: 33.34ms (30 Hz)
[1ATeleop loop time: 33.34ms (30 Hz)
[1ATeleop loop time: 33.34ms (30 Hz)
[1ATeleop loop time: 33.34ms (30 Hz)
[1ATeleop loop time: 33.34ms (30 Hz)
[1ATeleop loop time: 33.35ms (30 Hz)
[1ATeleop loop time: 33.34ms (30 Hz)
[1ATeleop loop time: 33.34ms (30 Hz)
[1ATeleop loop time: 33.34ms (30 Hz)
[1ATeleop loop time: 33.35ms (30 Hz)
[1ATeleop loop time: 33.36ms (30 Hz)
[1ATeleop loop time: 33.34ms (30 Hz)
[1ATeleop loop time: 33.34ms (30 Hz)
[1ATeleop loop time: 33.34ms (30 Hz)
[1ATeleop loop time: 33.37ms (30 Hz)
[1ATeleop loop time: 33.34ms (30 Hz)
[1ATeleop loop time: 33.34ms (30 Hz)
[1ATeleop loop time: 33.34ms (30 Hz)
[1ATeleop loop time: 33.34ms (30 Hz)
[1ATeleop loop time: 33.34ms (30 Hz)
[1ATeleop loop time: 33.37ms (30 Hz)
[1ATeleop loop time: 33.34ms (30 Hz)
[1ATeleop loop time: 33.38ms (30 Hz)
[1ATeleop loop time: 33.34ms (30 Hz)
[1ATeleop loop time: 33.34ms (30 Hz)
[1ATeleop loop time: 33.34ms (30 Hz)
[1ATeleop loop time: 33.34ms (30 Hz)
[1ATeleop loop time: 33.34ms (30 Hz)
[1ATeleop loop time: 33.34ms (30 Hz)
[1ATeleop loop time: 33.35ms (30 Hz)
[1ATeleop loop time: 33.34ms (30 Hz)
[1ATeleop loop time: 33.34ms (30 Hz)
[1ATeleop loop time: 33.34ms (30 Hz)
[1ATeleop loop time: 33.34ms (30 Hz)
[1ATeleop loop time: 33.39ms (30 Hz)
[1ATeleop loop time: 33.34ms (30 Hz)
[1ATeleop loop time: 33.34ms (30 Hz)
[1ATeleop loop time: 33.34ms (30 Hz)INFO 2026-10-07 15:58:46 o_leader.py:163 pilot001_leader SOLeader disconnected.
INFO 2026-10-07 15:58:46 follower.py:238 follower_nevil SOFollower disconnected.

[1ATeleop loop time: 33.34ms (30 Hz)
[1ATeleop loop time: 33.34ms (30 Hz)
[1ATeleop loop time: 33.34ms (30 Hz)
[1ATeleop loop time: 33.35ms (30 Hz)
[1ATeleop loop time: 33.34ms (30 Hz)
[1ATeleop loop time: 33.34ms (30 Hz)
[1ATeleop loop time: 33.34ms (30 Hz)
[1ATeleop loop time: 33.34ms (30 Hz)
[1ATeleop loop time: 33.34ms (30 Hz)
[1ATeleop loop time: 33.40ms (30 Hz)
[1ATeleop loop time: 33.44ms (30 Hz)
[1ATeleop loop time: 33.34ms (30 Hz)
[1ATeleop loop time: 33.34ms (30 Hz)
[1ATeleop loop time: 33.34ms (30 Hz)
[1ATeleop loop time: 33.34ms (30 Hz)
[1ATeleop loop time: 33.34ms (30 Hz)
[1ATeleop loop time: 33.34ms (30 Hz)
[1ATeleop loop time: 33.35ms (30 Hz)
[1ATeleop loop time: 33.34ms (30 Hz)
[1ATeleop loop time: 33.34ms (30 Hz)
[1ATeleop loop time: 33.35ms (30 Hz)
[1ATeleop loop time: 33.34ms (30 Hz)
[1ATeleop loop time: 33.34ms (30 Hz)
[1ATeleop loop time: 33.34ms (30 Hz)
[1ATeleop loop time: 33.34ms (30 Hz)
[1ATeleop loop time: 33.36ms (30 Hz)
[1ATeleop loop time: 33.34ms (30 Hz)
[1ATeleop loop time: 33.34ms (30 Hz)
[1ATeleop loop time: 33.34ms (30 Hz)
[1ATeleop loop time: 33.36ms (30 Hz)
[1ATeleop loop time: 33.36ms (30 Hz)
[1ATeleop loop time: 33.34ms (30 Hz)
[1ATeleop loop time: 33.36ms (30 Hz)
[1ATeleop loop time: 33.34ms (30 Hz)
[1ATeleop loop time: 33.34ms (30 Hz)
[1ATeleop loop time: 33.34ms (30 Hz)
[1ATeleop loop time: 33.34ms (30 Hz)
[1ATeleop loop time: 33.36ms (30 Hz)
[1ATeleop loop time: 33.34ms (30 Hz)
[1ATeleop loop time: 33.34ms (30 Hz)
[1ATeleop loop time: 33.36ms (30 Hz)
[1ATeleop loop time: 33.36ms (30 Hz)
[1ATeleop loop time: 33.34ms (30 Hz)
[1ATeleop loop time: 33.36ms (30 Hz)
[1ATeleop loop time: 33.34ms (30 Hz)
[1ATeleop loop time: 33.36ms (30 Hz)
[1ATeleop loop time: 33.36ms (30 Hz)
[1ATeleop loop time: 33.34ms (30 Hz)
[1ATeleop loop time: 33.35ms (30 Hz)
[1ATeleop loop time: 33.34ms (30 Hz)
[1ATeleop loop time: 33.34ms (30 Hz)
[1ATeleop loop time: 33.35ms (30 Hz)
[1ATeleop loop time: 33.34ms (30 Hz)
[1ATeleop loop time: 33.39ms (30 Hz)
[1ATeleop loop time: 33.34ms (30 Hz)
[1ATeleop loop time: 33.38ms (30 Hz)
[1ATeleop loop time: 33.36ms (30 Hz)
[1ATeleop loop time: 33.34ms (30 Hz)
[1ATeleop loop time: 33.34ms (30 Hz)
[1ATeleop loop time: 33.34ms (30 Hz)
[1ATeleop loop time: 33.34ms (30 Hz)
[1ATeleop loop time: 33.34ms (30 Hz)
[1ATeleop loop time: 33.34ms (30 Hz)
[1ATeleop loop time: 33.34ms (30 Hz)
[1ATeleop loop time: 33.34ms (30 Hz)
[1ATeleop loop time: 33.38ms (30 Hz)
[1ATeleop loop time: 33.34ms (30 Hz)
[1ATeleop loop time: 33.35ms (30 Hz)
[1ATeleop loop time: 33.39ms (30 Hz)
[1ATeleop loop time: 33.39ms (30 Hz)
[1ATeleop loop time: 33.34ms (30 Hz)
[1ATeleop loop time: 33.34ms (30 Hz)
[1ATeleop loop time: 33.35ms (30 Hz)
[1ATeleop loop time: 33.34ms (30 Hz)
[1ATeleop loop time: 33.37ms (30 Hz)
[1ATeleop loop time: 33.34ms (30 Hz)
[1ATeleop loop time: 33.36ms (30 Hz)
[1ATeleop loop time: 33.36ms (30 Hz)
[1ATeleop loop time: 33.34ms (30 Hz)
[1ATeleop loop time: 33.34ms (30 Hz)
[1ATeleop loop time: 33.34ms (30 Hz)
[1ATeleop loop time: 33.35ms (30 Hz)
[1ATeleop loop time: 33.34ms (30 Hz)
[1ATeleop loop time: 33.36ms (30 Hz)
[1ATeleop loop time: 33.36ms (30 Hz)
[1ATeleop loop time: 33.34ms (30 Hz)
[1ATeleop loop time: 33.34ms (30 Hz)
[1ATeleop loop time: 33.34ms (30 Hz)
[1ATeleop loop time: 33.36ms (30 Hz)
[1ATeleop loop time: 33.36ms (30 Hz)
[1ATeleop loop time: 33.34ms (30 Hz)
[1ATeleop loop time: 33.35ms (30 Hz)
[1ATeleop loop time: 33.35ms (30 Hz)
[1ATeleop loop time: 33.36ms (30 Hz)
[1ATeleop loop time: 33.34ms (30 Hz)
[1ATeleop loop time: 33.37ms (30 Hz)
[1ATeleop loop time: 33.34ms (30 Hz)
[1ATeleop loop time: 33.35ms (30 Hz)
[1ATeleop loop time: 33.36ms (30 Hz)
[1ATeleop loop time: 39.89ms (25 Hz)
[1ATeleop loop time: 33.36ms (30 Hz)
[1ATeleop loop time: 33.34ms (30 Hz)
[1ATeleop loop time: 33.34ms (30 Hz)
[1ATeleop loop time: 33.34ms (30 Hz)
[1ATeleop loop time: 33.36ms (30 Hz)
[1Alerobot-teleoperate exit 0 after 92.3s
TORQUE_AFTER {'shoulder_pan': 0, 'shoulder_lift': 0, 'elbow_flex': 0, 'wrist_flex': 0, 'wrist_roll': 0, 'gripper': 0}
