ALIGNED {'shoulder_pan': 2145, 'shoulder_lift': 2417, 'elbow_flex': 2039, 'wrist_flex': 3028, 'wrist_roll': 2179, 'gripper': 1998}
RUN --robot.type=so101_follower --robot.port=/dev/cu.usbmodem5B7B0152071 --robot.id=follower_nevil --robot.max_relative_target=5.0 --teleop.type=so101_leader --teleop.port=/dev/cu.usbmodem5B7B0154401 --teleop.id=pilot001_leader --fps=30 --teleop_time_s=90.0
INFO 2026-10-07 15:47:08 eoperate.py:243 {'display_compressed_images': False,
 'display_data': False,
 'display_ip': None,
 'display_mode': 'rerun',
 'display_port': None,
 'fps': 30,
 'robot': {'calibration_dir': None,
           'cameras': {},
           'disable_torque_on_disconnect': True,
           'id': 'follower_nevil',
           'max_relative_target': 5.0,
           'num_read_retries': 2,
           'port': '/dev/cu.usbmodem5B7B0152071',
           'position_d_coefficient': 32,
           'position_i_coefficient': 0,
           'position_p_coefficient': 16,
           'use_degrees': True},
 'teleop': {'calibration_dir': None,
            'id': 'pilot001_leader',
            'num_read_retries': 2,
            'port': '/dev/cu.usbmodem5B7B0154401',
            'use_degrees': True},
 'teleop_time_s': 90.0}
INFO 2026-10-07 15:47:08 so_leader.py:78 pilot001_leader SOLeader connected.
INFO 2026-10-07 15:47:08 follower.py:109 follower_nevil SOFollower connected.
WARNING 2026-10-07 15:47:08 ts/utils.py:121 Relative goal position magnitude had to be clamped to be safe.
{   'elbow_flex': {   'original goal_pos': -6.373626373626373,
                      'safe goal_pos': -5.7032967032967035},
    'shoulder_lift': {   'original goal_pos': 27.296703296703296,
                         'safe goal_pos': 27.615384615384613},
    'shoulder_pan': {   'original goal_pos': 7.208791208791209,
                        'safe goal_pos': 5.7032967032967035},
    'wrist_flex': {   'original goal_pos': 97.27472527472527,
                      'safe goal_pos': 91.15384615384616},
    'wrist_roll': {   'original goal_pos': 0.9230769230769231,
                      'safe goal_pos': 6.56043956043956}}
WARNING 2026-10-07 15:47:08 ts/utils.py:121 Relative goal position magnitude had to be clamped to be safe.
{   'elbow_flex': {   'original goal_pos': -6.373626373626373,
                      'safe goal_pos': -5.7032967032967035},
    'shoulder_lift': {   'original goal_pos': 27.296703296703296,
                         'safe goal_pos': 27.615384615384613},
    'shoulder_pan': {   'original goal_pos': 7.208791208791209,
                        'safe goal_pos': 5.7032967032967035},
    'wrist_flex': {   'original goal_pos': 97.27472527472527,
                      'safe goal_pos': 91.15384615384616},
    'wrist_roll': {   'original goal_pos': 0.9230769230769231,
                      'safe goal_pos': 6.56043956043956}}
WARNING 2026-10-07 15:47:08 ts/utils.py:121 Relative goal position magnitude had to be clamped to be safe.
{   'elbow_flex': {   'original goal_pos': -6.373626373626373,
                      'safe goal_pos': -6.142857142857142},
    'shoulder_pan': {   'original goal_pos': 7.208791208791209,
                        'safe goal_pos': 6.4945054945054945},
    'wrist_flex': {   'original goal_pos': 97.27472527472527,
                      'safe goal_pos': 92.03296703296704},
    'wrist_roll': {   'original goal_pos': 0.9230769230769231,
                      'safe goal_pos': 5.76923076923077}}
WARNING 2026-10-07 15:47:08 ts/utils.py:121 Relative goal position magnitude had to be clamped to be safe.
{   'wrist_flex': {   'original goal_pos': 97.27472527472527,
                      'safe goal_pos': 93.96703296703296},
    'wrist_roll': {   'original goal_pos': 0.9230769230769231,
                      'safe goal_pos': 4.010989010989011}}
WARNING 2026-10-07 15:47:08 ts/utils.py:121 Relative goal position magnitude had to be clamped to be safe.
{   'wrist_flex': {   'original goal_pos': 97.27472527472527,
                      'safe goal_pos': 95.37362637362638},
    'wrist_roll': {   'original goal_pos': 0.9230769230769231,
                      'safe goal_pos': 2.604395604395604}}
WARNING 2026-10-07 15:47:08 ts/utils.py:121 Relative goal position magnitude had to be clamped to be safe.
{   'wrist_flex': {   'original goal_pos': 97.27472527472527,
                      'safe goal_pos': 96.86813186813187},
    'wrist_roll': {   'original goal_pos': 0.9230769230769231,
                      'safe goal_pos': 1.197802197802198}}
WARNING 2026-10-07 15:47:09 ts/utils.py:121 Relative goal position magnitude had to be clamped to be safe.
{   'elbow_flex': {   'original goal_pos': -8.395604395604396,
                      'safe goal_pos': -8.076923076923077}}
WARNING 2026-10-07 15:47:09 ts/utils.py:121 Relative goal position magnitude had to be clamped to be safe.
{   'elbow_flex': {   'original goal_pos': -9.978021978021978,
                      'safe goal_pos': -8.956043956043956},
    'wrist_flex': {   'original goal_pos': 103.86813186813187,
                      'safe goal_pos': 103.37362637362638}}
WARNING 2026-10-07 15:47:09 ts/utils.py:121 Relative goal position magnitude had to be clamped to be safe.
{   'elbow_flex': {   'original goal_pos': -11.56043956043956,
                      'safe goal_pos': -9.835164835164836},
    'wrist_flex': {   'original goal_pos': 106.41758241758242,
                      'safe goal_pos': 104.86813186813187}}
WARNING 2026-10-07 15:47:10 ts/utils.py:121 Relative goal position magnitude had to be clamped to be safe.
{   'elbow_flex': {   'original goal_pos': -13.31868131868132,
                      'safe goal_pos': -10.714285714285715},
    'wrist_flex': {   'original goal_pos': 108.96703296703296,
                      'safe goal_pos': 106.53846153846153}}
WARNING 2026-10-07 15:47:10 ts/utils.py:121 Relative goal position magnitude had to be clamped to be safe.
{   'elbow_flex': {   'original goal_pos': -15.252747252747254,
                      'safe goal_pos': -11.417582417582418},
    'wrist_flex': {   'original goal_pos': 111.51648351648352,
                      'safe goal_pos': 108.12087912087912}}
WARNING 2026-10-07 15:47:10 ts/utils.py:121 Relative goal position magnitude had to be clamped to be safe.
{   'elbow_flex': {   'original goal_pos': -17.0989010989011,
                      'safe goal_pos': -12.296703296703296},
    'wrist_flex': {   'original goal_pos': 113.8021978021978,
                      'safe goal_pos': 109.61538461538461}}
WARNING 2026-10-07 15:47:10 ts/utils.py:121 Relative goal position magnitude had to be clamped to be safe.
{   'elbow_flex': {   'original goal_pos': -18.857142857142858,
                      'safe goal_pos': -13.087912087912088},
    'wrist_flex': {   'original goal_pos': 116.08791208791209,
                      'safe goal_pos': 111.1978021978022}}
WARNING 2026-10-07 15:47:10 ts/utils.py:121 Relative goal position magnitude had to be clamped to be safe.
{   'elbow_flex': {   'original goal_pos': -20.35164835164835,
                      'safe goal_pos': -13.967032967032967},
    'wrist_flex': {   'original goal_pos': 118.02197802197803,
                      'safe goal_pos': 112.6923076923077}}
WARNING 2026-10-07 15:47:10 ts/utils.py:121 Relative goal position magnitude had to be clamped to be safe.
{   'elbow_flex': {   'original goal_pos': -21.582417582417584,
                      'safe goal_pos': -14.758241758241759},
    'wrist_flex': {   'original goal_pos': 119.51648351648352,
                      'safe goal_pos': 114.27472527472527}}
WARNING 2026-10-07 15:47:10 ts/utils.py:121 Relative goal position magnitude had to be clamped to be safe.
{   'elbow_flex': {   'original goal_pos': -22.9010989010989,
                      'safe goal_pos': -15.637362637362637},
    'wrist_flex': {   'original goal_pos': 120.83516483516483,
                      'safe goal_pos': 115.76923076923077}}
WARNING 2026-10-07 15:47:10 ts/utils.py:121 Relative goal position magnitude had to be clamped to be safe.
{   'elbow_flex': {   'original goal_pos': -24.13186813186813,
                      'safe goal_pos': -16.42857142857143},
    'wrist_flex': {   'original goal_pos': 122.15384615384616,
                      'safe goal_pos': 117.35164835164835}}
WARNING 2026-10-07 15:47:10 ts/utils.py:121 Relative goal position magnitude had to be clamped to be safe.
{   'elbow_flex': {   'original goal_pos': -25.0989010989011,
                      'safe goal_pos': -17.307692307692307},
    'wrist_flex': {   'original goal_pos': 123.2967032967033,
                      'safe goal_pos': 118.84615384615384}}
WARNING 2026-10-07 15:47:10 ts/utils.py:121 Relative goal position magnitude had to be clamped to be safe.
{   'elbow_flex': {   'original goal_pos': -25.89010989010989,
                      'safe goal_pos': -18.0989010989011},
    'wrist_flex': {   'original goal_pos': 124.35164835164835,
                      'safe goal_pos': 120.34065934065934}}
WARNING 2026-10-07 15:47:10 ts/utils.py:121 Relative goal position magnitude had to be clamped to be safe.
{   'elbow_flex': {   'original goal_pos': -26.681318681318682,
                      'safe goal_pos': -18.89010989010989},
    'wrist_flex': {   'original goal_pos': 125.49450549450549,
                      'safe goal_pos': 121.92307692307692}}
WARNING 2026-10-07 15:47:10 ts/utils.py:121 Relative goal position magnitude had to be clamped to be safe.
{   'elbow_flex': {   'original goal_pos': -27.560439560439562,
                      'safe goal_pos': -19.68131868131868},
    'wrist_flex': {   'original goal_pos': 126.72527472527473,
                      'safe goal_pos': 123.41758241758242}}
WARNING 2026-10-07 15:47:10 ts/utils.py:121 Relative goal position magnitude had to be clamped to be safe.
{   'elbow_flex': {   'original goal_pos': -28.52747252747253,
                      'safe goal_pos': -20.472527472527474},
    'wrist_flex': {   'original goal_pos': 128.57142857142858,
                      'safe goal_pos': 124.91208791208791}}
WARNING 2026-10-07 15:47:10 ts/utils.py:121 Relative goal position magnitude had to be clamped to be safe.
{   'elbow_flex': {   'original goal_pos': -29.75824175824176,
                      'safe goal_pos': -21.35164835164835},
    'wrist_flex': {   'original goal_pos': 130.5054945054945,
                      'safe goal_pos': 126.49450549450549}}
WARNING 2026-10-07 15:47:10 ts/utils.py:121 Relative goal position magnitude had to be clamped to be safe.
{   'elbow_flex': {   'original goal_pos': -30.98901098901099,
                      'safe goal_pos': -22.142857142857142},
    'wrist_flex': {   'original goal_pos': 132.7032967032967,
                      'safe goal_pos': 127.9010989010989}}
WARNING 2026-10-07 15:47:10 ts/utils.py:121 Relative goal position magnitude had to be clamped to be safe.
{   'elbow_flex': {   'original goal_pos': -32.043956043956044,
                      'safe goal_pos': -23.021978021978022},
    'wrist_flex': {   'original goal_pos': 135.16483516483515,
                      'safe goal_pos': 129.39560439560438}}
WARNING 2026-10-07 15:47:10 ts/utils.py:121 Relative goal position magnitude had to be clamped to be safe.
{   'elbow_flex': {   'original goal_pos': -33.0989010989011,
                      'safe goal_pos': -23.725274725274726},
    'wrist_flex': {   'original goal_pos': 137.36263736263737,
                      'safe goal_pos': 130.97802197802196}}
WARNING 2026-10-07 15:47:10 ts/utils.py:121 Relative goal position magnitude had to be clamped to be safe.
{   'elbow_flex': {   'original goal_pos': -33.8021978021978,
                      'safe goal_pos': -24.604395604395606},
    'wrist_flex': {   'original goal_pos': 139.03296703296704,
                      'safe goal_pos': 132.47252747252747}}
WARNING 2026-10-07 15:47:10 ts/utils.py:121 Relative goal position magnitude had to be clamped to be safe.
{   'elbow_flex': {   'original goal_pos': -34.32967032967033,
                      'safe goal_pos': -25.395604395604394},
    'shoulder_lift': {   'original goal_pos': 20.52747252747253,
                         'safe goal_pos': 20.582417582417584},
    'wrist_flex': {   'original goal_pos': 140.43956043956044,
                      'safe goal_pos': 133.96703296703296}}
WARNING 2026-10-07 15:47:10 ts/utils.py:121 Relative goal position magnitude had to be clamped to be safe.
{   'elbow_flex': {   'original goal_pos': -34.505494505494504,
                      'safe goal_pos': -26.186813186813186},
    'shoulder_lift': {   'original goal_pos': 18.32967032967033,
                         'safe goal_pos': 19.175824175824175},
    'wrist_flex': {   'original goal_pos': 141.58241758241758,
                      'safe goal_pos': 135.46153846153845}}
WARNING 2026-10-07 15:47:10 ts/utils.py:121 Relative goal position magnitude had to be clamped to be safe.
{   'elbow_flex': {   'original goal_pos': -34.59340659340659,
                      'safe goal_pos': -26.978021978021978},
    'shoulder_lift': {   'original goal_pos': 16.13186813186813,
                         'safe goal_pos': 17.76923076923077},
    'wrist_flex': {   'original goal_pos': 142.8131868131868,
                      'safe goal_pos': 136.86813186813185}}
WARNING 2026-10-07 15:47:10 ts/utils.py:121 Relative goal position magnitude had to be clamped to be safe.
{   'elbow_flex': {   'original goal_pos': -34.59340659340659,
                      'safe goal_pos': -27.857142857142858},
    'shoulder_lift': {   'original goal_pos': 13.846153846153847,
                         'safe goal_pos': 16.274725274725274},
    'wrist_flex': {   'original goal_pos': 144.30769230769232,
                      'safe goal_pos': 138.45054945054946}}
WARNING 2026-10-07 15:47:10 ts/utils.py:121 Relative goal position magnitude had to be clamped to be safe.
{   'elbow_flex': {   'original goal_pos': -34.59340659340659,
                      'safe goal_pos': -28.64835164835165},
    'shoulder_lift': {   'original goal_pos': 11.736263736263735,
                         'safe goal_pos': 14.868131868131869},
    'wrist_flex': {   'original goal_pos': 145.71428571428572,
                      'safe goal_pos': 139.85714285714286}}
WARNING 2026-10-07 15:47:10 ts/utils.py:121 Relative goal position magnitude had to be clamped to be safe.
{   'elbow_flex': {   'original goal_pos': -34.505494505494504,
                      'safe goal_pos': -29.52747252747253},
    'shoulder_lift': {   'original goal_pos': 9.626373626373626,
                         'safe goal_pos': 13.549450549450551},
    'wrist_flex': {   'original goal_pos': 147.12087912087912,
                      'safe goal_pos': 141.43956043956044}}
WARNING 2026-10-07 15:47:10 ts/utils.py:121 Relative goal position magnitude had to be clamped to be safe.
{   'elbow_flex': {   'original goal_pos': -34.417582417582416,
                      'safe goal_pos': -30.406593406593405},
    'shoulder_lift': {   'original goal_pos': 7.6923076923076925,
                         'safe goal_pos': 12.054945054945055},
    'wrist_flex': {   'original goal_pos': 148.7032967032967,
                      'safe goal_pos': 142.93406593406593}}
WARNING 2026-10-07 15:47:10 ts/utils.py:121 Relative goal position magnitude had to be clamped to be safe.
{   'elbow_flex': {   'original goal_pos': -34.417582417582416,
                      'safe goal_pos': -31.285714285714285},
    'shoulder_lift': {   'original goal_pos': 5.934065934065934,
                         'safe goal_pos': 10.736263736263735},
    'wrist_flex': {   'original goal_pos': 150.72527472527472,
                      'safe goal_pos': 144.34065934065933}}
WARNING 2026-10-07 15:47:10 ts/utils.py:121 Relative goal position magnitude had to be clamped to be safe.
{   'elbow_flex': {   'original goal_pos': -34.417582417582416,
                      'safe goal_pos': -32.16483516483517},
    'shoulder_lift': {   'original goal_pos': 4.351648351648351,
                         'safe goal_pos': 9.241758241758241},
    'wrist_flex': {   'original goal_pos': 152.57142857142858,
                      'safe goal_pos': 145.92307692307693}}
WARNING 2026-10-07 15:47:10 ts/utils.py:121 Relative goal position magnitude had to be clamped to be safe.
{   'elbow_flex': {   'original goal_pos': -34.59340659340659,
                      'safe goal_pos': -33.043956043956044},
    'shoulder_lift': {   'original goal_pos': 2.9450549450549453,
                         'safe goal_pos': 7.747252747252746},
    'wrist_flex': {   'original goal_pos': 154.24175824175825,
                      'safe goal_pos': 147.32967032967034}}
WARNING 2026-10-07 15:47:10 ts/utils.py:121 Relative goal position magnitude had to be clamped to be safe.
{   'elbow_flex': {   'original goal_pos': -34.68131868131868,
                      'safe goal_pos': -34.01098901098901},
    'shoulder_lift': {   'original goal_pos': 1.5384615384615385,
                         'safe goal_pos': 6.340659340659341},
    'wrist_flex': {   'original goal_pos': 155.9120879120879,
                      'safe goal_pos': 148.82417582417582}}
WARNING 2026-10-07 15:47:10 ts/utils.py:121 Relative goal position magnitude had to be clamped to be safe.
{   'shoulder_lift': {   'original goal_pos': 0.3956043956043956,
                         'safe goal_pos': 4.934065934065934},
    'wrist_flex': {   'original goal_pos': 157.58241758241758,
                      'safe goal_pos': 150.4065934065934}}
WARNING 2026-10-07 15:47:11 ts/utils.py:121 Relative goal position magnitude had to be clamped to be safe.
{   'shoulder_lift': {   'original goal_pos': -0.13186813186813187,
                         'safe goal_pos': 3.5274725274725274},
    'wrist_flex': {   'original goal_pos': 159.34065934065933,
                      'safe goal_pos': 151.8131868131868}}
WARNING 2026-10-07 15:47:11 ts/utils.py:121 Relative goal position magnitude had to be clamped to be safe.
{   'shoulder_lift': {   'original goal_pos': -0.21978021978021978,
                         'safe goal_pos': 2.032967032967033},
    'wrist_flex': {   'original goal_pos': 161.27472527472528,
                      'safe goal_pos': 153.30769230769232}}
WARNING 2026-10-07 15:47:11 ts/utils.py:121 Relative goal position magnitude had to be clamped to be safe.
{   'shoulder_lift': {   'original goal_pos': -0.21978021978021978,
                         'safe goal_pos': 0.5384615384615383},
    'wrist_flex': {   'original goal_pos': 162.6813186813187,
                      'safe goal_pos': 154.8901098901099}}
WARNING 2026-10-07 15:47:11 ts/utils.py:121 Relative goal position magnitude had to be clamped to be safe.
{   'wrist_flex': {   'original goal_pos': 163.56043956043956,
                      'safe goal_pos': 156.2967032967033}}
WARNING 2026-10-07 15:47:11 ts/utils.py:121 Relative goal position magnitude had to be clamped to be safe.
{   'wrist_flex': {   'original goal_pos': 164.52747252747253,
                      'safe goal_pos': 157.87912087912088}}
WARNING 2026-10-07 15:47:11 ts/utils.py:121 Relative goal position magnitude had to be clamped to be safe.
{   'wrist_flex': {   'original goal_pos': 166.28571428571428,
                      'safe goal_pos': 159.37362637362637}}
WARNING 2026-10-07 15:47:11 ts/utils.py:121 Relative goal position magnitude had to be clamped to be safe.
{   'wrist_flex': {   'original goal_pos': 168.57142857142858,
                      'safe goal_pos': 160.78021978021977}}
WARNING 2026-10-07 15:47:11 ts/utils.py:121 Relative goal position magnitude had to be clamped to be safe.
{   'elbow_flex': {   'original goal_pos': -41.27472527472528,
                      'safe goal_pos': -41.21978021978022},
    'wrist_flex': {   'original goal_pos': 170.6813186813187,
                      'safe goal_pos': 162.36263736263737}}
WARNING 2026-10-07 15:47:11 ts/utils.py:121 Relative goal position magnitude had to be clamped to be safe.
{   'elbow_flex': {   'original goal_pos': -42.32967032967033,
                      'safe goal_pos': -42.18681318681319},
    'wrist_flex': {   'original goal_pos': 172.17582417582418,
                      'safe goal_pos': 163.85714285714286}}
WARNING 2026-10-07 15:47:11 ts/utils.py:121 Relative goal position magnitude had to be clamped to be safe.
{   'elbow_flex': {   'original goal_pos': -43.38461538461539,
                      'safe goal_pos': -43.24175824175824},
    'wrist_flex': {   'original goal_pos': 173.4065934065934,
                      'safe goal_pos': 165.17582417582418}}
WARNING 2026-10-07 15:47:11 ts/utils.py:121 Relative goal position magnitude had to be clamped to be safe.
{   'elbow_flex': {   'original goal_pos': -44.43956043956044,
                      'safe goal_pos': -44.2967032967033},
    'wrist_flex': {   'original goal_pos': 174.46153846153845,
                      'safe goal_pos': 166.84615384615384}}
WARNING 2026-10-07 15:47:11 ts/utils.py:121 Relative goal position magnitude had to be clamped to be safe.
{   'elbow_flex': {   'original goal_pos': -45.84615384615385,
                      'safe goal_pos': -45.26373626373626},
    'wrist_flex': {   'original goal_pos': 176.21978021978023,
                      'safe goal_pos': 168.25274725274724}}
WARNING 2026-10-07 15:47:11 ts/utils.py:121 Relative goal position magnitude had to be clamped to be safe.
{   'elbow_flex': {   'original goal_pos': -47.604395604395606,
                      'safe goal_pos': -46.40659340659341},
    'wrist_flex': {   'original goal_pos': 178.06593406593407,
                      'safe goal_pos': 169.74725274725276}}
WARNING 2026-10-07 15:47:11 ts/utils.py:121 Relative goal position magnitude had to be clamped to be safe.
{   'elbow_flex': {   'original goal_pos': -49.45054945054945,
                      'safe goal_pos': -47.37362637362637},
    'wrist_flex': {   'original goal_pos': 180.0,
                      'safe goal_pos': 171.24175824175825}}
WARNING 2026-10-07 15:47:11 ts/utils.py:121 Relative goal position magnitude had to be clamped to be safe.
{   'elbow_flex': {   'original goal_pos': -51.472527472527474,
                      'safe goal_pos': -48.51648351648352},
    'wrist_flex': {   'original goal_pos': -178.5054945054945,
                      'safe goal_pos': 162.73626373626374}}
WARNING 2026-10-07 15:47:11 ts/utils.py:121 Relative goal position magnitude had to be clamped to be safe.
{   'elbow_flex': {   'original goal_pos': -53.494505494505496,
                      'safe goal_pos': -49.57142857142857},
    'wrist_flex': {   'original goal_pos': -176.92307692307693,
                      'safe goal_pos': 164.14285714285714}}
WARNING 2026-10-07 15:47:11 ts/utils.py:121 Relative goal position magnitude had to be clamped to be safe.
{   'elbow_flex': {   'original goal_pos': -55.51648351648352,
                      'safe goal_pos': -50.53846153846154},
    'wrist_flex': {   'original goal_pos': -175.42857142857142,
                      'safe goal_pos': 164.4065934065934}}
WARNING 2026-10-07 15:47:11 ts/utils.py:121 Relative goal position magnitude had to be clamped to be safe.
{   'elbow_flex': {   'original goal_pos': -57.714285714285715,
                      'safe goal_pos': -51.59340659340659},
    'wrist_flex': {   'original goal_pos': -174.02197802197801,
                      'safe goal_pos': 163.0}}
WARNING 2026-10-07 15:47:11 ts/utils.py:121 Relative goal position magnitude had to be clamped to be safe.
{   'elbow_flex': {   'original goal_pos': -59.824175824175825,
                      'safe goal_pos': -52.73626373626374},
    'wrist_flex': {   'original goal_pos': -172.7032967032967,
                      'safe goal_pos': 161.41758241758242}}
WARNING 2026-10-07 15:47:11 ts/utils.py:121 Relative goal position magnitude had to be clamped to be safe.
{   'elbow_flex': {   'original goal_pos': -61.84615384615385,
                      'safe goal_pos': -53.879120879120876},
    'wrist_flex': {   'original goal_pos': -171.64835164835165,
                      'safe goal_pos': 160.1868131868132}}
WARNING 2026-10-07 15:47:11 ts/utils.py:121 Relative goal position magnitude had to be clamped to be safe.
{   'elbow_flex': {   'original goal_pos': -64.04395604395604,
                      'safe goal_pos': -54.934065934065934},
    'wrist_flex': {   'original goal_pos': -170.5934065934066,
                      'safe goal_pos': 158.95604395604394}}
WARNING 2026-10-07 15:47:11 ts/utils.py:121 Relative goal position magnitude had to be clamped to be safe.
{   'elbow_flex': {   'original goal_pos': -66.24175824175825,
                      'safe goal_pos': -56.07692307692308},
    'wrist_flex': {   'original goal_pos': -169.45054945054946,
                      'safe goal_pos': 157.54945054945054}}
WARNING 2026-10-07 15:47:11 ts/utils.py:121 Relative goal position magnitude had to be clamped to be safe.
{   'elbow_flex': {   'original goal_pos': -68.43956043956044,
                      'safe goal_pos': -57.21978021978022},
    'wrist_flex': {   'original goal_pos': -167.95604395604394,
                      'safe goal_pos': 156.3186813186813}}
WARNING 2026-10-07 15:47:11 ts/utils.py:121 Relative goal position magnitude had to be clamped to be safe.
{   'elbow_flex': {   'original goal_pos': -70.46153846153847,
                      'safe goal_pos': -58.362637362637365},
    'wrist_flex': {   'original goal_pos': -166.1978021978022,
                      'safe goal_pos': 155.0}}
WARNING 2026-10-07 15:47:11 ts/utils.py:121 Relative goal position magnitude had to be clamped to be safe.
{   'elbow_flex': {   'original goal_pos': -72.48351648351648,
                      'safe goal_pos': -59.59340659340659},
    'wrist_flex': {   'original goal_pos': -164.43956043956044,
                      'safe goal_pos': 153.6813186813187}}
WARNING 2026-10-07 15:47:11 ts/utils.py:121 Relative goal position magnitude had to be clamped to be safe.
{   'elbow_flex': {   'original goal_pos': -74.32967032967034,
                      'safe goal_pos': -60.73626373626374},
    'wrist_flex': {   'original goal_pos': -162.85714285714286,
                      'safe goal_pos': 152.36263736263737}}
WARNING 2026-10-07 15:47:11 ts/utils.py:121 Relative goal position magnitude had to be clamped to be safe.
{   'elbow_flex': {   'original goal_pos': -75.91208791208791,
                      'safe goal_pos': -61.879120879120876},
    'wrist_flex': {   'original goal_pos': -161.27472527472528,
                      'safe goal_pos': 150.95604395604394}}
WARNING 2026-10-07 15:47:11 ts/utils.py:121 Relative goal position magnitude had to be clamped to be safe.
{   'elbow_flex': {   'original goal_pos': -77.58241758241758,
                      'safe goal_pos': -63.10989010989011},
    'wrist_flex': {   'original goal_pos': -159.69230769230768,
                      'safe goal_pos': 149.72527472527472}}
WARNING 2026-10-07 15:47:11 ts/utils.py:121 Relative goal position magnitude had to be clamped to be safe.
{   'elbow_flex': {   'original goal_pos': -79.42857142857143,
                      'safe goal_pos': -64.34065934065934},
    'wrist_flex': {   'original goal_pos': -158.1098901098901,
                      'safe goal_pos': 148.23076923076923}}
WARNING 2026-10-07 15:47:11 ts/utils.py:121 Relative goal position magnitude had to be clamped to be safe.
{   'elbow_flex': {   'original goal_pos': -81.27472527472527,
                      'safe goal_pos': -65.65934065934066},
    'wrist_flex': {   'original goal_pos': -156.35164835164835,
                      'safe goal_pos': 147.0}}
WARNING 2026-10-07 15:47:12 ts/utils.py:121 Relative goal position magnitude had to be clamped to be safe.
{   'elbow_flex': {   'original goal_pos': -83.12087912087912,
                      'safe goal_pos': -66.80219780219781},
    'wrist_flex': {   'original goal_pos': -154.76923076923077,
                      'safe goal_pos': 145.6813186813187}}
WARNING 2026-10-07 15:47:12 ts/utils.py:121 Relative goal position magnitude had to be clamped to be safe.
{   'elbow_flex': {   'original goal_pos': -85.14285714285714,
                      'safe goal_pos': -68.12087912087912},
    'wrist_flex': {   'original goal_pos': -153.45054945054946,
                      'safe goal_pos': 144.36263736263737}}
WARNING 2026-10-07 15:47:12 ts/utils.py:121 Relative goal position magnitude had to be clamped to be safe.
{   'elbow_flex': {   'original goal_pos': -86.9010989010989,
                      'safe goal_pos': -69.35164835164835},
    'wrist_flex': {   'original goal_pos': -152.65934065934067,
                      'safe goal_pos': 142.95604395604394}}
WARNING 2026-10-07 15:47:12 ts/utils.py:121 Relative goal position magnitude had to be clamped to be safe.
{   'elbow_flex': {   'original goal_pos': -88.65934065934066,
                      'safe goal_pos': -70.67032967032966},
    'wrist_flex': {   'original goal_pos': -152.57142857142858,
                      'safe goal_pos': 141.72527472527472}}
WARNING 2026-10-07 15:47:12 ts/utils.py:121 Relative goal position magnitude had to be clamped to be safe.
{   'elbow_flex': {   'original goal_pos': -90.85714285714286,
                      'safe goal_pos': -71.9010989010989},
    'wrist_flex': {   'original goal_pos': -152.57142857142858,
                      'safe goal_pos': 140.4065934065934}}
WARNING 2026-10-07 15:47:12 ts/utils.py:121 Relative goal position magnitude had to be clamped to be safe.
{   'elbow_flex': {   'original goal_pos': -93.14285714285714,
                      'safe goal_pos': -73.21978021978022},
    'wrist_flex': {   'original goal_pos': -152.57142857142858,
                      'safe goal_pos': 139.0}}
WARNING 2026-10-07 15:47:12 ts/utils.py:121 Relative goal position magnitude had to be clamped to be safe.
{   'elbow_flex': {   'original goal_pos': -95.42857142857143,
                      'safe goal_pos': -74.62637362637362},
    'wrist_flex': {   'original goal_pos': -152.57142857142858,
                      'safe goal_pos': 137.6813186813187}}
WARNING 2026-10-07 15:47:12 ts/utils.py:121 Relative goal position magnitude had to be clamped to be safe.
{   'elbow_flex': {   'original goal_pos': -97.53846153846153,
                      'safe goal_pos': -75.85714285714286},
    'wrist_flex': {   'original goal_pos': -152.57142857142858,
                      'safe goal_pos': 136.27472527472528}}
WARNING 2026-10-07 15:47:12 ts/utils.py:121 Relative goal position magnitude had to be clamped to be safe.
{   'elbow_flex': {   'original goal_pos': -99.91208791208791,
                      'safe goal_pos': -77.35164835164835},
    'wrist_flex': {   'original goal_pos': -152.57142857142858,
                      'safe goal_pos': 134.95604395604394}}
WARNING 2026-10-07 15:47:12 ts/utils.py:121 Relative goal position magnitude had to be clamped to be safe.
{   'elbow_flex': {   'original goal_pos': -102.1978021978022,
                      'safe goal_pos': -78.67032967032966},
    'wrist_flex': {   'original goal_pos': -152.65934065934067,
                      'safe goal_pos': 133.54945054945054}}
WARNING 2026-10-07 15:47:12 ts/utils.py:121 Relative goal position magnitude had to be clamped to be safe.
{   'elbow_flex': {   'original goal_pos': -103.6923076923077,
                      'safe goal_pos': -80.07692307692308},
    'wrist_flex': {   'original goal_pos': -152.74725274725276,
                      'safe goal_pos': 132.14285714285714}}
WARNING 2026-10-07 15:47:12 ts/utils.py:121 Relative goal position magnitude had to be clamped to be safe.
{   'elbow_flex': {   'original goal_pos': -104.92307692307692,
                      'safe goal_pos': -81.57142857142857},
    'wrist_flex': {   'original goal_pos': -153.0989010989011,
                      'safe goal_pos': 130.82417582417582}}
WARNING 2026-10-07 15:47:12 ts/utils.py:121 Relative goal position magnitude had to be clamped to be safe.
{   'elbow_flex': {   'original goal_pos': -105.97802197802197,
                      'safe goal_pos': -83.06593406593407},
    'wrist_flex': {   'original goal_pos': -154.06593406593407,
                      'safe goal_pos': 129.32967032967034}}
WARNING 2026-10-07 15:47:12 ts/utils.py:121 Relative goal position magnitude had to be clamped to be safe.
{   'elbow_flex': {   'original goal_pos': -106.85714285714286,
                      'safe goal_pos': -84.56043956043956},
    'wrist_flex': {   'original goal_pos': -155.12087912087912,
                      'safe goal_pos': 128.01098901098902}}
WARNING 2026-10-07 15:47:12 ts/utils.py:121 Relative goal position magnitude had to be clamped to be safe.
{   'elbow_flex': {   'original goal_pos': -107.91208791208791,
                      'safe goal_pos': -85.96703296703296},
    'wrist_flex': {   'original goal_pos': -156.26373626373626,
                      'safe goal_pos': 126.5164835164835}}
WARNING 2026-10-07 15:47:12 ts/utils.py:121 Relative goal position magnitude had to be clamped to be safe.
{   'elbow_flex': {   'original goal_pos': -109.23076923076923,
                      'safe goal_pos': -87.46153846153847},
    'wrist_flex': {   'original goal_pos': -157.3186813186813,
                      'safe goal_pos': 125.1098901098901}}
WARNING 2026-10-07 15:47:12 ts/utils.py:121 Relative goal position magnitude had to be clamped to be safe.
{   'elbow_flex': {   'original goal_pos': -110.9010989010989,
                      'safe goal_pos': -89.13186813186813},
    'shoulder_lift': {   'original goal_pos': 6.989010989010989,
                         'safe goal_pos': 6.758241758241758},
    'wrist_flex': {   'original goal_pos': -158.1978021978022,
                      'safe goal_pos': 123.7032967032967}}
WARNING 2026-10-07 15:47:12 ts/utils.py:121 Relative goal position magnitude had to be clamped to be safe.
{   'elbow_flex': {   'original goal_pos': -112.92307692307692,
                      'safe goal_pos': -90.71428571428571},
    'shoulder_lift': {   'original goal_pos': 8.571428571428571,
                         'safe goal_pos': 7.461538461538462},
    'wrist_flex': {   'original goal_pos': -159.16483516483515,
                      'safe goal_pos': 122.20879120879121}}
WARNING 2026-10-07 15:47:12 ts/utils.py:121 Relative goal position magnitude had to be clamped to be safe.
{   'elbow_flex': {   'original goal_pos': -115.20879120879121,
                      'safe goal_pos': -92.2967032967033},
    'shoulder_lift': {   'original goal_pos': 10.153846153846153,
                         'safe goal_pos': 8.076923076923077},
    'wrist_flex': {   'original goal_pos': -160.04395604395606,
                      'safe goal_pos': 120.53846153846153}}
WARNING 2026-10-07 15:47:12 ts/utils.py:121 Relative goal position magnitude had to be clamped to be safe.
{   'elbow_flex': {   'original goal_pos': -117.58241758241758,
                      'safe goal_pos': -93.96703296703296},
    'shoulder_lift': {   'original goal_pos': 11.912087912087912,
                         'safe goal_pos': 8.692307692307693},
    'wrist_flex': {   'original goal_pos': -161.01098901098902,
                      'safe goal_pos': 119.04395604395604}}
WARNING 2026-10-07 15:47:12 ts/utils.py:121 Relative goal position magnitude had to be clamped to be safe.
{   'elbow_flex': {   'original goal_pos': -119.86813186813187,
                      'safe goal_pos': -95.46153846153847},
    'shoulder_lift': {   'original goal_pos': 13.846153846153847,
                         'safe goal_pos': 9.307692307692307},
    'wrist_flex': {   'original goal_pos': -161.71428571428572,
                      'safe goal_pos': 117.81318681318682}}
WARNING 2026-10-07 15:47:12 ts/utils.py:121 Relative goal position magnitude had to be clamped to be safe.
{   'elbow_flex': {   'original goal_pos': -122.06593406593407,
                      'safe goal_pos': -97.04395604395604},
    'shoulder_lift': {   'original goal_pos': 16.043956043956044,
                         'safe goal_pos': 10.098901098901099},
    'wrist_flex': {   'original goal_pos': -162.32967032967034,
                      'safe goal_pos': 116.23076923076923}}
WARNING 2026-10-07 15:47:12 ts/utils.py:121 Relative goal position magnitude had to be clamped to be safe.
{   'elbow_flex': {   'original goal_pos': -124.35164835164835,
                      'safe goal_pos': -98.53846153846153},
    'shoulder_lift': {   'original goal_pos': 18.32967032967033,
                         'safe goal_pos': 10.802197802197803},
    'wrist_flex': {   'original goal_pos': -163.03296703296704,
                      'safe goal_pos': 114.82417582417582}}
WARNING 2026-10-07 15:47:12 ts/utils.py:121 Relative goal position magnitude had to be clamped to be safe.
{   'elbow_flex': {   'original goal_pos': -126.9010989010989,
                      'safe goal_pos': -100.12087912087912},
    'shoulder_lift': {   'original goal_pos': 20.703296703296704,
                         'safe goal_pos': 11.505494505494505},
    'wrist_flex': {   'original goal_pos': -164.0,
                      'safe goal_pos': 113.24175824175825}}
WARNING 2026-10-07 15:47:12 ts/utils.py:121 Relative goal position magnitude had to be clamped to be safe.
{   'elbow_flex': {   'original goal_pos': -129.27472527472528,
                      'safe goal_pos': -101.7032967032967},
    'shoulder_lift': {   'original goal_pos': 23.164835164835164,
                         'safe goal_pos': 12.032967032967033},
    'wrist_flex': {   'original goal_pos': -165.14285714285714,
                      'safe goal_pos': 111.57142857142857}}
WARNING 2026-10-07 15:47:12 ts/utils.py:121 Relative goal position magnitude had to be clamped to be safe.
{   'elbow_flex': {   'original goal_pos': -131.47252747252747,
                      'safe goal_pos': -103.37362637362638},
    'shoulder_lift': {   'original goal_pos': 25.626373626373628,
                         'safe goal_pos': 12.736263736263737},
    'wrist_flex': {   'original goal_pos': -166.1978021978022,
                      'safe goal_pos': 110.16483516483517}}
WARNING 2026-10-07 15:47:12 ts/utils.py:121 Relative goal position magnitude had to be clamped to be safe.
{   'elbow_flex': {   'original goal_pos': -133.84615384615384,
                      'safe goal_pos': -104.95604395604396},
    'shoulder_lift': {   'original goal_pos': 27.912087912087912,
                         'safe goal_pos': 13.263736263736265},
    'wrist_flex': {   'original goal_pos': -167.25274725274724,
                      'safe goal_pos': 108.58241758241758}}
WARNING 2026-10-07 15:47:12 ts/utils.py:121 Relative goal position magnitude had to be clamped to be safe.
{   'elbow_flex': {   'original goal_pos': -136.04395604395606,
                      'safe goal_pos': -106.53846153846153},
    'shoulder_lift': {   'original goal_pos': 30.10989010989011,
                         'safe goal_pos': 13.87912087912088},
    'wrist_flex': {   'original goal_pos': -168.21978021978023,
                      'safe goal_pos': 107.08791208791209}}
WARNING 2026-10-07 15:47:12 ts/utils.py:121 Relative goal position magnitude had to be clamped to be safe.
{   'elbow_flex': {   'original goal_pos': -138.06593406593407,
                      'safe goal_pos': -108.12087912087912},
    'shoulder_lift': {   'original goal_pos': 32.13186813186813,
                         'safe goal_pos': 14.406593406593407},
    'wrist_flex': {   'original goal_pos': -169.0989010989011,
                      'safe goal_pos': 105.50549450549451}}
WARNING 2026-10-07 15:47:12 ts/utils.py:121 Relative goal position magnitude had to be clamped to be safe.
{   'elbow_flex': {   'original goal_pos': -140.0879120879121,
                      'safe goal_pos': -109.79120879120879},
    'shoulder_lift': {   'original goal_pos': 33.714285714285715,
                         'safe goal_pos': 14.934065934065934},
    'wrist_flex': {   'original goal_pos': -169.8901098901099,
                      'safe goal_pos': 103.92307692307692}}
WARNING 2026-10-07 15:47:13 ts/utils.py:121 Relative goal position magnitude had to be clamped to be safe.
{   'elbow_flex': {   'original goal_pos': -142.1978021978022,
                      'safe goal_pos': -111.37362637362638},
    'shoulder_lift': {   'original goal_pos': 35.2967032967033,
                         'safe goal_pos': 15.461538461538462},
    'wrist_flex': {   'original goal_pos': -170.6813186813187,
                      'safe goal_pos': 102.42857142857143}}
WARNING 2026-10-07 15:47:13 ts/utils.py:121 Relative goal position magnitude had to be clamped to be safe.
{   'elbow_flex': {   'original goal_pos': -144.3956043956044,
                      'safe goal_pos': -113.04395604395604},
    'shoulder_lift': {   'original goal_pos': 36.61538461538461,
                         'safe goal_pos': 15.989010989010989},
    'wrist_flex': {   'original goal_pos': -171.64835164835165,
                      'safe goal_pos': 100.84615384615384}}
WARNING 2026-10-07 15:47:13 ts/utils.py:121 Relative goal position magnitude had to be clamped to be safe.
{   'elbow_flex': {   'original goal_pos': -146.5054945054945,
                      'safe goal_pos': -114.71428571428571},
    'shoulder_lift': {   'original goal_pos': 37.75824175824176,
                         'safe goal_pos': 16.516483516483518},
    'wrist_flex': {   'original goal_pos': -173.14285714285714,
                      'safe goal_pos': 99.35164835164835}}
WARNING 2026-10-07 15:47:13 ts/utils.py:121 Relative goal position magnitude had to be clamped to be safe.
{   'elbow_flex': {   'original goal_pos': -148.35164835164835,
                      'safe goal_pos': -116.2967032967033},
    'shoulder_lift': {   'original goal_pos': 38.72527472527472,
                         'safe goal_pos': 17.13186813186813},
    'wrist_flex': {   'original goal_pos': -175.16483516483515,
                      'safe goal_pos': 97.76923076923077}}
WARNING 2026-10-07 15:47:13 ts/utils.py:121 Relative goal position magnitude had to be clamped to be safe.
{   'elbow_flex': {   'original goal_pos': -149.93406593406593,
                      'safe goal_pos': -117.96703296703296},
    'shoulder_lift': {   'original goal_pos': 39.69230769230769,
                         'safe goal_pos': 17.483516483516482},
    'wrist_flex': {   'original goal_pos': -177.53846153846155,
                      'safe goal_pos': 96.0989010989011}}
WARNING 2026-10-07 15:47:13 ts/utils.py:121 Relative goal position magnitude had to be clamped to be safe.
{   'elbow_flex': {   'original goal_pos': -151.07692307692307,
                      'safe goal_pos': -119.63736263736264},
    'shoulder_lift': {   'original goal_pos': 40.21978021978022,
                         'safe goal_pos': 18.01098901098901},
    'wrist_flex': {   'original goal_pos': 180.0879120879121,
                      'safe goal_pos': 104.6043956043956}}
WARNING 2026-10-07 15:47:13 ts/utils.py:121 Relative goal position magnitude had to be clamped to be safe.
{   'elbow_flex': {   'original goal_pos': -152.13186813186815,
                      'safe goal_pos': -121.3076923076923},
    'shoulder_lift': {   'original goal_pos': 40.747252747252745,
                         'safe goal_pos': 18.450549450549453},
    'wrist_flex': {   'original goal_pos': 177.1868131868132,
                      'safe goal_pos': 103.10989010989012}}
WARNING 2026-10-07 15:47:13 ts/utils.py:121 Relative goal position magnitude had to be clamped to be safe.
{   'elbow_flex': {   'original goal_pos': -152.74725274725276,
                      'safe goal_pos': -123.06593406593407},
    'shoulder_lift': {   'original goal_pos': 41.0989010989011,
                         'safe goal_pos': 18.89010989010989},
    'wrist_flex': {   'original goal_pos': 173.14285714285714,
                      'safe goal_pos': 102.75824175824175}}
WARNING 2026-10-07 15:47:13 ts/utils.py:121 Relative goal position magnitude had to be clamped to be safe.
{   'elbow_flex': {   'original goal_pos': -153.01098901098902,
                      'safe goal_pos': -124.82417582417582},
    'shoulder_lift': {   'original goal_pos': 41.27472527472528,
                         'safe goal_pos': 19.24175824175824},
    'wrist_flex': {   'original goal_pos': 168.74725274725276,
                      'safe goal_pos': 103.81318681318682}}
WARNING 2026-10-07 15:47:13 ts/utils.py:121 Relative goal position magnitude had to be clamped to be safe.
{   'elbow_flex': {   'original goal_pos': -153.01098901098902,
                      'safe goal_pos': -126.49450549450549},
    'shoulder_lift': {   'original goal_pos': 41.362637362637365,
                         'safe goal_pos': 19.417582417582416},
    'wrist_flex': {   'original goal_pos': 163.9120879120879,
                      'safe goal_pos': 105.3956043956044}}
WARNING 2026-10-07 15:47:13 ts/utils.py:121 Relative goal position magnitude had to be clamped to be safe.
{   'elbow_flex': {   'original goal_pos': -153.01098901098902,
                      'safe goal_pos': -128.16483516483515},
    'shoulder_lift': {   'original goal_pos': 41.45054945054945,
                         'safe goal_pos': 19.59340659340659},
    'wrist_flex': {   'original goal_pos': 159.42857142857142,
                      'safe goal_pos': 106.71428571428571}}
WARNING 2026-10-07 15:47:13 ts/utils.py:121 Relative goal position magnitude had to be clamped to be safe.
{   'elbow_flex': {   'original goal_pos': -153.01098901098902,
                      'safe goal_pos': -129.83516483516485},
    'shoulder_lift': {   'original goal_pos': 41.53846153846154,
                         'safe goal_pos': 20.032967032967033},
    'wrist_flex': {   'original goal_pos': 154.5934065934066,
                      'safe goal_pos': 108.03296703296704}}
WARNING 2026-10-07 15:47:13 ts/utils.py:121 Relative goal position magnitude had to be clamped to be safe.
{   'elbow_flex': {   'original goal_pos': -153.01098901098902,
                      'safe goal_pos': -131.5934065934066},
    'shoulder_lift': {   'original goal_pos': 41.53846153846154,
                         'safe goal_pos': 20.2967032967033},
    'wrist_flex': {   'original goal_pos': 149.58241758241758,
                      'safe goal_pos': 109.35164835164835}}
WARNING 2026-10-07 15:47:13 ts/utils.py:121 Relative goal position magnitude had to be clamped to be safe.
{   'elbow_flex': {   'original goal_pos': -153.01098901098902,
                      'safe goal_pos': -133.26373626373626},
    'shoulder_lift': {   'original goal_pos': 41.53846153846154,
                         'safe goal_pos': 20.64835164835165},
    'wrist_flex': {   'original goal_pos': 144.13186813186815,
                      'safe goal_pos': 110.58241758241758}}
WARNING 2026-10-07 15:47:13 ts/utils.py:121 Relative goal position magnitude had to be clamped to be safe.
{   'elbow_flex': {   'original goal_pos': -153.01098901098902,
                      'safe goal_pos': -135.02197802197801},
    'shoulder_lift': {   'original goal_pos': 41.53846153846154,
                         'safe goal_pos': 21.0},
    'wrist_flex': {   'original goal_pos': 138.5934065934066,
                      'safe goal_pos': 111.9010989010989}}
WARNING 2026-10-07 15:47:13 ts/utils.py:121 Relative goal position magnitude had to be clamped to be safe.
{   'elbow_flex': {   'original goal_pos': -153.01098901098902,
                      'safe goal_pos': -136.69230769230768},
    'shoulder_lift': {   'original goal_pos': 41.53846153846154,
                         'safe goal_pos': 21.263736263736263},
    'wrist_flex': {   'original goal_pos': 133.23076923076923,
                      'safe goal_pos': 113.13186813186813}}
WARNING 2026-10-07 15:47:13 ts/utils.py:121 Relative goal position magnitude had to be clamped to be safe.
{   'elbow_flex': {   'original goal_pos': -153.01098901098902,
                      'safe goal_pos': -138.53846153846155},
    'shoulder_lift': {   'original goal_pos': 41.53846153846154,
                         'safe goal_pos': 21.615384615384617},
    'wrist_flex': {   'original goal_pos': 127.6923076923077,
                      'safe goal_pos': 114.62637362637362}}
WARNING 2026-10-07 15:47:13 ts/utils.py:121 Relative goal position magnitude had to be clamped to be safe.
{   'elbow_flex': {   'original goal_pos': -153.01098901098902,
                      'safe goal_pos': -140.12087912087912},
    'shoulder_lift': {   'original goal_pos': 41.53846153846154,
                         'safe goal_pos': 21.615384615384617},
    'wrist_flex': {   'original goal_pos': 123.47252747252747,
                      'safe goal_pos': 115.85714285714286}}
WARNING 2026-10-07 15:47:13 ts/utils.py:121 Relative goal position magnitude had to be clamped to be safe.
{   'elbow_flex': {   'original goal_pos': -153.01098901098902,
                      'safe goal_pos': -141.7032967032967},
    'shoulder_lift': {   'original goal_pos': 41.362637362637365,
                         'safe goal_pos': 21.791208791208792},
    'wrist_flex': {   'original goal_pos': 121.01098901098901,
                      'safe goal_pos': 117.08791208791209}}
WARNING 2026-10-07 15:47:13 ts/utils.py:121 Relative goal position magnitude had to be clamped to be safe.
{   'elbow_flex': {   'original goal_pos': -153.01098901098902,
                      'safe goal_pos': -143.46153846153845},
    'shoulder_lift': {   'original goal_pos': 41.27472527472528,
                         'safe goal_pos': 21.87912087912088},
    'wrist_flex': {   'original goal_pos': 119.42857142857143,
                      'safe goal_pos': 118.49450549450549}}
WARNING 2026-10-07 15:47:13 ts/utils.py:121 Relative goal position magnitude had to be clamped to be safe.
{   'elbow_flex': {   'original goal_pos': -153.0989010989011,
                      'safe goal_pos': -145.21978021978023},
    'shoulder_lift': {   'original goal_pos': 41.27472527472528,
                         'safe goal_pos': 22.142857142857142}}
WARNING 2026-10-07 15:47:13 ts/utils.py:121 Relative goal position magnitude had to be clamped to be safe.
{   'elbow_flex': {   'original goal_pos': -153.1868131868132,
                      'safe goal_pos': -146.97802197802199},
    'shoulder_lift': {   'original goal_pos': 41.18681318681319,
                         'safe goal_pos': 22.318681318681318}}
WARNING 2026-10-07 15:47:13 ts/utils.py:121 Relative goal position magnitude had to be clamped to be safe.
{   'elbow_flex': {   'original goal_pos': -153.1868131868132,
                      'safe goal_pos': -148.73626373626374},
    'shoulder_lift': {   'original goal_pos': 41.18681318681319,
                         'safe goal_pos': 22.582417582417584}}
WARNING 2026-10-07 15:47:13 ts/utils.py:121 Relative goal position magnitude had to be clamped to be safe.
{   'elbow_flex': {   'original goal_pos': -153.1868131868132,
                      'safe goal_pos': -150.4065934065934},
    'shoulder_lift': {   'original goal_pos': 41.18681318681319,
                         'safe goal_pos': 22.846153846153847},
    'wrist_roll': {   'original goal_pos': -6.813186813186813,
                      'safe goal_pos': -6.450549450549451}}
WARNING 2026-10-07 15:47:13 ts/utils.py:121 Relative goal position magnitude had to be clamped to be safe.
{   'elbow_flex': {   'original goal_pos': -153.1868131868132,
                      'safe goal_pos': -152.16483516483515},
    'shoulder_lift': {   'original goal_pos': 41.18681318681319,
                         'safe goal_pos': 23.285714285714285},
    'wrist_flex': {   'original goal_pos': 108.96703296703296,
                      'safe goal_pos': 109.37362637362638},
    'wrist_roll': {   'original goal_pos': -8.307692307692308,
                      'safe goal_pos': -8.032967032967033}}
WARNING 2026-10-07 15:47:13 ts/utils.py:121 Relative goal position magnitude had to be clamped to be safe.
{   'shoulder_lift': {   'original goal_pos': 41.18681318681319,
                         'safe goal_pos': 23.54945054945055},
    'wrist_flex': {   'original goal_pos': 106.68131868131869,
                      'safe goal_pos': 107.79120879120879},
    'wrist_roll': {   'original goal_pos': -9.626373626373626,
                      'safe goal_pos': -9.43956043956044}}
WARNING 2026-10-07 15:47:13 ts/utils.py:121 Relative goal position magnitude had to be clamped to be safe.
{   'shoulder_lift': {   'original goal_pos': 41.18681318681319,
                         'safe goal_pos': 23.63736263736264},
    'wrist_flex': {   'original goal_pos': 104.3076923076923,
                      'safe goal_pos': 106.12087912087912}}
WARNING 2026-10-07 15:47:13 ts/utils.py:121 Relative goal position magnitude had to be clamped to be safe.
{   'shoulder_lift': {   'original goal_pos': 41.0989010989011,
                         'safe goal_pos': 23.63736263736264},
    'wrist_flex': {   'original goal_pos': 101.84615384615384,
                      'safe goal_pos': 104.53846153846153}}
WARNING 2026-10-07 15:47:13 ts/utils.py:121 Relative goal position magnitude had to be clamped to be safe.
{   'shoulder_lift': {   'original goal_pos': 41.0989010989011,
                         'safe goal_pos': 23.63736263736264},
    'wrist_flex': {   'original goal_pos': 99.2967032967033,
                      'safe goal_pos': 102.86813186813187}}
WARNING 2026-10-07 15:47:13 ts/utils.py:121 Relative goal position magnitude had to be clamped to be safe.
{   'shoulder_lift': {   'original goal_pos': 40.92307692307692,
                         'safe goal_pos': 23.63736263736264},
    'wrist_flex': {   'original goal_pos': 97.36263736263736,
                      'safe goal_pos': 101.37362637362638}}
WARNING 2026-10-07 15:47:14 ts/utils.py:121 Relative goal position magnitude had to be clamped to be safe.
{   'shoulder_lift': {   'original goal_pos': 40.48351648351648,
                         'safe goal_pos': 23.63736263736264},
    'wrist_flex': {   'original goal_pos': 96.04395604395604,
                      'safe goal_pos': 99.7032967032967}}
WARNING 2026-10-07 15:47:14 ts/utils.py:121 Relative goal position magnitude had to be clamped to be safe.
{   'shoulder_lift': {   'original goal_pos': 39.956043956043956,
                         'safe goal_pos': 23.63736263736264},
    'wrist_flex': {   'original goal_pos': 95.86813186813187,
                      'safe goal_pos': 98.20879120879121}}
WARNING 2026-10-07 15:47:14 ts/utils.py:121 Relative goal position magnitude had to be clamped to be safe.
{   'shoulder_lift': {   'original goal_pos': 39.16483516483517,
                         'safe goal_pos': 23.63736263736264},
    'wrist_flex': {   'original goal_pos': 95.95604395604396,
                      'safe goal_pos': 96.53846153846153},
    'wrist_roll': {   'original goal_pos': -18.153846153846153,
                      'safe goal_pos': -18.142857142857142}}
WARNING 2026-10-07 15:47:14 ts/utils.py:121 Relative goal position magnitude had to be clamped to be safe.
{   'shoulder_lift': {   'original goal_pos': 38.285714285714285,
                         'safe goal_pos': 23.725274725274726}}
WARNING 2026-10-07 15:47:14 ts/utils.py:121 Relative goal position magnitude had to be clamped to be safe.
{   'shoulder_lift': {   'original goal_pos': 37.23076923076923,
                         'safe goal_pos': 23.725274725274726}}
WARNING 2026-10-07 15:47:14 ts/utils.py:121 Relative goal position magnitude had to be clamped to be safe.
{   'shoulder_lift': {   'original goal_pos': 35.91208791208791,
                         'safe goal_pos': 23.725274725274726}}
WARNING 2026-10-07 15:47:14 ts/utils.py:121 Relative goal position magnitude had to be clamped to be safe.
{   'shoulder_lift': {   'original goal_pos': 34.505494505494504,
                         'safe goal_pos': 23.725274725274726}}
WARNING 2026-10-07 15:47:14 ts/utils.py:121 Relative goal position magnitude had to be clamped to be safe.
{   'shoulder_lift': {   'original goal_pos': 32.92307692307692,
                         'safe goal_pos': 23.813186813186814}}
WARNING 2026-10-07 15:47:14 ts/utils.py:121 Relative goal position magnitude had to be clamped to be safe.
{   'shoulder_lift': {   'original goal_pos': 31.252747252747252,
                         'safe goal_pos': 23.813186813186814}}
WARNING 2026-10-07 15:47:14 ts/utils.py:121 Relative goal position magnitude had to be clamped to be safe.
{   'shoulder_lift': {   'original goal_pos': 29.75824175824176,
                         'safe goal_pos': 24.076923076923077}}
WARNING 2026-10-07 15:47:14 ts/utils.py:121 Relative goal position magnitude had to be clamped to be safe.
{   'shoulder_lift': {   'original goal_pos': 28.52747252747253,
                         'safe goal_pos': 24.076923076923077}}
WARNING 2026-10-07 15:47:14 ts/utils.py:121 Relative goal position magnitude had to be clamped to be safe.
{   'shoulder_lift': {   'original goal_pos': 27.47252747252747,
                         'safe goal_pos': 24.164835164835164}}
WARNING 2026-10-07 15:47:14 ts/utils.py:121 Relative goal position magnitude had to be clamped to be safe.
{   'shoulder_lift': {   'original goal_pos': 26.681318681318682,
                         'safe goal_pos': 24.252747252747252}}
WARNING 2026-10-07 15:47:14 ts/utils.py:121 Relative goal position magnitude had to be clamped to be safe.
{   'shoulder_lift': {   'original goal_pos': 26.065934065934066,
                         'safe goal_pos': 24.428571428571427}}
WARNING 2026-10-07 15:47:14 ts/utils.py:121 Relative goal position magnitude had to be clamped to be safe.
{   'shoulder_lift': {   'original goal_pos': 25.36263736263736,
                         'safe goal_pos': 24.604395604395606}}
WARNING 2026-10-07 15:47:14 ts/utils.py:121 Relative goal position magnitude had to be clamped to be safe.
{   'shoulder_lift': {   'original goal_pos': 24.923076923076923,
                         'safe goal_pos': 24.692307692307693}}
WARNING 2026-10-07 15:47:14 ts/utils.py:121 Relative goal position magnitude had to be clamped to be safe.
{   'shoulder_lift': {   'original goal_pos': 25.45054945054945,
                         'safe goal_pos': 25.395604395604394}}
WARNING 2026-10-07 15:47:14 ts/utils.py:121 Relative goal position magnitude had to be clamped to be safe.
{   'shoulder_lift': {   'original goal_pos': 26.24175824175824,
                         'safe goal_pos': 25.571428571428573}}
WARNING 2026-10-07 15:47:14 ts/utils.py:121 Relative goal position magnitude had to be clamped to be safe.
{   'shoulder_lift': {   'original goal_pos': 27.12087912087912,
                         'safe goal_pos': 25.571428571428573}}
WARNING 2026-10-07 15:47:14 ts/utils.py:121 Relative goal position magnitude had to be clamped to be safe.
{   'shoulder_lift': {   'original goal_pos': 27.912087912087912,
                         'safe goal_pos': 25.65934065934066}}
WARNING 2026-10-07 15:47:14 ts/utils.py:121 Relative goal position magnitude had to be clamped to be safe.
{   'shoulder_lift': {   'original goal_pos': 28.967032967032967,
                         'safe goal_pos': 25.65934065934066},
    'wrist_flex': {   'original goal_pos': 90.06593406593407,
                      'safe goal_pos': 90.20879120879121}}
WARNING 2026-10-07 15:47:14 ts/utils.py:121 Relative goal position magnitude had to be clamped to be safe.
{   'elbow_flex': {   'original goal_pos': -147.82417582417582,
                      'safe goal_pos': -148.05494505494505},
    'shoulder_lift': {   'original goal_pos': 30.197802197802197,
                         'safe goal_pos': 25.65934065934066},
    'wrist_flex': {   'original goal_pos': 86.54945054945055,
                      'safe goal_pos': 89.15384615384616}}
WARNING 2026-10-07 15:47:15 ts/utils.py:121 Relative goal position magnitude had to be clamped to be safe.
{   'elbow_flex': {   'original goal_pos': -145.8901098901099,
                      'safe goal_pos': -147.35164835164835},
    'shoulder_lift': {   'original goal_pos': 31.604395604395606,
                         'safe goal_pos': 25.65934065934066},
    'wrist_flex': {   'original goal_pos': 82.15384615384616,
                      'safe goal_pos': 87.3076923076923}}
WARNING 2026-10-07 15:47:15 ts/utils.py:121 Relative goal position magnitude had to be clamped to be safe.
{   'elbow_flex': {   'original goal_pos': -144.04395604395606,
                      'safe goal_pos': -146.47252747252747},
    'shoulder_lift': {   'original goal_pos': 33.010989010989015,
                         'safe goal_pos': 25.65934065934066},
    'wrist_flex': {   'original goal_pos': 77.31868131868131,
                      'safe goal_pos': 85.72527472527473}}
WARNING 2026-10-07 15:47:15 ts/utils.py:121 Relative goal position magnitude had to be clamped to be safe.
{   'elbow_flex': {   'original goal_pos': -142.02197802197801,
                      'safe goal_pos': -145.6813186813187},
    'shoulder_lift': {   'original goal_pos': 34.505494505494504,
                         'safe goal_pos': 25.65934065934066},
    'wrist_flex': {   'original goal_pos': 72.04395604395604,
                      'safe goal_pos': 84.4065934065934}}
WARNING 2026-10-07 15:47:15 ts/utils.py:121 Relative goal position magnitude had to be clamped to be safe.
{   'elbow_flex': {   'original goal_pos': -139.9120879120879,
                      'safe goal_pos': -144.8021978021978},
    'shoulder_lift': {   'original goal_pos': 35.824175824175825,
                         'safe goal_pos': 25.65934065934066},
    'wrist_flex': {   'original goal_pos': 67.2967032967033,
                      'safe goal_pos': 82.56043956043956}}
WARNING 2026-10-07 15:47:15 ts/utils.py:121 Relative goal position magnitude had to be clamped to be safe.
{   'elbow_flex': {   'original goal_pos': -137.62637362637363,
                      'safe goal_pos': -143.83516483516485},
    'shoulder_lift': {   'original goal_pos': 37.23076923076923,
                         'safe goal_pos': 25.65934065934066},
    'wrist_flex': {   'original goal_pos': 62.72527472527472,
                      'safe goal_pos': 81.15384615384616}}
WARNING 2026-10-07 15:47:15 ts/utils.py:121 Relative goal position magnitude had to be clamped to be safe.
{   'elbow_flex': {   'original goal_pos': -135.34065934065933,
                      'safe goal_pos': -143.04395604395606},
    'shoulder_lift': {   'original goal_pos': 38.46153846153846,
                         'safe goal_pos': 25.65934065934066},
    'wrist_flex': {   'original goal_pos': 58.76923076923077,
                      'safe goal_pos': 79.48351648351648}}
WARNING 2026-10-07 15:47:15 ts/utils.py:121 Relative goal position magnitude had to be clamped to be safe.
{   'elbow_flex': {   'original goal_pos': -133.14285714285714,
                      'safe goal_pos': -142.16483516483515},
    'shoulder_lift': {   'original goal_pos': 39.51648351648352,
                         'safe goal_pos': 25.65934065934066},
    'wrist_flex': {   'original goal_pos': 55.16483516483517,
                      'safe goal_pos': 77.81318681318682}}
WARNING 2026-10-07 15:47:15 ts/utils.py:121 Relative goal position magnitude had to be clamped to be safe.
{   'elbow_flex': {   'original goal_pos': -131.2967032967033,
                      'safe goal_pos': -141.28571428571428},
    'shoulder_lift': {   'original goal_pos': 40.747252747252745,
                         'safe goal_pos': 25.65934065934066},
    'wrist_flex': {   'original goal_pos': 52.26373626373626,
                      'safe goal_pos': 76.31868131868131}}
WARNING 2026-10-07 15:47:15 ts/utils.py:121 Relative goal position magnitude had to be clamped to be safe.
{   'elbow_flex': {   'original goal_pos': -129.53846153846155,
                      'safe goal_pos': -140.4945054945055},
    'shoulder_lift': {   'original goal_pos': 41.714285714285715,
                         'safe goal_pos': 25.65934065934066},
    'wrist_flex': {   'original goal_pos': 49.714285714285715,
                      'safe goal_pos': 74.73626373626374}}
WARNING 2026-10-07 15:47:15 ts/utils.py:121 Relative goal position magnitude had to be clamped to be safe.
{   'elbow_flex': {   'original goal_pos': -127.78021978021978,
                      'safe goal_pos': -139.6153846153846},
    'shoulder_lift': {   'original goal_pos': 42.76923076923077,
                         'safe goal_pos': 25.65934065934066},
    'wrist_flex': {   'original goal_pos': 47.604395604395606,
                      'safe goal_pos': 73.15384615384616}}
WARNING 2026-10-07 15:47:15 ts/utils.py:121 Relative goal position magnitude had to be clamped to be safe.
{   'elbow_flex': {   'original goal_pos': -126.02197802197803,
                      'safe goal_pos': -138.73626373626374},
    'shoulder_lift': {   'original goal_pos': 43.64835164835165,
                         'safe goal_pos': 25.65934065934066},
    'wrist_flex': {   'original goal_pos': 45.75824175824176,
                      'safe goal_pos': 71.57142857142857}}
WARNING 2026-10-07 15:47:15 ts/utils.py:121 Relative goal position magnitude had to be clamped to be safe.
{   'elbow_flex': {   'original goal_pos': -124.17582417582418,
                      'safe goal_pos': -137.85714285714286},
    'shoulder_lift': {   'original goal_pos': 44.61538461538461,
                         'safe goal_pos': 25.65934065934066},
    'wrist_flex': {   'original goal_pos': 44.0,
                      'safe goal_pos': 69.9010989010989}}
WARNING 2026-10-07 15:47:15 ts/utils.py:121 Relative goal position magnitude had to be clamped to be safe.
{   'elbow_flex': {   'original goal_pos': -122.32967032967034,
                      'safe goal_pos': -136.97802197802199},
    'shoulder_lift': {   'original goal_pos': 45.494505494505496,
                         'safe goal_pos': 25.65934065934066},
    'wrist_flex': {   'original goal_pos': 42.417582417582416,
                      'safe goal_pos': 68.31868131868131}}
WARNING 2026-10-07 15:47:15 ts/utils.py:121 Relative goal position magnitude had to be clamped to be safe.
{   'elbow_flex': {   'original goal_pos': -120.65934065934066,
                      'safe goal_pos': -136.01098901098902},
    'shoulder_lift': {   'original goal_pos': 46.37362637362637,
                         'safe goal_pos': 25.65934065934066},
    'wrist_flex': {   'original goal_pos': 40.83516483516483,
                      'safe goal_pos': 66.73626373626374}}
WARNING 2026-10-07 15:47:15 ts/utils.py:121 Relative goal position magnitude had to be clamped to be safe.
{   'elbow_flex': {   'original goal_pos': -118.98901098901099,
                      'safe goal_pos': -135.13186813186815},
    'shoulder_lift': {   'original goal_pos': 47.34065934065934,
                         'safe goal_pos': 25.65934065934066},
    'wrist_flex': {   'original goal_pos': 39.34065934065934,
                      'safe goal_pos': 65.15384615384616}}
WARNING 2026-10-07 15:47:15 ts/utils.py:121 Relative goal position magnitude had to be clamped to be safe.
{   'elbow_flex': {   'original goal_pos': -117.4065934065934,
                      'safe goal_pos': -134.25274725274724},
    'shoulder_lift': {   'original goal_pos': 48.21978021978022,
                         'safe goal_pos': 25.65934065934066},
    'wrist_flex': {   'original goal_pos': 37.75824175824176,
                      'safe goal_pos': 63.57142857142857}}
WARNING 2026-10-07 15:47:15 ts/utils.py:121 Relative goal position magnitude had to be clamped to be safe.
{   'elbow_flex': {   'original goal_pos': -116.08791208791209,
                      'safe goal_pos': -133.28571428571428},
    'shoulder_lift': {   'original goal_pos': 49.27472527472528,
                         'safe goal_pos': 25.747252747252748},
    'wrist_flex': {   'original goal_pos': 36.08791208791209,
                      'safe goal_pos': 61.98901098901099}}
WARNING 2026-10-07 15:47:15 ts/utils.py:121 Relative goal position magnitude had to be clamped to be safe.
{   'elbow_flex': {   'original goal_pos': -115.03296703296704,
                      'safe goal_pos': -132.4065934065934},
    'shoulder_lift': {   'original goal_pos': 50.24175824175824,
                         'safe goal_pos': 25.747252747252748},
    'wrist_flex': {   'original goal_pos': 34.32967032967033,
                      'safe goal_pos': 60.4065934065934}}
WARNING 2026-10-07 15:47:15 ts/utils.py:121 Relative goal position magnitude had to be clamped to be safe.
{   'elbow_flex': {   'original goal_pos': -114.15384615384616,
                      'safe goal_pos': -131.52747252747253},
    'shoulder_lift': {   'original goal_pos': 51.20879120879121,
                         'safe goal_pos': 25.747252747252748},
    'wrist_flex': {   'original goal_pos': 32.747252747252745,
                      'safe goal_pos': 58.824175824175825}}
WARNING 2026-10-07 15:47:15 ts/utils.py:121 Relative goal position magnitude had to be clamped to be safe.
{   'elbow_flex': {   'original goal_pos': -113.36263736263736,
                      'safe goal_pos': -130.64835164835165},
    'shoulder_lift': {   'original goal_pos': 52.08791208791209,
                         'safe goal_pos': 25.747252747252748},
    'wrist_flex': {   'original goal_pos': 31.164835164835164,
                      'safe goal_pos': 57.24175824175824}}
WARNING 2026-10-07 15:47:15 ts/utils.py:121 Relative goal position magnitude had to be clamped to be safe.
{   'elbow_flex': {   'original goal_pos': -112.92307692307692,
                      'safe goal_pos': -129.6813186813187},
    'shoulder_lift': {   'original goal_pos': 52.967032967032964,
                         'safe goal_pos': 25.747252747252748},
    'wrist_flex': {   'original goal_pos': 29.75824175824176,
                      'safe goal_pos': 55.747252747252745}}
WARNING 2026-10-07 15:47:15 ts/utils.py:121 Relative goal position magnitude had to be clamped to be safe.
{   'elbow_flex': {   'original goal_pos': -112.65934065934066,
                      'safe goal_pos': -128.8021978021978},
    'shoulder_lift': {   'original goal_pos': 53.84615384615385,
                         'safe goal_pos': 25.747252747252748},
    'wrist_flex': {   'original goal_pos': 28.615384615384617,
                      'safe goal_pos': 54.07692307692308}}
WARNING 2026-10-07 15:47:15 ts/utils.py:121 Relative goal position magnitude had to be clamped to be safe.
{   'elbow_flex': {   'original goal_pos': -112.65934065934066,
                      'safe goal_pos': -127.83516483516485},
    'shoulder_lift': {   'original goal_pos': 54.637362637362635,
                         'safe goal_pos': 25.747252747252748},
    'wrist_flex': {   'original goal_pos': 27.64835164835165,
                      'safe goal_pos': 52.494505494505496}}
WARNING 2026-10-07 15:47:15 ts/utils.py:121 Relative goal position magnitude had to be clamped to be safe.
{   'elbow_flex': {   'original goal_pos': -112.65934065934066,
                      'safe goal_pos': -126.86813186813185},
    'shoulder_lift': {   'original goal_pos': 55.252747252747255,
                         'safe goal_pos': 25.747252747252748},
    'wrist_flex': {   'original goal_pos': 26.945054945054945,
                      'safe goal_pos': 50.91208791208791}}
WARNING 2026-10-07 15:47:15 ts/utils.py:121 Relative goal position magnitude had to be clamped to be safe.
{   'elbow_flex': {   'original goal_pos': -112.65934065934066,
                      'safe goal_pos': -125.90109890109889},
    'shoulder_lift': {   'original goal_pos': 55.69230769230769,
                         'safe goal_pos': 25.747252747252748},
    'wrist_flex': {   'original goal_pos': 26.417582417582416,
                      'safe goal_pos': 49.32967032967033}}
WARNING 2026-10-07 15:47:15 ts/utils.py:121 Relative goal position magnitude had to be clamped to be safe.
{   'elbow_flex': {   'original goal_pos': -112.65934065934066,
                      'safe goal_pos': -124.93406593406593},
    'shoulder_lift': {   'original goal_pos': 56.043956043956044,
                         'safe goal_pos': 25.747252747252748},
    'wrist_flex': {   'original goal_pos': 26.065934065934066,
                      'safe goal_pos': 47.83516483516483}}
WARNING 2026-10-07 15:47:15 ts/utils.py:121 Relative goal position magnitude had to be clamped to be safe.
{   'elbow_flex': {   'original goal_pos': -112.65934065934066,
                      'safe goal_pos': -124.05494505494505},
    'shoulder_lift': {   'original goal_pos': 56.30769230769231,
                         'safe goal_pos': 25.747252747252748},
    'wrist_flex': {   'original goal_pos': 26.065934065934066,
                      'safe goal_pos': 46.252747252747255}}
Teleop loop time: 33.35ms (30 Hz)
[1ATeleop loop time: 33.34ms (30 Hz)
[1ATeleop loop time: 33.34ms (30 Hz)
[1ATeleop loop time: 33.34ms (30 Hz)
[1ATeleop loop time: 33.35ms (30 Hz)
[1ATeleop loop time: 33.36ms (30 Hz)
[1ATeleop loop time: 33.34ms (30 Hz)
[1ATeleop loop time: 33.35ms (30 Hz)
[1ATeleop loop time: 33.34ms (30 Hz)
[1ATeleop loop time: 33.34ms (30 Hz)
[1ATeleop loop time: 33.34ms (30 Hz)
[1ATeleop loop time: 33.35ms (30 Hz)
[1ATeleop loop time: 33.36ms (30 Hz)
[1ATeleop loop time: 33.37ms (30 Hz)
[1ATeleop loop time: 33.34ms (30 Hz)
[1ATeleop loop time: 33.35ms (30 Hz)
[1ATeleop loop time: 33.34ms (30 Hz)
[1ATeleop loop time: 33.34ms (30 Hz)
[1ATeleop loop time: 33.34ms (30 Hz)
[1ATeleop loop time: 33.34ms (30 Hz)
[1ATeleop loop time: 33.34ms (30 Hz)
[1ATeleop loop time: 33.34ms (30 Hz)
[1ATeleop loop time: 33.34ms (30 Hz)
[1ATeleop loop time: 33.34ms (30 Hz)
[1ATeleop loop time: 33.36ms (30 Hz)
[1ATeleop loop time: 33.34ms (30 Hz)
[1ATeleop loop time: 33.35ms (30 Hz)
[1ATeleop loop time: 33.34ms (30 Hz)
[1ATeleop loop time: 33.35ms (30 Hz)
[1ATeleop loop time: 33.34ms (30 Hz)
[1ATeleop loop time: 33.34ms (30 Hz)
[1ATeleop loop time: 33.34ms (30 Hz)
[1ATeleop loop time: 33.35ms (30 Hz)
[1ATeleop loop time: 33.58ms (30 Hz)
[1ATeleop loop time: 33.34ms (30 Hz)
[1ATeleop loop time: 33.34ms (30 Hz)
[1ATeleop loop time: 33.34ms (30 Hz)
[1ATeleop loop time: 33.34ms (30 Hz)
[1ATeleop loop time: 33.34ms (30 Hz)
[1ATeleop loop time: 33.35ms (30 Hz)
[1ATeleop loop time: 33.34ms (30 Hz)
[1ATeleop loop time: 33.34ms (30 Hz)
[1ATeleop loop time: 33.33ms (30 Hz)
[1ATeleop loop time: 33.34ms (30 Hz)
[1ATeleop loop time: 33.34ms (30 Hz)
[1ATeleop loop time: 33.34ms (30 Hz)
[1ATeleop loop time: 33.34ms (30 Hz)
[1ATeleop loop time: 33.35ms (30 Hz)
[1ATeleop loop time: 33.34ms (30 Hz)
[1ATeleop loop time: 33.34ms (30 Hz)
[1ATeleop loop time: 33.37ms (30 Hz)
[1ATeleop loop time: 33.36ms (30 Hz)
[1ATeleop loop time: 33.34ms (30 Hz)
[1ATeleop loop time: 33.36ms (30 Hz)
[1ATeleop loop time: 33.35ms (30 Hz)
[1ATeleop loop time: 33.34ms (30 Hz)
[1ATeleop loop time: 33.36ms (30 Hz)
[1ATeleop loop time: 33.34ms (30 Hz)
[1ATeleop loop time: 33.34ms (30 Hz)
[1ATeleop loop time: 33.38ms (30 Hz)
[1ATeleop loop time: 33.34ms (30 Hz)
[1ATeleop loop time: 33.36ms (30 Hz)
[1ATeleop loop time: 33.34ms (30 Hz)
[1ATeleop loop time: 33.34ms (30 Hz)
[1ATeleop loop time: 33.35ms (30 Hz)
[1ATeleop loop time: 33.35ms (30 Hz)
[1ATeleop loop time: 33.34ms (30 Hz)
[1ATeleop loop time: 33.36ms (30 Hz)
[1ATeleop loop time: 33.34ms (30 Hz)
[1ATeleop loop time: 33.36ms (30 Hz)
[1ATeleop loop time: 33.34ms (30 Hz)
[1ATeleop loop time: 33.34ms (30 Hz)
[1ATeleop loop time: 33.36ms (30 Hz)
[1ATeleop loop time: 33.34ms (30 Hz)
[1ATeleop loop time: 33.36ms (30 Hz)
[1ATeleop loop time: 33.35ms (30 Hz)
[1ATeleop loop time: 33.34ms (30 Hz)
[1ATeleop loop time: 33.35ms (30 Hz)
[1ATeleop loop time: 33.34ms (30 Hz)
[1ATeleop loop time: 33.34ms (30 Hz)
[1ATeleop loop time: 33.35ms (30 Hz)
[1ATeleop loop time: 33.34ms (30 Hz)
[1ATeleop loop time: 33.34ms (30 Hz)
[1ATeleop loop time: 33.34ms (30 Hz)
[1ATeleop loop time: 33.34ms (30 Hz)
[1ATeleop loop time: 33.34ms (30 Hz)
[1ATeleop loop time: 33.34ms (30 Hz)
[1ATeleop loop time: 33.34ms (30 Hz)
[1ATeleop loop time: 33.34ms (30 Hz)
[1ATeleop loop time: 33.35ms (30 Hz)
[1ATeleop loop time: 33.34ms (30 Hz)
[1ATeleop loop time: 33.34ms (30 Hz)
[1ATeleop loop time: 33.34ms (30 Hz)
[1ATeleop loop time: 33.34ms (30 Hz)
[1ATeleop loop time: 33.34ms (30 Hz)
[1ATeleop loop time: 33.34ms (30 Hz)
[1ATeleop loop time: 33.34ms (30 Hz)
[1ATeleop loop time: 33.34ms (30 Hz)
[1ATeleop loop time: 33.35ms (30 Hz)
[1ATeleop loop time: 33.34ms (30 Hz)
[1ATeleop loop time: 33.35ms (30 Hz)
[1ATeleop loop time: 33.34ms (30 Hz)
[1ATeleop loop time: 33.34ms (30 Hz)
[1ATeleop loop time: 33.34ms (30 Hz)
[1ATeleop loop time: 33.34ms (30 Hz)
[1ATeleop loop time: 33.34ms (30 Hz)
[1ATeleop loop time: 33.34ms (30 Hz)
[1ATeleop loop time: 33.34ms (30 Hz)
[1ATeleop loop time: 33.34ms (30 Hz)
[1ATeleop loop time: 33.34ms (30 Hz)
[1ATeleop loop time: 33.34ms (30 Hz)
[1ATeleop loop time: 33.34ms (30 Hz)
[1ATeleop loop time: 33.34ms (30 Hz)
[1ATeleop loop time: 33.34ms (30 Hz)
[1ATeleop loop time: 33.34ms (30 Hz)
[1ATeleop loop time: 33.36ms (30 Hz)
[1ATeleop loop time: 33.34ms (30 Hz)
[1ATeleop loop time: 33.34ms (30 Hz)
[1ATeleop loop time: 33.34ms (30 Hz)
[1ATeleop loop time: 33.34ms (30 Hz)
[1ATeleop loop time: 33.35ms (30 Hz)
[1ATeleop loop time: 33.36ms (30 Hz)
[1ATeleop loop time: 33.36ms (30 Hz)
[1ATeleop loop time: 33.34ms (30 Hz)
[1ATeleop loop time: 33.34ms (30 Hz)
[1ATeleop loop time: 33.34ms (30 Hz)
[1ATeleop loop time: 33.34ms (30 Hz)
[1ATeleop loop time: 33.34ms (30 Hz)
[1ATeleop loop time: 33.34ms (30 Hz)
[1ATeleop loop time: 33.34ms (30 Hz)
[1ATeleop loop time: 33.34ms (30 Hz)
[1ATeleop loop time: 33.34ms (30 Hz)
[1ATeleop loop time: 33.33ms (30 Hz)
[1ATeleop loop time: 33.34ms (30 Hz)
[1ATeleop loop time: 33.35ms (30 Hz)
[1ATeleop loop time: 33.34ms (30 Hz)
[1ATeleop loop time: 33.34ms (30 Hz)
[1ATeleop loop time: 33.34ms (30 Hz)
[1ATeleop loop time: 33.34ms (30 Hz)
[1ATeleop loop time: 33.34ms (30 Hz)
[1ATeleop loop time: 33.34ms (30 Hz)
[1ATeleop loop time: 33.34ms (30 Hz)
[1ATeleop loop time: 33.35ms (30 Hz)
[1ATeleop loop time: 33.34ms (30 Hz)
[1ATeleop loop time: 33.44ms (30 Hz)
[1ATeleop loop time: 33.34ms (30 Hz)
[1ATeleop loop time: 33.34ms (30 Hz)
[1ATeleop loop time: 33.36ms (30 Hz)
[1ATeleop loop time: 33.35ms (30 Hz)
[1ATeleop loop time: 33.34ms (30 Hz)
[1ATeleop loop time: 33.34ms (30 Hz)
[1ATeleop loop time: 33.34ms (30 Hz)
[1ATeleop loop time: 33.34ms (30 Hz)
[1ATeleop loop time: 33.34ms (30 Hz)
[1ATeleop loop time: 33.36ms (30 Hz)
[1ATeleop loop time: 33.36ms (30 Hz)
[1ATeleop loop time: 33.34ms (30 Hz)
[1ATeleop loop time: 33.34ms (30 Hz)
[1ATeleop loop time: 33.34ms (30 Hz)
[1ATeleop loop time: 33.34ms (30 Hz)
[1ATeleop loop time: 33.34ms (30 Hz)
[1ATeleop loop time: 33.34ms (30 Hz)
[1ATeleop loop time: 33.35ms (30 Hz)
[1ATeleop loop time: 33.34ms (30 Hz)
[1ATeleop loop time: 33.36ms (30 Hz)
[1ATeleop loop time: 33.34ms (30 Hz)
[1ATeleop loop time: 33.34ms (30 Hz)
[1ATeleop loop time: 33.34ms (30 Hz)
[1ATeleop loop time: 33.34ms (30 Hz)
[1ATeleop loop time: 33.35ms (30 Hz)
[1ATeleop loop time: 33.33ms (30 Hz)
[1ATeleop loop time: 33.34ms (30 Hz)
[1ATeleop loop time: 33.34ms (30 Hz)
[1ATeleop loop time: 33.34ms (30 Hz)
[1ATeleop loop time: 33.34ms (30 Hz)
[1ATeleop loop time: 33.34ms (30 Hz)
[1ATeleop loop time: 33.34ms (30 Hz)
[1ATeleop loop time: 33.34ms (30 Hz)
[1ATeleop loop time: 33.34ms (30 Hz)
[1ATeleop loop time: 33.34ms (30 Hz)
[1ATeleop loop time: 33.34ms (30 Hz)
[1ATeleop loop time: 33.34ms (30 Hz)
[1ATeleop loop time: 33.35ms (30 Hz)
[1ATeleop loop time: 33.34ms (30 Hz)
[1ATeleop loop time: 33.34ms (30 Hz)
[1ATeleop loop time: 33.36ms (30 Hz)
[1ATeleop loop time: 33.34ms (30 Hz)
[1ATeleop loop time: 33.37ms (30 Hz)
[1ATeleop loop time: 33.34ms (30 Hz)
[1ATeleop loop time: 33.38ms (30 Hz)
[1ATeleop loop time: 33.34ms (30 Hz)
[1ATeleop loop time: 33.36ms (30 Hz)
[1ATeleop loop time: 33.34ms (30 Hz)
[1ATeleop loop time: 33.34ms (30 Hz)
[1ATeleop loop time: 33.34ms (30 Hz)
[1ATeleop loop time: 33.33ms (30 Hz)
[1ATeleop loop time: 33.34ms (30 Hz)
[1ATeleop loop time: 33.34ms (30 Hz)
[1ATeleop loop time: 33.34ms (30 Hz)
[1ATeleop loop time: 33.34ms (30 Hz)
[1ATeleop loop time: 33.34ms (30 Hz)
[1ATeleop loop time: 33.34ms (30 Hz)
[1ATeleop loop time: 33.34ms (30 Hz)
[1ATeleop loop time: 33.34ms (30 Hz)
[1ATeleop loop time: 33.34ms (30 Hz)
[1ATeleop loop time: 33.34ms (30 Hz)
[1ATeleop loop time: 33.34ms (30 Hz)
[1ATeleop loop time: 33.34ms (30 Hz)
[1ATeleop loop time: 33.34ms (30 Hz)
[1ATeleop loop time: 33.34ms (30 Hz)
[1ATeleop loop time: 33.34ms (30 Hz)
[1ATeleop loop time: 33.34ms (30 Hz)
[1ATeleop loop time: 33.34ms (30 Hz)
[1ATeleop loop time: 33.34ms (30 Hz)
[1ATeleop loop time: 33.34ms (30 Hz)
[1ATeleop loop time: 33.34ms (30 Hz)WARNING 2026-10-07 15:47:15 ts/utils.py:121 Relative goal position magnitude had to be clamped to be safe.
{   'elbow_flex': {   'original goal_pos': -112.65934065934066,
                      'safe goal_pos': -123.08791208791209},
    'shoulder_lift': {   'original goal_pos': 56.57142857142857,
                         'safe goal_pos': 25.747252747252748},
    'wrist_flex': {   'original goal_pos': 26.153846153846153,
                      'safe goal_pos': 44.67032967032967}}
WARNING 2026-10-07 15:47:15 ts/utils.py:121 Relative goal position magnitude had to be clamped to be safe.
{   'elbow_flex': {   'original goal_pos': -112.65934065934066,
                      'safe goal_pos': -122.12087912087912},
    'shoulder_lift': {   'original goal_pos': 56.747252747252745,
                         'safe goal_pos': 25.747252747252748},
    'wrist_flex': {   'original goal_pos': 26.153846153846153,
                      'safe goal_pos': 43.175824175824175}}
WARNING 2026-10-07 15:47:15 ts/utils.py:121 Relative goal position magnitude had to be clamped to be safe.
{   'elbow_flex': {   'original goal_pos': -112.57142857142857,
                      'safe goal_pos': -121.15384615384616},
    'shoulder_lift': {   'original goal_pos': 56.747252747252745,
                         'safe goal_pos': 25.747252747252748},
    'wrist_flex': {   'original goal_pos': 26.153846153846153,
                      'safe goal_pos': 41.59340659340659}}
WARNING 2026-10-07 15:47:16 ts/utils.py:121 Relative goal position magnitude had to be clamped to be safe.
{   'elbow_flex': {   'original goal_pos': -112.48351648351648,
                      'safe goal_pos': -120.18681318681318},
    'shoulder_lift': {   'original goal_pos': 56.747252747252745,
                         'safe goal_pos': 25.747252747252748},
    'wrist_flex': {   'original goal_pos': 26.24175824175824,
                      'safe goal_pos': 40.0989010989011}}
WARNING 2026-10-07 15:47:16 ts/utils.py:121 Relative goal position magnitude had to be clamped to be safe.
{   'elbow_flex': {   'original goal_pos': -112.48351648351648,
                      'safe goal_pos': -119.21978021978022},
    'shoulder_lift': {   'original goal_pos': 56.83516483516483,
                         'safe goal_pos': 25.747252747252748},
    'wrist_flex': {   'original goal_pos': 26.32967032967033,
                      'safe goal_pos': 38.42857142857143}}
WARNING 2026-10-07 15:47:16 ts/utils.py:121 Relative goal position magnitude had to be clamped to be safe.
{   'elbow_flex': {   'original goal_pos': -112.48351648351648,
                      'safe goal_pos': -118.16483516483517},
    'shoulder_lift': {   'original goal_pos': 56.83516483516483,
                         'safe goal_pos': 25.747252747252748},
    'wrist_flex': {   'original goal_pos': 26.32967032967033,
                      'safe goal_pos': 36.934065934065934}}
WARNING 2026-10-07 15:47:16 ts/utils.py:121 Relative goal position magnitude had to be clamped to be safe.
{   'elbow_flex': {   'original goal_pos': -112.48351648351648,
                      'safe goal_pos': -117.1978021978022},
    'shoulder_lift': {   'original goal_pos': 56.83516483516483,
                         'safe goal_pos': 25.747252747252748},
    'wrist_flex': {   'original goal_pos': 26.417582417582416,
                      'safe goal_pos': 35.35164835164835}}
WARNING 2026-10-07 15:47:16 ts/utils.py:121 Relative goal position magnitude had to be clamped to be safe.
{   'elbow_flex': {   'original goal_pos': -112.48351648351648,
                      'safe goal_pos': -116.14285714285714},
    'shoulder_lift': {   'original goal_pos': 56.83516483516483,
                         'safe goal_pos': 25.747252747252748},
    'wrist_flex': {   'original goal_pos': 26.417582417582416,
                      'safe goal_pos': 33.68131868131868}}
WARNING 2026-10-07 15:47:16 ts/utils.py:121 Relative goal position magnitude had to be clamped to be safe.
{   'elbow_flex': {   'original goal_pos': -111.95604395604396,
                      'safe goal_pos': -115.17582417582418},
    'shoulder_lift': {   'original goal_pos': 56.83516483516483,
                         'safe goal_pos': 25.747252747252748},
    'wrist_flex': {   'original goal_pos': 26.417582417582416,
                      'safe goal_pos': 32.18681318681319}}
WARNING 2026-10-07 15:47:16 ts/utils.py:121 Relative goal position magnitude had to be clamped to be safe.
{   'elbow_flex': {   'original goal_pos': -111.07692307692308,
                      'safe goal_pos': -114.20879120879121},
    'shoulder_lift': {   'original goal_pos': 56.83516483516483,
                         'safe goal_pos': 25.747252747252748},
    'wrist_flex': {   'original goal_pos': 26.417582417582416,
                      'safe goal_pos': 30.604395604395606}}
WARNING 2026-10-07 15:47:16 ts/utils.py:121 Relative goal position magnitude had to be clamped to be safe.
{   'elbow_flex': {   'original goal_pos': -110.1978021978022,
                      'safe goal_pos': -113.15384615384616},
    'shoulder_lift': {   'original goal_pos': 56.83516483516483,
                         'safe goal_pos': 25.747252747252748},
    'wrist_flex': {   'original goal_pos': 26.32967032967033,
                      'safe goal_pos': 29.10989010989011}}
WARNING 2026-10-07 15:47:16 ts/utils.py:121 Relative goal position magnitude had to be clamped to be safe.
{   'elbow_flex': {   'original goal_pos': -109.14285714285714,
                      'safe goal_pos': -112.0989010989011},
    'shoulder_lift': {   'original goal_pos': 56.83516483516483,
                         'safe goal_pos': 25.747252747252748},
    'wrist_flex': {   'original goal_pos': 26.153846153846153,
                      'safe goal_pos': 27.439560439560438}}
WARNING 2026-10-07 15:47:16 ts/utils.py:121 Relative goal position magnitude had to be clamped to be safe.
{   'elbow_flex': {   'original goal_pos': -108.26373626373626,
                      'safe goal_pos': -111.04395604395604},
    'shoulder_lift': {   'original goal_pos': 56.747252747252745,
                         'safe goal_pos': 25.747252747252748}}
WARNING 2026-10-07 15:47:16 ts/utils.py:121 Relative goal position magnitude had to be clamped to be safe.
{   'elbow_flex': {   'original goal_pos': -107.73626373626374,
                      'safe goal_pos': -109.98901098901099},
    'shoulder_lift': {   'original goal_pos': 56.747252747252745,
                         'safe goal_pos': 25.747252747252748}}
WARNING 2026-10-07 15:47:16 ts/utils.py:121 Relative goal position magnitude had to be clamped to be safe.
{   'elbow_flex': {   'original goal_pos': -107.64835164835165,
                      'safe goal_pos': -108.93406593406593},
    'shoulder_lift': {   'original goal_pos': 56.747252747252745,
                         'safe goal_pos': 25.747252747252748}}
WARNING 2026-10-07 15:47:16 ts/utils.py:121 Relative goal position magnitude had to be clamped to be safe.
{   'elbow_flex': {   'original goal_pos': -107.56043956043956,
                      'safe goal_pos': -107.87912087912088},
    'shoulder_lift': {   'original goal_pos': 56.747252747252745,
                         'safe goal_pos': 25.747252747252748}}
WARNING 2026-10-07 15:47:16 ts/utils.py:121 Relative goal position magnitude had to be clamped to be safe.
{   'shoulder_lift': {   'original goal_pos': 56.747252747252745,
                         'safe goal_pos': 25.747252747252748}}
WARNING 2026-10-07 15:47:16 ts/utils.py:121 Relative goal position magnitude had to be clamped to be safe.
{   'shoulder_lift': {   'original goal_pos': 56.747252747252745,
                         'safe goal_pos': 25.747252747252748}}
WARNING 2026-10-07 15:47:16 ts/utils.py:121 Relative goal position magnitude had to be clamped to be safe.
{   'shoulder_lift': {   'original goal_pos': 56.747252747252745,
                         'safe goal_pos': 25.923076923076923}}
WARNING 2026-10-07 15:47:16 ts/utils.py:121 Relative goal position magnitude had to be clamped to be safe.
{   'shoulder_lift': {   'original goal_pos': 56.747252747252745,
                         'safe goal_pos': 26.36263736263736}}
WARNING 2026-10-07 15:47:16 ts/utils.py:121 Relative goal position magnitude had to be clamped to be safe.
{   'shoulder_lift': {   'original goal_pos': 56.747252747252745,
                         'safe goal_pos': 26.802197802197803}}
WARNING 2026-10-07 15:47:16 ts/utils.py:121 Relative goal position magnitude had to be clamped to be safe.
{   'shoulder_lift': {   'original goal_pos': 56.747252747252745,
                         'safe goal_pos': 27.32967032967033}}
WARNING 2026-10-07 15:47:16 ts/utils.py:121 Relative goal position magnitude had to be clamped to be safe.
{   'shoulder_lift': {   'original goal_pos': 56.747252747252745,
                         'safe goal_pos': 27.945054945054945}}
WARNING 2026-10-07 15:47:16 ts/utils.py:121 Relative goal position magnitude had to be clamped to be safe.
{   'shoulder_lift': {   'original goal_pos': 56.83516483516483,
                         'safe goal_pos': 28.47252747252747}}
WARNING 2026-10-07 15:47:16 ts/utils.py:121 Relative goal position magnitude had to be clamped to be safe.
{   'shoulder_lift': {   'original goal_pos': 56.83516483516483,
                         'safe goal_pos': 29.0}}
WARNING 2026-10-07 15:47:16 ts/utils.py:121 Relative goal position magnitude had to be clamped to be safe.
{   'shoulder_lift': {   'original goal_pos': 56.83516483516483,
                         'safe goal_pos': 29.52747252747253}}
WARNING 2026-10-07 15:47:16 ts/utils.py:121 Relative goal position magnitude had to be clamped to be safe.
{   'shoulder_lift': {   'original goal_pos': 56.92307692307692,
                         'safe goal_pos': 30.054945054945055}}
WARNING 2026-10-07 15:47:16 ts/utils.py:121 Relative goal position magnitude had to be clamped to be safe.
{   'shoulder_lift': {   'original goal_pos': 56.92307692307692,
                         'safe goal_pos': 30.582417582417584}}
WARNING 2026-10-07 15:47:16 ts/utils.py:121 Relative goal position magnitude had to be clamped to be safe.
{   'shoulder_lift': {   'original goal_pos': 56.92307692307692,
                         'safe goal_pos': 31.10989010989011}}
WARNING 2026-10-07 15:47:16 ts/utils.py:121 Relative goal position magnitude had to be clamped to be safe.
{   'shoulder_lift': {   'original goal_pos': 56.92307692307692,
                         'safe goal_pos': 31.54945054945055}}
WARNING 2026-10-07 15:47:16 ts/utils.py:121 Relative goal position magnitude had to be clamped to be safe.
{   'shoulder_lift': {   'original goal_pos': 56.92307692307692,
                         'safe goal_pos': 32.07692307692308}}
WARNING 2026-10-07 15:47:16 ts/utils.py:121 Relative goal position magnitude had to be clamped to be safe.
{   'shoulder_lift': {   'original goal_pos': 56.92307692307692,
                         'safe goal_pos': 32.51648351648352}}
WARNING 2026-10-07 15:47:16 ts/utils.py:121 Relative goal position magnitude had to be clamped to be safe.
{   'shoulder_lift': {   'original goal_pos': 56.92307692307692,
                         'safe goal_pos': 33.21978021978022}}
WARNING 2026-10-07 15:47:17 ts/utils.py:121 Relative goal position magnitude had to be clamped to be safe.
{   'shoulder_lift': {   'original goal_pos': 56.92307692307692,
                         'safe goal_pos': 33.83516483516483}}
WARNING 2026-10-07 15:47:17 ts/utils.py:121 Relative goal position magnitude had to be clamped to be safe.
{   'shoulder_lift': {   'original goal_pos': 56.92307692307692,
                         'safe goal_pos': 34.53846153846154}}
WARNING 2026-10-07 15:47:17 ts/utils.py:121 Relative goal position magnitude had to be clamped to be safe.
{   'shoulder_lift': {   'original goal_pos': 56.92307692307692,
                         'safe goal_pos': 35.15384615384615}}
WARNING 2026-10-07 15:47:17 ts/utils.py:121 Relative goal position magnitude had to be clamped to be safe.
{   'shoulder_lift': {   'original goal_pos': 56.92307692307692,
                         'safe goal_pos': 35.85714285714286}}
WARNING 2026-10-07 15:47:17 ts/utils.py:121 Relative goal position magnitude had to be clamped to be safe.
{   'shoulder_lift': {   'original goal_pos': 56.92307692307692,
                         'safe goal_pos': 36.56043956043956}}
WARNING 2026-10-07 15:47:17 ts/utils.py:121 Relative goal position magnitude had to be clamped to be safe.
{   'shoulder_lift': {   'original goal_pos': 56.92307692307692,
                         'safe goal_pos': 37.26373626373626}}
WARNING 2026-10-07 15:47:17 ts/utils.py:121 Relative goal position magnitude had to be clamped to be safe.
{   'shoulder_lift': {   'original goal_pos': 56.92307692307692,
                         'safe goal_pos': 37.967032967032964}}
WARNING 2026-10-07 15:47:17 ts/utils.py:121 Relative goal position magnitude had to be clamped to be safe.
{   'shoulder_lift': {   'original goal_pos': 56.92307692307692,
                         'safe goal_pos': 38.67032967032967}}
WARNING 2026-10-07 15:47:17 ts/utils.py:121 Relative goal position magnitude had to be clamped to be safe.
{   'shoulder_lift': {   'original goal_pos': 56.92307692307692,
                         'safe goal_pos': 39.46153846153846}}
WARNING 2026-10-07 15:47:17 ts/utils.py:121 Relative goal position magnitude had to be clamped to be safe.
{   'elbow_flex': {   'original goal_pos': -88.3956043956044,
                      'safe goal_pos': -88.62637362637362},
    'shoulder_lift': {   'original goal_pos': 56.92307692307692,
                         'safe goal_pos': 40.252747252747255}}
WARNING 2026-10-07 15:47:17 ts/utils.py:121 Relative goal position magnitude had to be clamped to be safe.
{   'elbow_flex': {   'original goal_pos': -87.07692307692308,
                      'safe goal_pos': -87.3076923076923},
    'shoulder_lift': {   'original goal_pos': 56.92307692307692,
                         'safe goal_pos': 41.043956043956044}}
WARNING 2026-10-07 15:47:17 ts/utils.py:121 Relative goal position magnitude had to be clamped to be safe.
{   'shoulder_lift': {   'original goal_pos': 56.92307692307692,
                         'safe goal_pos': 41.83516483516483}}
WARNING 2026-10-07 15:47:17 ts/utils.py:121 Relative goal position magnitude had to be clamped to be safe.
{   'shoulder_lift': {   'original goal_pos': 56.92307692307692,
                         'safe goal_pos': 42.8021978021978}}
WARNING 2026-10-07 15:47:17 ts/utils.py:121 Relative goal position magnitude had to be clamped to be safe.
{   'elbow_flex': {   'original goal_pos': -82.85714285714286,
                      'safe goal_pos': -83.0},
    'shoulder_lift': {   'original goal_pos': 56.92307692307692,
                         'safe goal_pos': 43.68131868131868}}
WARNING 2026-10-07 15:47:17 ts/utils.py:121 Relative goal position magnitude had to be clamped to be safe.
{   'elbow_flex': {   'original goal_pos': -81.18681318681318,
                      'safe goal_pos': -81.50549450549451},
    'shoulder_lift': {   'original goal_pos': 56.92307692307692,
                         'safe goal_pos': 44.56043956043956}}
WARNING 2026-10-07 15:47:17 ts/utils.py:121 Relative goal position magnitude had to be clamped to be safe.
{   'elbow_flex': {   'original goal_pos': -79.42857142857143,
                      'safe goal_pos': -80.0989010989011},
    'shoulder_lift': {   'original goal_pos': 56.92307692307692,
                         'safe goal_pos': 45.61538461538461}}
WARNING 2026-10-07 15:47:17 ts/utils.py:121 Relative goal position magnitude had to be clamped to be safe.
{   'elbow_flex': {   'original goal_pos': -77.75824175824175,
                      'safe goal_pos': -78.42857142857143},
    'shoulder_lift': {   'original goal_pos': 56.92307692307692,
                         'safe goal_pos': 46.582417582417584}}
WARNING 2026-10-07 15:47:17 ts/utils.py:121 Relative goal position magnitude had to be clamped to be safe.
{   'elbow_flex': {   'original goal_pos': -76.35164835164835,
                      'safe goal_pos': -77.10989010989012},
    'shoulder_lift': {   'original goal_pos': 56.92307692307692,
                         'safe goal_pos': 47.637362637362635}}
WARNING 2026-10-07 15:47:17 ts/utils.py:121 Relative goal position magnitude had to be clamped to be safe.
{   'elbow_flex': {   'original goal_pos': -74.76923076923077,
                      'safe goal_pos': -75.61538461538461},
    'shoulder_lift': {   'original goal_pos': 56.92307692307692,
                         'safe goal_pos': 48.604395604395606}}
WARNING 2026-10-07 15:47:17 ts/utils.py:121 Relative goal position magnitude had to be clamped to be safe.
{   'elbow_flex': {   'original goal_pos': -72.92307692307692,
                      'safe goal_pos': -74.03296703296704},
    'shoulder_lift': {   'original goal_pos': 56.92307692307692,
                         'safe goal_pos': 49.747252747252745}}
WARNING 2026-10-07 15:47:17 ts/utils.py:121 Relative goal position magnitude had to be clamped to be safe.
{   'elbow_flex': {   'original goal_pos': -71.25274725274726,
                      'safe goal_pos': -72.71428571428571},
    'shoulder_lift': {   'original goal_pos': 56.92307692307692,
                         'safe goal_pos': 50.89010989010989}}
WARNING 2026-10-07 15:47:17 ts/utils.py:121 Relative goal position magnitude had to be clamped to be safe.
{   'elbow_flex': {   'original goal_pos': -69.4065934065934,
                      'safe goal_pos': -71.04395604395604},
    'shoulder_lift': {   'original goal_pos': 56.92307692307692,
                         'safe goal_pos': 52.032967032967036}}
WARNING 2026-10-07 15:47:17 ts/utils.py:121 Relative goal position magnitude had to be clamped to be safe.
{   'elbow_flex': {   'original goal_pos': -67.2967032967033,
                      'safe goal_pos': -69.54945054945055},
    'shoulder_lift': {   'original goal_pos': 56.92307692307692,
                         'safe goal_pos': 53.26373626373626}}
WARNING 2026-10-07 15:47:17 ts/utils.py:121 Relative goal position magnitude had to be clamped to be safe.
{   'elbow_flex': {   'original goal_pos': -65.0989010989011,
                      'safe goal_pos': -68.05494505494505},
    'shoulder_lift': {   'original goal_pos': 56.92307692307692,
                         'safe goal_pos': 54.494505494505496}}
WARNING 2026-10-07 15:47:17 ts/utils.py:121 Relative goal position magnitude had to be clamped to be safe.
{   'elbow_flex': {   'original goal_pos': -62.72527472527472,
                      'safe goal_pos': -66.38461538461539},
    'shoulder_lift': {   'original goal_pos': 56.92307692307692,
                         'safe goal_pos': 55.81318681318681}}
WARNING 2026-10-07 15:47:17 ts/utils.py:121 Relative goal position magnitude had to be clamped to be safe.
{   'elbow_flex': {   'original goal_pos': -60.527472527472526,
                      'safe goal_pos': -64.89010989010988}}
WARNING 2026-10-07 15:47:17 ts/utils.py:121 Relative goal position magnitude had to be clamped to be safe.
{   'elbow_flex': {   'original goal_pos': -58.24175824175824,
                      'safe goal_pos': -63.21978021978022}}
WARNING 2026-10-07 15:47:17 ts/utils.py:121 Relative goal position magnitude had to be clamped to be safe.
{   'elbow_flex': {   'original goal_pos': -55.42857142857143,
                      'safe goal_pos': -61.63736263736264}}
WARNING 2026-10-07 15:47:17 ts/utils.py:121 Relative goal position magnitude had to be clamped to be safe.
{   'elbow_flex': {   'original goal_pos': -52.35164835164835,
                      'safe goal_pos': -59.967032967032964}}
WARNING 2026-10-07 15:47:17 ts/utils.py:121 Relative goal position magnitude had to be clamped to be safe.
{   'elbow_flex': {   'original goal_pos': -49.18681318681319,
                      'safe goal_pos': -58.2967032967033}}
WARNING 2026-10-07 15:47:18 ts/utils.py:121 Relative goal position magnitude had to be clamped to be safe.
{   'elbow_flex': {   'original goal_pos': -46.10989010989011,
                      'safe goal_pos': -56.62637362637363}}
WARNING 2026-10-07 15:47:18 ts/utils.py:121 Relative goal position magnitude had to be clamped to be safe.
{   'elbow_flex': {   'original goal_pos': -42.76923076923077,
                      'safe goal_pos': -55.043956043956044},
    'wrist_flex': {   'original goal_pos': 9.978021978021978,
                      'safe goal_pos': 10.12087912087912}}
WARNING 2026-10-07 15:47:18 ts/utils.py:121 Relative goal position magnitude had to be clamped to be safe.
{   'elbow_flex': {   'original goal_pos': -39.604395604395606,
                      'safe goal_pos': -53.37362637362637},
    'wrist_flex': {   'original goal_pos': 8.131868131868131,
                      'safe goal_pos': 8.45054945054945}}
WARNING 2026-10-07 15:47:18 ts/utils.py:121 Relative goal position magnitude had to be clamped to be safe.
{   'elbow_flex': {   'original goal_pos': -36.527472527472526,
                      'safe goal_pos': -51.7032967032967},
    'wrist_flex': {   'original goal_pos': 6.285714285714286,
                      'safe goal_pos': 6.868131868131869}}
WARNING 2026-10-07 15:47:18 ts/utils.py:121 Relative goal position magnitude had to be clamped to be safe.
{   'elbow_flex': {   'original goal_pos': -33.97802197802198,
                      'safe goal_pos': -50.120879120879124},
    'wrist_flex': {   'original goal_pos': 4.967032967032967,
                      'safe goal_pos': 5.373626373626374}}
WARNING 2026-10-07 15:47:18 ts/utils.py:121 Relative goal position magnitude had to be clamped to be safe.
{   'elbow_flex': {   'original goal_pos': -31.692307692307693,
                      'safe goal_pos': -48.45054945054945}}
WARNING 2026-10-07 15:47:18 ts/utils.py:121 Relative goal position magnitude had to be clamped to be safe.
{   'elbow_flex': {   'original goal_pos': -29.67032967032967,
                      'safe goal_pos': -46.78021978021978}}
WARNING 2026-10-07 15:47:18 ts/utils.py:121 Relative goal position magnitude had to be clamped to be safe.
{   'elbow_flex': {   'original goal_pos': -27.824175824175825,
                      'safe goal_pos': -45.1978021978022}}
WARNING 2026-10-07 15:47:18 ts/utils.py:121 Relative goal position magnitude had to be clamped to be safe.
{   'elbow_flex': {   'original goal_pos': -26.065934065934066,
                      'safe goal_pos': -43.527472527472526}}
WARNING 2026-10-07 15:47:18 ts/utils.py:121 Relative goal position magnitude had to be clamped to be safe.
{   'elbow_flex': {   'original goal_pos': -24.21978021978022,
                      'safe goal_pos': -41.857142857142854}}
WARNING 2026-10-07 15:47:18 ts/utils.py:121 Relative goal position magnitude had to be clamped to be safe.
{   'elbow_flex': {   'original goal_pos': -22.46153846153846,
                      'safe goal_pos': -40.18681318681319}}
WARNING 2026-10-07 15:47:18 ts/utils.py:121 Relative goal position magnitude had to be clamped to be safe.
{   'elbow_flex': {   'original goal_pos': -20.791208791208792,
                      'safe goal_pos': -38.604395604395606}}
WARNING 2026-10-07 15:47:18 ts/utils.py:121 Relative goal position magnitude had to be clamped to be safe.
{   'elbow_flex': {   'original goal_pos': -19.47252747252747,
                      'safe goal_pos': -36.934065934065934}}
WARNING 2026-10-07 15:47:18 ts/utils.py:121 Relative goal position magnitude had to be clamped to be safe.
{   'elbow_flex': {   'original goal_pos': -18.417582417582416,
                      'safe goal_pos': -35.26373626373626}}
WARNING 2026-10-07 15:47:18 ts/utils.py:121 Relative goal position magnitude had to be clamped to be safe.
{   'elbow_flex': {   'original goal_pos': -17.45054945054945,
                      'safe goal_pos': -33.68131868131868}}
WARNING 2026-10-07 15:47:18 ts/utils.py:121 Relative goal position magnitude had to be clamped to be safe.
{   'elbow_flex': {   'original goal_pos': -16.571428571428573,
                      'safe goal_pos': -32.010989010989015}}
WARNING 2026-10-07 15:47:18 ts/utils.py:121 Relative goal position magnitude had to be clamped to be safe.
{   'elbow_flex': {   'original goal_pos': -15.604395604395604,
                      'safe goal_pos': -30.340659340659343}}
WARNING 2026-10-07 15:47:18 ts/utils.py:121 Relative goal position magnitude had to be clamped to be safe.
{   'elbow_flex': {   'original goal_pos': -14.725274725274724,
                      'safe goal_pos': -28.67032967032967}}
WARNING 2026-10-07 15:47:18 ts/utils.py:121 Relative goal position magnitude had to be clamped to be safe.
{   'elbow_flex': {   'original goal_pos': -13.758241758241759,
                      'safe goal_pos': -27.0}}
WARNING 2026-10-07 15:47:18 ts/utils.py:121 Relative goal position magnitude had to be clamped to be safe.
{   'elbow_flex': {   'original goal_pos': -12.527472527472527,
                      'safe goal_pos': -25.417582417582416}}
WARNING 2026-10-07 15:47:18 ts/utils.py:121 Relative goal position magnitude had to be clamped to be safe.
{   'elbow_flex': {   'original goal_pos': -11.12087912087912,
                      'safe goal_pos': -23.65934065934066}}
WARNING 2026-10-07 15:47:18 ts/utils.py:121 Relative goal position magnitude had to be clamped to be safe.
{   'elbow_flex': {   'original goal_pos': -9.45054945054945,
                      'safe goal_pos': -21.98901098901099}}
WARNING 2026-10-07 15:47:18 ts/utils.py:121 Relative goal position magnitude had to be clamped to be safe.
{   'elbow_flex': {   'original goal_pos': -7.868131868131868,
                      'safe goal_pos': -20.318681318681318}}
WARNING 2026-10-07 15:47:18 ts/utils.py:121 Relative goal position magnitude had to be clamped to be safe.
{   'elbow_flex': {   'original goal_pos': -6.461538461538462,
                      'safe goal_pos': -18.736263736263737}}
WARNING 2026-10-07 15:47:18 ts/utils.py:121 Relative goal position magnitude had to be clamped to be safe.
{   'elbow_flex': {   'original goal_pos': -5.582417582417582,
                      'safe goal_pos': -16.978021978021978}}
WARNING 2026-10-07 15:47:18 ts/utils.py:121 Relative goal position magnitude had to be clamped to be safe.
{   'elbow_flex': {   'original goal_pos': -4.967032967032967,
                      'safe goal_pos': -15.395604395604394}}
WARNING 2026-10-07 15:47:18 ts/utils.py:121 Relative goal position magnitude had to be clamped to be safe.
{   'elbow_flex': {   'original goal_pos': -4.527472527472527,
                      'safe goal_pos': -13.637362637362639}}
WARNING 2026-10-07 15:47:18 ts/utils.py:121 Relative goal position magnitude had to be clamped to be safe.
{   'elbow_flex': {   'original goal_pos': -4.43956043956044,
                      'safe goal_pos': -11.967032967032967}}
WARNING 2026-10-07 15:47:18 ts/utils.py:121 Relative goal position magnitude had to be clamped to be safe.
{   'elbow_flex': {   'original goal_pos': -4.43956043956044,
                      'safe goal_pos': -10.384615384615385}}
WARNING 2026-10-07 15:47:18 ts/utils.py:121 Relative goal position magnitude had to be clamped to be safe.
{   'elbow_flex': {   'original goal_pos': -4.527472527472527,
                      'safe goal_pos': -8.714285714285714}}
WARNING 2026-10-07 15:47:19 ts/utils.py:121 Relative goal position magnitude had to be clamped to be safe.
{   'elbow_flex': {   'original goal_pos': -5.230769230769231,
                      'safe goal_pos': -7.043956043956044}}
WARNING 2026-10-07 15:47:19 ts/utils.py:121 Relative goal position magnitude had to be clamped to be safe.
{   'elbow_flex': {   'original goal_pos': -16.395604395604394,
                      'safe goal_pos': -13.175824175824175}}
WARNING 2026-10-07 15:47:19 ts/utils.py:121 Relative goal position magnitude had to be clamped to be safe.
{   'elbow_flex': {   'original goal_pos': -19.912087912087912,
                      'safe goal_pos': -14.406593406593407}}
WARNING 2026-10-07 15:47:19 ts/utils.py:121 Relative goal position magnitude had to be clamped to be safe.
{   'elbow_flex': {   'original goal_pos': -23.34065934065934,
                      'safe goal_pos': -15.54945054945055}}
WARNING 2026-10-07 15:47:19 ts/utils.py:121 Relative goal position magnitude had to be clamped to be safe.
{   'elbow_flex': {   'original goal_pos': -26.857142857142858,
                      'safe goal_pos': -16.42857142857143}}
WARNING 2026-10-07 15:47:19 ts/utils.py:121 Relative goal position magnitude had to be clamped to be safe.
{   'elbow_flex': {   'original goal_pos': -30.197802197802197,
                      'safe goal_pos': -17.483516483516482},
    'wrist_flex': {   'original goal_pos': 5.406593406593407,
                      'safe goal_pos': 5.087912087912088}}
WARNING 2026-10-07 15:47:19 ts/utils.py:121 Relative goal position magnitude had to be clamped to be safe.
{   'elbow_flex': {   'original goal_pos': -33.89010989010989,
                      'safe goal_pos': -18.450549450549453},
    'wrist_flex': {   'original goal_pos': 8.219780219780219,
                      'safe goal_pos': 5.967032967032967}}
WARNING 2026-10-07 15:47:19 ts/utils.py:121 Relative goal position magnitude had to be clamped to be safe.
{   'elbow_flex': {   'original goal_pos': -37.582417582417584,
                      'safe goal_pos': -19.417582417582416},
    'wrist_flex': {   'original goal_pos': 11.12087912087912,
                      'safe goal_pos': 7.725274725274725}}
WARNING 2026-10-07 15:47:19 ts/utils.py:121 Relative goal position magnitude had to be clamped to be safe.
{   'elbow_flex': {   'original goal_pos': -41.010989010989015,
                      'safe goal_pos': -20.384615384615387},
    'wrist_flex': {   'original goal_pos': 13.934065934065934,
                      'safe goal_pos': 9.219780219780219}}
WARNING 2026-10-07 15:47:19 ts/utils.py:121 Relative goal position magnitude had to be clamped to be safe.
{   'elbow_flex': {   'original goal_pos': -44.26373626373626,
                      'safe goal_pos': -21.263736263736263},
    'wrist_flex': {   'original goal_pos': 16.835164835164836,
                      'safe goal_pos': 10.45054945054945}}
WARNING 2026-10-07 15:47:19 ts/utils.py:121 Relative goal position magnitude had to be clamped to be safe.
{   'elbow_flex': {   'original goal_pos': -47.34065934065934,
                      'safe goal_pos': -22.318681318681318},
    'wrist_flex': {   'original goal_pos': 19.64835164835165,
                      'safe goal_pos': 11.857142857142858}}
WARNING 2026-10-07 15:47:19 ts/utils.py:121 Relative goal position magnitude had to be clamped to be safe.
{   'elbow_flex': {   'original goal_pos': -50.505494505494504,
                      'safe goal_pos': -23.285714285714285},
    'wrist_flex': {   'original goal_pos': 22.54945054945055,
                      'safe goal_pos': 13.527472527472527}}
WARNING 2026-10-07 15:47:19 ts/utils.py:121 Relative goal position magnitude had to be clamped to be safe.
{   'elbow_flex': {   'original goal_pos': -53.40659340659341,
                      'safe goal_pos': -24.164835164835164},
    'wrist_flex': {   'original goal_pos': 25.274725274725274,
                      'safe goal_pos': 14.846153846153847}}
WARNING 2026-10-07 15:47:19 ts/utils.py:121 Relative goal position magnitude had to be clamped to be safe.
{   'elbow_flex': {   'original goal_pos': -56.13186813186813,
                      'safe goal_pos': -25.21978021978022},
    'wrist_flex': {   'original goal_pos': 27.64835164835165,
                      'safe goal_pos': 16.340659340659343}}
WARNING 2026-10-07 15:47:19 ts/utils.py:121 Relative goal position magnitude had to be clamped to be safe.
{   'elbow_flex': {   'original goal_pos': -58.94505494505494,
                      'safe goal_pos': -26.0989010989011},
    'wrist_flex': {   'original goal_pos': 30.021978021978022,
                      'safe goal_pos': 17.747252747252745}}
WARNING 2026-10-07 15:47:19 ts/utils.py:121 Relative goal position magnitude had to be clamped to be safe.
{   'elbow_flex': {   'original goal_pos': -61.31868131868132,
                      'safe goal_pos': -27.065934065934066},
    'wrist_flex': {   'original goal_pos': 32.043956043956044,
                      'safe goal_pos': 19.065934065934066}}
WARNING 2026-10-07 15:47:19 ts/utils.py:121 Relative goal position magnitude had to be clamped to be safe.
{   'elbow_flex': {   'original goal_pos': -63.69230769230769,
                      'safe goal_pos': -28.032967032967033},
    'wrist_flex': {   'original goal_pos': 33.62637362637363,
                      'safe goal_pos': 20.64835164835165}}
WARNING 2026-10-07 15:47:19 ts/utils.py:121 Relative goal position magnitude had to be clamped to be safe.
{   'elbow_flex': {   'original goal_pos': -66.06593406593407,
                      'safe goal_pos': -29.0},
    'wrist_flex': {   'original goal_pos': 34.76923076923077,
                      'safe goal_pos': 22.054945054945055}}
WARNING 2026-10-07 15:47:19 ts/utils.py:121 Relative goal position magnitude had to be clamped to be safe.
{   'elbow_flex': {   'original goal_pos': -68.08791208791209,
                      'safe goal_pos': -29.87912087912088},
    'wrist_flex': {   'original goal_pos': 35.2967032967033,
                      'safe goal_pos': 23.373626373626372}}
WARNING 2026-10-07 15:47:19 ts/utils.py:121 Relative goal position magnitude had to be clamped to be safe.
{   'elbow_flex': {   'original goal_pos': -69.93406593406593,
                      'safe goal_pos': -30.934065934065934},
    'wrist_flex': {   'original goal_pos': 35.472527472527474,
                      'safe goal_pos': 24.86813186813187},
    'wrist_roll': {   'original goal_pos': -11.208791208791208,
                      'safe goal_pos': -12.098901098901099}}
WARNING 2026-10-07 15:47:19 ts/utils.py:121 Relative goal position magnitude had to be clamped to be safe.
{   'elbow_flex': {   'original goal_pos': -71.51648351648352,
                      'safe goal_pos': -31.9010989010989},
    'wrist_flex': {   'original goal_pos': 35.472527472527474,
                      'safe goal_pos': 26.36263736263736},
    'wrist_roll': {   'original goal_pos': -9.362637362637363,
                      'safe goal_pos': -10.868131868131869}}
WARNING 2026-10-07 15:47:19 ts/utils.py:121 Relative goal position magnitude had to be clamped to be safe.
{   'elbow_flex': {   'original goal_pos': -73.27472527472527,
                      'safe goal_pos': -32.86813186813187},
    'shoulder_lift': {   'original goal_pos': 65.97802197802197,
                         'safe goal_pos': 65.3076923076923},
    'shoulder_pan': {   'original goal_pos': 22.417582417582416,
                        'safe goal_pos': 21.35164835164835},
    'wrist_flex': {   'original goal_pos': 35.38461538461539,
                      'safe goal_pos': 27.857142857142858},
    'wrist_roll': {   'original goal_pos': -8.571428571428571,
                      'safe goal_pos': -9.373626373626374}}
WARNING 2026-10-07 15:47:19 ts/utils.py:121 Relative goal position magnitude had to be clamped to be safe.
{   'elbow_flex': {   'original goal_pos': -75.38461538461539,
                      'safe goal_pos': -33.747252747252745},
    'shoulder_lift': {   'original goal_pos': 68.26373626373626,
                         'safe goal_pos': 66.80219780219781},
    'shoulder_pan': {   'original goal_pos': 24.967032967032967,
                        'safe goal_pos': 22.75824175824176},
    'wrist_flex': {   'original goal_pos': 35.2967032967033,
                      'safe goal_pos': 29.35164835164835}}
WARNING 2026-10-07 15:47:19 ts/utils.py:121 Relative goal position magnitude had to be clamped to be safe.
{   'elbow_flex': {   'original goal_pos': -77.49450549450549,
                      'safe goal_pos': -34.714285714285715},
    'shoulder_lift': {   'original goal_pos': 70.46153846153847,
                         'safe goal_pos': 68.47252747252747},
    'shoulder_pan': {   'original goal_pos': 27.78021978021978,
                        'safe goal_pos': 24.252747252747252},
    'wrist_flex': {   'original goal_pos': 34.59340659340659,
                      'safe goal_pos': 30.846153846153847}}
WARNING 2026-10-07 15:47:19 ts/utils.py:121 Relative goal position magnitude had to be clamped to be safe.
{   'elbow_flex': {   'original goal_pos': -79.42857142857143,
                      'safe goal_pos': -35.5934065934066},
    'shoulder_lift': {   'original goal_pos': 72.65934065934066,
                         'safe goal_pos': 70.05494505494505},
    'shoulder_pan': {   'original goal_pos': 30.857142857142858,
                        'safe goal_pos': 25.571428571428573},
    'wrist_flex': {   'original goal_pos': 33.53846153846154,
                      'safe goal_pos': 32.252747252747255}}
WARNING 2026-10-07 15:47:19 ts/utils.py:121 Relative goal position magnitude had to be clamped to be safe.
{   'elbow_flex': {   'original goal_pos': -81.01098901098901,
                      'safe goal_pos': -36.56043956043956},
    'shoulder_lift': {   'original goal_pos': 75.03296703296704,
                         'safe goal_pos': 71.63736263736264},
    'shoulder_pan': {   'original goal_pos': 33.84615384615385,
                        'safe goal_pos': 26.89010989010989}}
WARNING 2026-10-07 15:47:19 ts/utils.py:121 Relative goal position magnitude had to be clamped to be safe.
{   'elbow_flex': {   'original goal_pos': -82.50549450549451,
                      'safe goal_pos': -37.43956043956044},
    'shoulder_lift': {   'original goal_pos': 77.31868131868131,
                         'safe goal_pos': 73.21978021978022},
    'shoulder_pan': {   'original goal_pos': 36.57142857142857,
                        'safe goal_pos': 28.296703296703296}}
WARNING 2026-10-07 15:47:20 ts/utils.py:121 Relative goal position magnitude had to be clamped to be safe.
{   'elbow_flex': {   'original goal_pos': -84.0,
                      'safe goal_pos': -38.40659340659341},
    'shoulder_lift': {   'original goal_pos': 79.6923076923077,
                         'safe goal_pos': 74.8021978021978},
    'shoulder_pan': {   'original goal_pos': 38.94505494505494,
                        'safe goal_pos': 29.615384615384617}}
WARNING 2026-10-07 15:47:20 ts/utils.py:121 Relative goal position magnitude had to be clamped to be safe.
{   'elbow_flex': {   'original goal_pos': -85.4065934065934,
                      'safe goal_pos': -39.1978021978022},
    'shoulder_lift': {   'original goal_pos': 81.89010989010988,
                         'safe goal_pos': 76.47252747252747},
    'shoulder_pan': {   'original goal_pos': 41.142857142857146,
                        'safe goal_pos': 31.021978021978022}}
WARNING 2026-10-07 15:47:20 ts/utils.py:121 Relative goal position magnitude had to be clamped to be safe.
{   'elbow_flex': {   'original goal_pos': -86.63736263736264,
                      'safe goal_pos': -40.16483516483517},
    'shoulder_lift': {   'original goal_pos': 84.0,
                         'safe goal_pos': 78.05494505494505},
    'shoulder_pan': {   'original goal_pos': 43.604395604395606,
                        'safe goal_pos': 32.34065934065934}}
WARNING 2026-10-07 15:47:20 ts/utils.py:121 Relative goal position magnitude had to be clamped to be safe.
{   'elbow_flex': {   'original goal_pos': -88.13186813186813,
                      'safe goal_pos': -41.043956043956044},
    'shoulder_lift': {   'original goal_pos': 86.10989010989012,
                         'safe goal_pos': 79.72527472527473},
    'shoulder_pan': {   'original goal_pos': 46.065934065934066,
                        'safe goal_pos': 33.65934065934066}}
WARNING 2026-10-07 15:47:20 ts/utils.py:121 Relative goal position magnitude had to be clamped to be safe.
{   'elbow_flex': {   'original goal_pos': -89.53846153846153,
                      'safe goal_pos': -42.010989010989015},
    'shoulder_lift': {   'original goal_pos': 88.04395604395604,
                         'safe goal_pos': 81.3956043956044},
    'shoulder_pan': {   'original goal_pos': 48.35164835164835,
                        'safe goal_pos': 35.065934065934066}}
WARNING 2026-10-07 15:47:20 ts/utils.py:121 Relative goal position magnitude had to be clamped to be safe.
{   'elbow_flex': {   'original goal_pos': -91.03296703296704,
                      'safe goal_pos': -42.89010989010989},
    'shoulder_lift': {   'original goal_pos': 89.97802197802197,
                         'safe goal_pos': 82.97802197802197},
    'shoulder_pan': {   'original goal_pos': 50.37362637362637,
                        'safe goal_pos': 36.38461538461539}}
WARNING 2026-10-07 15:47:20 ts/utils.py:121 Relative goal position magnitude had to be clamped to be safe.
{   'elbow_flex': {   'original goal_pos': -92.61538461538461,
                      'safe goal_pos': -43.857142857142854},
    'shoulder_lift': {   'original goal_pos': 91.82417582417582,
                         'safe goal_pos': 84.64835164835165},
    'shoulder_pan': {   'original goal_pos': 52.30769230769231,
                        'safe goal_pos': 37.79120879120879}}
WARNING 2026-10-07 15:47:20 ts/utils.py:121 Relative goal position magnitude had to be clamped to be safe.
{   'elbow_flex': {   'original goal_pos': -94.37362637362638,
                      'safe goal_pos': -44.73626373626374},
    'shoulder_lift': {   'original goal_pos': 93.67032967032966,
                         'safe goal_pos': 86.23076923076923},
    'shoulder_pan': {   'original goal_pos': 54.24175824175824,
                        'safe goal_pos': 39.10989010989011}}
WARNING 2026-10-07 15:47:20 ts/utils.py:121 Relative goal position magnitude had to be clamped to be safe.
{   'elbow_flex': {   'original goal_pos': -95.95604395604396,
                      'safe goal_pos': -45.7032967032967},
    'shoulder_lift': {   'original goal_pos': 95.42857142857143,
                         'safe goal_pos': 87.9010989010989},
    'shoulder_pan': {   'original goal_pos': 56.0,
                        'safe goal_pos': 40.51648351648352}}
WARNING 2026-10-07 15:47:20 ts/utils.py:121 Relative goal position magnitude had to be clamped to be safe.
{   'elbow_flex': {   'original goal_pos': -97.27472527472527,
                      'safe goal_pos': -46.67032967032967},
    'shoulder_lift': {   'original goal_pos': 97.01098901098901,
                         'safe goal_pos': 89.57142857142857},
    'shoulder_pan': {   'original goal_pos': 57.934065934065934,
                        'safe goal_pos': 41.92307692307692}}
WARNING 2026-10-07 15:47:20 ts/utils.py:121 Relative goal position magnitude had to be clamped to be safe.
{   'elbow_flex': {   'original goal_pos': -98.68131868131869,
                      'safe goal_pos': -47.637362637362635},
    'shoulder_lift': {   'original goal_pos': 98.68131868131869,
                         'safe goal_pos': 91.24175824175825},
    'shoulder_pan': {   'original goal_pos': 59.956043956043956,
                        'safe goal_pos': 43.24175824175824}}
WARNING 2026-10-07 15:47:20 ts/utils.py:121 Relative goal position magnitude had to be clamped to be safe.
{   'elbow_flex': {   'original goal_pos': -99.91208791208791,
                      'safe goal_pos': -48.604395604395606},
    'shoulder_lift': {   'original goal_pos': 100.17582417582418,
                         'safe goal_pos': 92.91208791208791},
    'shoulder_pan': {   'original goal_pos': 61.714285714285715,
                        'safe goal_pos': 44.64835164835165}}
WARNING 2026-10-07 15:47:20 ts/utils.py:121 Relative goal position magnitude had to be clamped to be safe.
{   'elbow_flex': {   'original goal_pos': -100.87912087912088,
                      'safe goal_pos': -49.57142857142857},
    'shoulder_lift': {   'original goal_pos': 101.84615384615384,
                         'safe goal_pos': 94.58241758241758},
    'shoulder_pan': {   'original goal_pos': 63.2967032967033,
                        'safe goal_pos': 46.05494505494506}}
WARNING 2026-10-07 15:47:20 ts/utils.py:121 Relative goal position magnitude had to be clamped to be safe.
{   'elbow_flex': {   'original goal_pos': -101.75824175824175,
                      'safe goal_pos': -50.53846153846154},
    'shoulder_lift': {   'original goal_pos': 103.34065934065934,
                         'safe goal_pos': 96.25274725274726},
    'shoulder_pan': {   'original goal_pos': 64.7032967032967,
                        'safe goal_pos': 47.37362637362637}}
WARNING 2026-10-07 15:47:20 ts/utils.py:121 Relative goal position magnitude had to be clamped to be safe.
{   'elbow_flex': {   'original goal_pos': -102.63736263736264,
                      'safe goal_pos': -51.505494505494504},
    'shoulder_lift': {   'original goal_pos': 104.83516483516483,
                         'safe goal_pos': 98.01098901098901},
    'shoulder_pan': {   'original goal_pos': 66.1978021978022,
                        'safe goal_pos': 48.78021978021978}}
WARNING 2026-10-07 15:47:20 ts/utils.py:121 Relative goal position magnitude had to be clamped to be safe.
{   'elbow_flex': {   'original goal_pos': -103.16483516483517,
                      'safe goal_pos': -52.472527472527474},
    'shoulder_lift': {   'original goal_pos': 106.24175824175825,
                         'safe goal_pos': 99.76923076923077},
    'shoulder_pan': {   'original goal_pos': 68.13186813186813,
                        'safe goal_pos': 50.0989010989011}}
WARNING 2026-10-07 15:47:20 ts/utils.py:121 Relative goal position magnitude had to be clamped to be safe.
{   'elbow_flex': {   'original goal_pos': -103.51648351648352,
                      'safe goal_pos': -53.43956043956044},
    'shoulder_lift': {   'original goal_pos': 107.56043956043956,
                         'safe goal_pos': 101.43956043956044},
    'shoulder_pan': {   'original goal_pos': 70.24175824175825,
                        'safe goal_pos': 51.505494505494504}}
WARNING 2026-10-07 15:47:20 ts/utils.py:121 Relative goal position magnitude had to be clamped to be safe.
{   'elbow_flex': {   'original goal_pos': -103.78021978021978,
                      'safe goal_pos': -54.31868131868132},
    'shoulder_lift': {   'original goal_pos': 108.7032967032967,
                         'safe goal_pos': 103.10989010989012},
    'shoulder_pan': {   'original goal_pos': 71.64835164835165,
                        'safe goal_pos': 52.91208791208791}}
WARNING 2026-10-07 15:47:20 ts/utils.py:121 Relative goal position magnitude had to be clamped to be safe.
{   'elbow_flex': {   'original goal_pos': -103.95604395604396,
                      'safe goal_pos': -55.285714285714285},
    'shoulder_lift': {   'original goal_pos': 109.75824175824175,
                         'safe goal_pos': 104.86813186813187},
    'shoulder_pan': {   'original goal_pos': 72.96703296703296,
                        'safe goal_pos': 54.31868131868132}}
WARNING 2026-10-07 15:47:20 ts/utils.py:121 Relative goal position magnitude had to be clamped to be safe.
{   'elbow_flex': {   'original goal_pos': -104.13186813186813,
                      'safe goal_pos': -56.34065934065934},
    'shoulder_lift': {   'original goal_pos': 110.81318681318682,
                         'safe goal_pos': 106.53846153846153},
    'shoulder_pan': {   'original goal_pos': 74.28571428571429,
                        'safe goal_pos': 55.54945054945055}}
WARNING 2026-10-07 15:47:20 ts/utils.py:121 Relative goal position magnitude had to be clamped to be safe.
{   'elbow_flex': {   'original goal_pos': -104.13186813186813,
                      'safe goal_pos': -57.30769230769231},
    'shoulder_lift': {   'original goal_pos': 111.95604395604396,
                         'safe goal_pos': 108.2967032967033},
    'shoulder_pan': {   'original goal_pos': 75.51648351648352,
                        'safe goal_pos': 56.86813186813187}}
WARNING 2026-10-07 15:47:20 ts/utils.py:121 Relative goal position magnitude had to be clamped to be safe.
{   'elbow_flex': {   'original goal_pos': -104.13186813186813,
                      'safe goal_pos': -58.27472527472528},
    'shoulder_lift': {   'original goal_pos': 113.18681318681318,
                         'safe goal_pos': 110.14285714285714},
    'shoulder_pan': {   'original goal_pos': 76.3076923076923,
                        'safe goal_pos': 58.362637362637365}}
WARNING 2026-10-07 15:47:20 ts/utils.py:121 Relative goal position magnitude had to be clamped to be safe.
{   'elbow_flex': {   'original goal_pos': -104.13186813186813,
                      'safe goal_pos': -59.24175824175824},
    'shoulder_lift': {   'original goal_pos': 114.41758241758242,
                         'safe goal_pos': 111.81318681318682},
    'shoulder_pan': {   'original goal_pos': 76.74725274725274,
                        'safe goal_pos': 59.59340659340659}}
WARNING 2026-10-07 15:47:20 ts/utils.py:121 Relative goal position magnitude had to be clamped to be safe.
{   'elbow_flex': {   'original goal_pos': -104.13186813186813,
                      'safe goal_pos': -60.20879120879121},
    'shoulder_lift': {   'original goal_pos': 115.64835164835165,
                         'safe goal_pos': 113.57142857142857},
    'shoulder_pan': {   'original goal_pos': 77.45054945054945,
                        'safe goal_pos': 61.0}}
WARNING 2026-10-07 15:47:20 ts/utils.py:121 Relative goal position magnitude had to be clamped to be safe.
{   'elbow_flex': {   'original goal_pos': -104.13186813186813,
                      'safe goal_pos': -61.175824175824175},
    'shoulder_lift': {   'original goal_pos': 116.7032967032967,
                         'safe goal_pos': 115.32967032967034},
    'shoulder_pan': {   'original goal_pos': 78.41758241758242,
                        'safe goal_pos': 62.31868131868132}}
WARNING 2026-10-07 15:47:20 ts/utils.py:121 Relative goal position magnitude had to be clamped to be safe.
{   'elbow_flex': {   'original goal_pos': -104.13186813186813,
                      'safe goal_pos': -62.142857142857146},
    'shoulder_lift': {   'original goal_pos': 117.93406593406593,
                         'safe goal_pos': 117.08791208791209},
    'shoulder_pan': {   'original goal_pos': 79.38461538461539,
                        'safe goal_pos': 63.637362637362635}}
WARNING 2026-10-07 15:47:20 ts/utils.py:121 Relative goal position magnitude had to be clamped to be safe.
{   'elbow_flex': {   'original goal_pos': -104.13186813186813,
                      'safe goal_pos': -63.1978021978022},
    'shoulder_lift': {   'original goal_pos': 119.25274725274726,
                         'safe goal_pos': 118.93406593406593},
    'shoulder_pan': {   'original goal_pos': 80.0,
                        'safe goal_pos': 65.04395604395604}}
WARNING 2026-10-07 15:47:20 ts/utils.py:121 Relative goal position magnitude had to be clamped to be safe.
{   'elbow_flex': {   'original goal_pos': -104.13186813186813,
                      'safe goal_pos': -64.16483516483517},
    'shoulder_pan': {   'original goal_pos': 80.35164835164835,
                        'safe goal_pos': 66.36263736263737}}
WARNING 2026-10-07 15:47:20 ts/utils.py:121 Relative goal position magnitude had to be clamped to be safe.
{   'elbow_flex': {   'original goal_pos': -104.13186813186813,
                      'safe goal_pos': -65.21978021978022},
    'shoulder_pan': {   'original goal_pos': 81.05494505494505,
                        'safe goal_pos': 67.68131868131869}}
WARNING 2026-10-07 15:47:20 ts/utils.py:121 Relative goal position magnitude had to be clamped to be safe.
{   'elbow_flex': {   'original goal_pos': -104.13186813186813,
                      'safe goal_pos': -66.1868131868132},
    'shoulder_pan': {   'original goal_pos': 81.67032967032966,
                        'safe goal_pos': 69.0}}
WARNING 2026-10-07 15:47:21 ts/utils.py:121 Relative goal position magnitude had to be clamped to be safe.
{   'elbow_flex': {   'original goal_pos': -104.13186813186813,
                      'safe goal_pos': -67.24175824175825},
    'shoulder_pan': {   'original goal_pos': 81.93406593406593,
                        'safe goal_pos': 70.4065934065934}}
WARNING 2026-10-07 15:47:21 ts/utils.py:121 Relative goal position magnitude had to be clamped to be safe.
{   'elbow_flex': {   'original goal_pos': -104.13186813186813,
                      'safe goal_pos': -68.20879120879121},
    'shoulder_pan': {   'original goal_pos': 82.02197802197803,
                        'safe goal_pos': 71.72527472527473},
    'wrist_flex': {   'original goal_pos': 3.2967032967032965,
                      'safe goal_pos': 3.7032967032967026}}
WARNING 2026-10-07 15:47:21 ts/utils.py:121 Relative goal position magnitude had to be clamped to be safe.
{   'elbow_flex': {   'original goal_pos': -104.13186813186813,
                      'safe goal_pos': -69.26373626373626},
    'shoulder_pan': {   'original goal_pos': 82.10989010989012,
                        'safe goal_pos': 73.04395604395604},
    'wrist_flex': {   'original goal_pos': 1.4505494505494505,
                      'safe goal_pos': 2.2967032967032965}}
WARNING 2026-10-07 15:47:21 ts/utils.py:121 Relative goal position magnitude had to be clamped to be safe.
{   'elbow_flex': {   'original goal_pos': -104.13186813186813,
                      'safe goal_pos': -70.31868131868131},
    'shoulder_pan': {   'original goal_pos': 82.10989010989012,
                        'safe goal_pos': 74.36263736263736},
    'wrist_flex': {   'original goal_pos': 0.13186813186813187,
                      'safe goal_pos': 0.9780219780219781}}
WARNING 2026-10-07 15:47:21 ts/utils.py:121 Relative goal position magnitude had to be clamped to be safe.
{   'elbow_flex': {   'original goal_pos': -104.13186813186813,
                      'safe goal_pos': -71.37362637362638},
    'shoulder_pan': {   'original goal_pos': 82.72527472527473,
                        'safe goal_pos': 75.68131868131869},
    'wrist_flex': {   'original goal_pos': -0.7472527472527473,
                      'safe goal_pos': -0.5164835164835164}}
WARNING 2026-10-07 15:47:21 ts/utils.py:121 Relative goal position magnitude had to be clamped to be safe.
{   'elbow_flex': {   'original goal_pos': -104.13186813186813,
                      'safe goal_pos': -72.34065934065934},
    'shoulder_pan': {   'original goal_pos': 83.07692307692308,
                        'safe goal_pos': 77.0}}
WARNING 2026-10-07 15:47:21 ts/utils.py:121 Relative goal position magnitude had to be clamped to be safe.
{   'elbow_flex': {   'original goal_pos': -104.13186813186813,
                      'safe goal_pos': -73.48351648351648},
    'shoulder_pan': {   'original goal_pos': 83.07692307692308,
                        'safe goal_pos': 78.31868131868131}}
WARNING 2026-10-07 15:47:21 ts/utils.py:121 Relative goal position magnitude had to be clamped to be safe.
{   'elbow_flex': {   'original goal_pos': -104.13186813186813,
                      'safe goal_pos': -74.53846153846153},
    'shoulder_pan': {   'original goal_pos': 83.07692307692308,
                        'safe goal_pos': 79.63736263736264}}
WARNING 2026-10-07 15:47:21 ts/utils.py:121 Relative goal position magnitude had to be clamped to be safe.
{   'elbow_flex': {   'original goal_pos': -104.13186813186813,
                      'safe goal_pos': -75.5934065934066},
    'shoulder_pan': {   'original goal_pos': 83.07692307692308,
                        'safe goal_pos': 80.95604395604396}}
WARNING 2026-10-07 15:47:21 ts/utils.py:121 Relative goal position magnitude had to be clamped to be safe.
{   'elbow_flex': {   'original goal_pos': -104.13186813186813,
                      'safe goal_pos': -76.56043956043956},
    'shoulder_pan': {   'original goal_pos': 83.07692307692308,
                        'safe goal_pos': 82.18681318681318}}
WARNING 2026-10-07 15:47:21 ts/utils.py:121 Relative goal position magnitude had to be clamped to be safe.
{   'elbow_flex': {   'original goal_pos': -104.13186813186813,
                      'safe goal_pos': -77.61538461538461}}
WARNING 2026-10-07 15:47:21 ts/utils.py:121 Relative goal position magnitude had to be clamped to be safe.
{   'elbow_flex': {   'original goal_pos': -104.13186813186813,
                      'safe goal_pos': -78.67032967032966}}
WARNING 2026-10-07 15:47:21 ts/utils.py:121 Relative goal position magnitude had to be clamped to be safe.
{   'elbow_flex': {   'original goal_pos': -104.13186813186813,
                      'safe goal_pos': -79.72527472527473}}
WARNING 2026-10-07 15:47:21 ts/utils.py:121 Relative goal position magnitude had to be clamped to be safe.
{   'elbow_flex': {   'original goal_pos': -104.21978021978022,
                      'safe goal_pos': -80.78021978021978}}
WARNING 2026-10-07 15:47:21 ts/utils.py:121 Relative goal position magnitude had to be clamped to be safe.
{   'elbow_flex': {   'original goal_pos': -104.3956043956044,
                      'safe goal_pos': -81.83516483516483}}
WARNING 2026-10-07 15:47:21 ts/utils.py:121 Relative goal position magnitude had to be clamped to be safe.
{   'elbow_flex': {   'original goal_pos': -104.92307692307692,
                      'safe goal_pos': -82.89010989010988}}
WARNING 2026-10-07 15:47:21 ts/utils.py:121 Relative goal position magnitude had to be clamped to be safe.
{   'elbow_flex': {   'original goal_pos': -105.53846153846153,
                      'safe goal_pos': -83.76923076923077}}
WARNING 2026-10-07 15:47:21 ts/utils.py:121 Relative goal position magnitude had to be clamped to be safe.
{   'elbow_flex': {   'original goal_pos': -106.5934065934066,
                      'safe goal_pos': -84.91208791208791}}
WARNING 2026-10-07 15:47:21 ts/utils.py:121 Relative goal position magnitude had to be clamped to be safe.
{   'elbow_flex': {   'original goal_pos': -108.08791208791209,
                      'safe goal_pos': -85.87912087912088}}
WARNING 2026-10-07 15:47:21 ts/utils.py:121 Relative goal position magnitude had to be clamped to be safe.
{   'elbow_flex': {   'original goal_pos': -110.02197802197803,
                      'safe goal_pos': -87.02197802197803}}
WARNING 2026-10-07 15:47:21 ts/utils.py:121 Relative goal position magnitude had to be clamped to be safe.
{   'elbow_flex': {   'original goal_pos': -112.04395604395604,
                      'safe goal_pos': -87.98901098901099}}
WARNING 2026-10-07 15:47:21 ts/utils.py:121 Relative goal position magnitude had to be clamped to be safe.
{   'elbow_flex': {   'original goal_pos': -114.06593406593407,
                      'safe goal_pos': -89.04395604395604}}
WARNING 2026-10-07 15:47:21 ts/utils.py:121 Relative goal position magnitude had to be clamped to be safe.
{   'elbow_flex': {   'original goal_pos': -116.17582417582418,
                      'safe goal_pos': -90.0989010989011}}
WARNING 2026-10-07 15:47:21 ts/utils.py:121 Relative goal position magnitude had to be clamped to be safe.
{   'elbow_flex': {   'original goal_pos': -118.46153846153847,
                      'safe goal_pos': -91.15384615384616},
    'shoulder_pan': {   'original goal_pos': 71.56043956043956,
                        'safe goal_pos': 72.0989010989011}}
WARNING 2026-10-07 15:47:21 ts/utils.py:121 Relative goal position magnitude had to be clamped to be safe.
{   'elbow_flex': {   'original goal_pos': -120.48351648351648,
                      'safe goal_pos': -92.12087912087912},
    'shoulder_pan': {   'original goal_pos': 69.71428571428571,
                        'safe goal_pos': 70.86813186813187}}
WARNING 2026-10-07 15:47:21 ts/utils.py:121 Relative goal position magnitude had to be clamped to be safe.
{   'elbow_flex': {   'original goal_pos': -122.15384615384616,
                      'safe goal_pos': -93.17582417582418},
    'shoulder_pan': {   'original goal_pos': 67.95604395604396,
                        'safe goal_pos': 69.37362637362638}}
WARNING 2026-10-07 15:47:21 ts/utils.py:121 Relative goal position magnitude had to be clamped to be safe.
{   'elbow_flex': {   'original goal_pos': -123.73626373626374,
                      'safe goal_pos': -94.23076923076923},
    'shoulder_pan': {   'original goal_pos': 66.10989010989012,
                        'safe goal_pos': 67.87912087912088}}
WARNING 2026-10-07 15:47:21 ts/utils.py:121 Relative goal position magnitude had to be clamped to be safe.
{   'elbow_flex': {   'original goal_pos': -124.96703296703296,
                      'safe goal_pos': -95.1978021978022},
    'shoulder_pan': {   'original goal_pos': 64.17582417582418,
                        'safe goal_pos': 66.56043956043956}}
WARNING 2026-10-07 15:47:21 ts/utils.py:121 Relative goal position magnitude had to be clamped to be safe.
{   'elbow_flex': {   'original goal_pos': -125.93406593406593,
                      'safe goal_pos': -96.25274725274726},
    'shoulder_pan': {   'original goal_pos': 62.15384615384615,
                        'safe goal_pos': 65.15384615384616}}
WARNING 2026-10-07 15:47:21 ts/utils.py:121 Relative goal position magnitude had to be clamped to be safe.
{   'elbow_flex': {   'original goal_pos': -126.63736263736264,
                      'safe goal_pos': -97.3076923076923},
    'shoulder_pan': {   'original goal_pos': 60.043956043956044,
                        'safe goal_pos': 63.747252747252745}}
WARNING 2026-10-07 15:47:22 ts/utils.py:121 Relative goal position magnitude had to be clamped to be safe.
{   'elbow_flex': {   'original goal_pos': -127.07692307692308,
                      'safe goal_pos': -98.36263736263736},
    'shoulder_pan': {   'original goal_pos': 58.10989010989011,
                        'safe goal_pos': 62.34065934065934}}
WARNING 2026-10-07 15:47:22 ts/utils.py:121 Relative goal position magnitude had to be clamped to be safe.
{   'elbow_flex': {   'original goal_pos': -127.42857142857143,
                      'safe goal_pos': -99.32967032967034},
    'shoulder_pan': {   'original goal_pos': 56.175824175824175,
                        'safe goal_pos': 60.93406593406593}}
WARNING 2026-10-07 15:47:22 ts/utils.py:121 Relative goal position magnitude had to be clamped to be safe.
{   'elbow_flex': {   'original goal_pos': -127.78021978021978,
                      'safe goal_pos': -100.38461538461539},
    'shoulder_pan': {   'original goal_pos': 54.065934065934066,
                        'safe goal_pos': 59.43956043956044}}
WARNING 2026-10-07 15:47:22 ts/utils.py:121 Relative goal position magnitude had to be clamped to be safe.
{   'elbow_flex': {   'original goal_pos': -128.13186813186815,
                      'safe goal_pos': -101.35164835164835},
    'shoulder_pan': {   'original goal_pos': 52.043956043956044,
                        'safe goal_pos': 58.032967032967036}}
WARNING 2026-10-07 15:47:22 ts/utils.py:121 Relative goal position magnitude had to be clamped to be safe.
{   'elbow_flex': {   'original goal_pos': -128.30769230769232,
                      'safe goal_pos': -102.4065934065934},
    'shoulder_pan': {   'original goal_pos': 50.02197802197802,
                        'safe goal_pos': 56.62637362637363}}
WARNING 2026-10-07 15:47:22 ts/utils.py:121 Relative goal position magnitude had to be clamped to be safe.
{   'elbow_flex': {   'original goal_pos': -128.65934065934067,
                      'safe goal_pos': -103.37362637362638},
    'shoulder_pan': {   'original goal_pos': 48.0,
                        'safe goal_pos': 55.21978021978022}}
WARNING 2026-10-07 15:47:22 ts/utils.py:121 Relative goal position magnitude had to be clamped to be safe.
{   'elbow_flex': {   'original goal_pos': -129.0989010989011,
                      'safe goal_pos': -104.42857142857143},
    'shoulder_pan': {   'original goal_pos': 46.15384615384615,
                        'safe goal_pos': 53.81318681318681}}
WARNING 2026-10-07 15:47:22 ts/utils.py:121 Relative goal position magnitude had to be clamped to be safe.
{   'elbow_flex': {   'original goal_pos': -129.71428571428572,
                      'safe goal_pos': -105.3956043956044},
    'shoulder_pan': {   'original goal_pos': 44.21978021978022,
                        'safe goal_pos': 52.31868131868132}}
WARNING 2026-10-07 15:47:22 ts/utils.py:121 Relative goal position magnitude had to be clamped to be safe.
{   'elbow_flex': {   'original goal_pos': -130.41758241758242,
                      'safe goal_pos': -106.45054945054945},
    'shoulder_pan': {   'original goal_pos': 41.934065934065934,
                        'safe goal_pos': 50.91208791208791}}
WARNING 2026-10-07 15:47:22 ts/utils.py:121 Relative goal position magnitude had to be clamped to be safe.
{   'elbow_flex': {   'original goal_pos': -131.2087912087912,
                      'safe goal_pos': -107.41758241758242},
    'shoulder_pan': {   'original goal_pos': 39.56043956043956,
                        'safe goal_pos': 49.417582417582416}}
WARNING 2026-10-07 15:47:22 ts/utils.py:121 Relative goal position magnitude had to be clamped to be safe.
{   'elbow_flex': {   'original goal_pos': -131.82417582417582,
                      'safe goal_pos': -108.47252747252747},
    'shoulder_pan': {   'original goal_pos': 37.18681318681319,
                        'safe goal_pos': 48.010989010989015}}
WARNING 2026-10-07 15:47:22 ts/utils.py:121 Relative goal position magnitude had to be clamped to be safe.
{   'elbow_flex': {   'original goal_pos': -132.26373626373626,
                      'safe goal_pos': -109.43956043956044},
    'shoulder_pan': {   'original goal_pos': 34.81318681318681,
                        'safe goal_pos': 46.69230769230769}}
WARNING 2026-10-07 15:47:22 ts/utils.py:121 Relative goal position magnitude had to be clamped to be safe.
{   'elbow_flex': {   'original goal_pos': -132.52747252747253,
                      'safe goal_pos': -110.49450549450549},
    'shoulder_pan': {   'original goal_pos': 32.35164835164835,
                        'safe goal_pos': 45.1978021978022}}
WARNING 2026-10-07 15:47:22 ts/utils.py:121 Relative goal position magnitude had to be clamped to be safe.
{   'elbow_flex': {   'original goal_pos': -132.6153846153846,
                      'safe goal_pos': -111.46153846153847},
    'shoulder_pan': {   'original goal_pos': 29.978021978021978,
                        'safe goal_pos': 43.79120879120879}}
WARNING 2026-10-07 15:47:22 ts/utils.py:121 Relative goal position magnitude had to be clamped to be safe.
{   'elbow_flex': {   'original goal_pos': -132.6153846153846,
                      'safe goal_pos': -112.51648351648352},
    'shoulder_pan': {   'original goal_pos': 27.516483516483518,
                        'safe goal_pos': 42.38461538461539}}
WARNING 2026-10-07 15:47:22 ts/utils.py:121 Relative goal position magnitude had to be clamped to be safe.
{   'elbow_flex': {   'original goal_pos': -132.6153846153846,
                      'safe goal_pos': -113.48351648351648},
    'shoulder_pan': {   'original goal_pos': 25.054945054945055,
                        'safe goal_pos': 40.89010989010989}}
WARNING 2026-10-07 15:47:22 ts/utils.py:121 Relative goal position magnitude had to be clamped to be safe.
{   'elbow_flex': {   'original goal_pos': -132.6153846153846,
                      'safe goal_pos': -114.45054945054945},
    'shoulder_pan': {   'original goal_pos': 22.681318681318682,
                        'safe goal_pos': 39.48351648351648}}
WARNING 2026-10-07 15:47:22 ts/utils.py:121 Relative goal position magnitude had to be clamped to be safe.
{   'elbow_flex': {   'original goal_pos': -132.6153846153846,
                      'safe goal_pos': -115.50549450549451},
    'shoulder_pan': {   'original goal_pos': 20.21978021978022,
                        'safe goal_pos': 38.07692307692308}}
WARNING 2026-10-07 15:47:22 ts/utils.py:121 Relative goal position magnitude had to be clamped to be safe.
{   'elbow_flex': {   'original goal_pos': -132.7032967032967,
                      'safe goal_pos': -116.47252747252747},
    'shoulder_pan': {   'original goal_pos': 18.021978021978022,
                        'safe goal_pos': 36.67032967032967}}
WARNING 2026-10-07 15:47:22 ts/utils.py:121 Relative goal position magnitude had to be clamped to be safe.
{   'elbow_flex': {   'original goal_pos': -133.14285714285714,
                      'safe goal_pos': -117.52747252747253},
    'shoulder_pan': {   'original goal_pos': 15.648351648351648,
                        'safe goal_pos': 35.175824175824175}}
WARNING 2026-10-07 15:47:22 ts/utils.py:121 Relative goal position magnitude had to be clamped to be safe.
{   'elbow_flex': {   'original goal_pos': -134.1098901098901,
                      'safe goal_pos': -118.49450549450549},
    'shoulder_pan': {   'original goal_pos': 13.538461538461538,
                        'safe goal_pos': 33.76923076923077}}
WARNING 2026-10-07 15:47:22 ts/utils.py:121 Relative goal position magnitude had to be clamped to be safe.
{   'elbow_flex': {   'original goal_pos': -134.72527472527472,
                      'safe goal_pos': -119.54945054945055},
    'shoulder_pan': {   'original goal_pos': 11.516483516483516,
                        'safe goal_pos': 32.27472527472528}}
WARNING 2026-10-07 15:47:22 ts/utils.py:121 Relative goal position magnitude had to be clamped to be safe.
{   'elbow_flex': {   'original goal_pos': -135.07692307692307,
                      'safe goal_pos': -120.51648351648352},
    'shoulder_pan': {   'original goal_pos': 9.582417582417582,
                        'safe goal_pos': 30.86813186813187}}
WARNING 2026-10-07 15:47:22 ts/utils.py:121 Relative goal position magnitude had to be clamped to be safe.
{   'elbow_flex': {   'original goal_pos': -135.25274725274724,
                      'safe goal_pos': -121.48351648351648},
    'shoulder_pan': {   'original goal_pos': 7.648351648351649,
                        'safe goal_pos': 29.46153846153846}}
WARNING 2026-10-07 15:47:22 ts/utils.py:121 Relative goal position magnitude had to be clamped to be safe.
{   'elbow_flex': {   'original goal_pos': -135.34065934065933,
                      'safe goal_pos': -122.53846153846153},
    'shoulder_pan': {   'original goal_pos': 5.626373626373627,
                        'safe goal_pos': 28.05494505494506}}
WARNING 2026-10-07 15:47:22 ts/utils.py:121 Relative goal position magnitude had to be clamped to be safe.
{   'elbow_flex': {   'original goal_pos': -135.34065934065933,
                      'safe goal_pos': -123.50549450549451},
    'shoulder_pan': {   'original goal_pos': 3.5164835164835164,
                        'safe goal_pos': 26.560439560439562}}
WARNING 2026-10-07 15:47:22 ts/utils.py:121 Relative goal position magnitude had to be clamped to be safe.
{   'elbow_flex': {   'original goal_pos': -135.42857142857142,
                      'safe goal_pos': -124.56043956043956},
    'shoulder_pan': {   'original goal_pos': 1.8461538461538463,
                        'safe goal_pos': 25.065934065934066}}
WARNING 2026-10-07 15:47:22 ts/utils.py:121 Relative goal position magnitude had to be clamped to be safe.
{   'elbow_flex': {   'original goal_pos': -135.78021978021977,
                      'safe goal_pos': -125.61538461538461},
    'shoulder_pan': {   'original goal_pos': -0.08791208791208792,
                        'safe goal_pos': 23.65934065934066}}
WARNING 2026-10-07 15:47:22 ts/utils.py:121 Relative goal position magnitude had to be clamped to be safe.
{   'elbow_flex': {   'original goal_pos': -136.83516483516485,
                      'safe goal_pos': -126.58241758241758},
    'shoulder_pan': {   'original goal_pos': -2.197802197802198,
                        'safe goal_pos': 22.252747252747252}}
WARNING 2026-10-07 15:47:22 ts/utils.py:121 Relative goal position magnitude had to be clamped to be safe.
{   'elbow_flex': {   'original goal_pos': -137.71428571428572,
                      'safe goal_pos': -127.63736263736264},
    'shoulder_pan': {   'original goal_pos': -4.131868131868132,
                        'safe goal_pos': 20.75824175824176}}
WARNING 2026-10-07 15:47:23 ts/utils.py:121 Relative goal position magnitude had to be clamped to be safe.
{   'elbow_flex': {   'original goal_pos': -138.32967032967034,
                      'safe goal_pos': -128.69230769230768},
    'shoulder_pan': {   'original goal_pos': -6.241758241758242,
                        'safe goal_pos': 19.439560439560438}}
WARNING 2026-10-07 15:47:23 ts/utils.py:121 Relative goal position magnitude had to be clamped to be safe.
{   'elbow_flex': {   'original goal_pos': -138.94505494505495,
                      'safe goal_pos': -129.65934065934067},
    'shoulder_pan': {   'original goal_pos': -8.43956043956044,
                        'safe goal_pos': 17.945054945054945}}
WARNING 2026-10-07 15:47:23 ts/utils.py:121 Relative goal position magnitude had to be clamped to be safe.
{   'elbow_flex': {   'original goal_pos': -139.12087912087912,
                      'safe goal_pos': -130.6263736263736},
    'shoulder_pan': {   'original goal_pos': -10.461538461538462,
                        'safe goal_pos': 16.45054945054945}}

[1ATeleop loop time: 33.35ms (30 Hz)
[1ATeleop loop time: 33.34ms (30 Hz)
[1ATeleop loop time: 33.34ms (30 Hz)
[1ATeleop loop time: 33.34ms (30 Hz)
[1ATeleop loop time: 33.34ms (30 Hz)
[1ATeleop loop time: 33.34ms (30 Hz)
[1ATeleop loop time: 33.34ms (30 Hz)
[1ATeleop loop time: 33.34ms (30 Hz)
[1ATeleop loop time: 33.34ms (30 Hz)
[1ATeleop loop time: 33.34ms (30 Hz)
[1ATeleop loop time: 33.34ms (30 Hz)
[1ATeleop loop time: 33.34ms (30 Hz)
[1ATeleop loop time: 33.34ms (30 Hz)
[1ATeleop loop time: 33.36ms (30 Hz)
[1ATeleop loop time: 33.36ms (30 Hz)
[1ATeleop loop time: 33.35ms (30 Hz)
[1ATeleop loop time: 33.34ms (30 Hz)
[1ATeleop loop time: 33.34ms (30 Hz)
[1ATeleop loop time: 33.34ms (30 Hz)
[1ATeleop loop time: 33.34ms (30 Hz)
[1ATeleop loop time: 33.34ms (30 Hz)
[1ATeleop loop time: 33.34ms (30 Hz)
[1ATeleop loop time: 33.34ms (30 Hz)
[1ATeleop loop time: 33.34ms (30 Hz)
[1ATeleop loop time: 33.34ms (30 Hz)
[1ATeleop loop time: 33.34ms (30 Hz)
[1ATeleop loop time: 33.34ms (30 Hz)
[1ATeleop loop time: 33.34ms (30 Hz)
[1ATeleop loop time: 33.33ms (30 Hz)
[1ATeleop loop time: 33.34ms (30 Hz)
[1ATeleop loop time: 33.34ms (30 Hz)
[1ATeleop loop time: 33.34ms (30 Hz)
[1ATeleop loop time: 33.34ms (30 Hz)
[1ATeleop loop time: 33.36ms (30 Hz)
[1ATeleop loop time: 33.34ms (30 Hz)
[1ATeleop loop time: 33.34ms (30 Hz)
[1ATeleop loop time: 33.34ms (30 Hz)
[1ATeleop loop time: 33.34ms (30 Hz)
[1ATeleop loop time: 33.34ms (30 Hz)
[1ATeleop loop time: 33.34ms (30 Hz)
[1ATeleop loop time: 33.34ms (30 Hz)
[1ATeleop loop time: 33.34ms (30 Hz)
[1ATeleop loop time: 33.34ms (30 Hz)
[1ATeleop loop time: 33.34ms (30 Hz)
[1ATeleop loop time: 33.37ms (30 Hz)
[1ATeleop loop time: 33.34ms (30 Hz)
[1ATeleop loop time: 33.34ms (30 Hz)
[1ATeleop loop time: 33.34ms (30 Hz)
[1ATeleop loop time: 33.34ms (30 Hz)
[1ATeleop loop time: 33.34ms (30 Hz)
[1ATeleop loop time: 33.34ms (30 Hz)
[1ATeleop loop time: 33.34ms (30 Hz)
[1ATeleop loop time: 33.34ms (30 Hz)
[1ATeleop loop time: 33.34ms (30 Hz)
[1ATeleop loop time: 33.34ms (30 Hz)
[1ATeleop loop time: 33.35ms (30 Hz)
[1ATeleop loop time: 33.34ms (30 Hz)
[1ATeleop loop time: 33.34ms (30 Hz)
[1ATeleop loop time: 33.34ms (30 Hz)
[1ATeleop loop time: 33.34ms (30 Hz)
[1ATeleop loop time: 33.34ms (30 Hz)
[1ATeleop loop time: 33.34ms (30 Hz)
[1ATeleop loop time: 33.34ms (30 Hz)
[1ATeleop loop time: 33.36ms (30 Hz)
[1ATeleop loop time: 33.34ms (30 Hz)
[1ATeleop loop time: 33.34ms (30 Hz)
[1ATeleop loop time: 33.34ms (30 Hz)
[1ATeleop loop time: 33.34ms (30 Hz)
[1ATeleop loop time: 33.34ms (30 Hz)
[1ATeleop loop time: 33.34ms (30 Hz)
[1ATeleop loop time: 33.34ms (30 Hz)
[1ATeleop loop time: 33.34ms (30 Hz)
[1ATeleop loop time: 33.34ms (30 Hz)
[1ATeleop loop time: 33.34ms (30 Hz)
[1ATeleop loop time: 33.34ms (30 Hz)
[1ATeleop loop time: 33.34ms (30 Hz)
[1ATeleop loop time: 33.35ms (30 Hz)
[1ATeleop loop time: 33.34ms (30 Hz)
[1ATeleop loop time: 33.34ms (30 Hz)
[1ATeleop loop time: 33.36ms (30 Hz)
[1ATeleop loop time: 33.34ms (30 Hz)
[1ATeleop loop time: 33.34ms (30 Hz)
[1ATeleop loop time: 33.34ms (30 Hz)
[1ATeleop loop time: 33.34ms (30 Hz)
[1ATeleop loop time: 33.34ms (30 Hz)
[1ATeleop loop time: 33.34ms (30 Hz)
[1ATeleop loop time: 33.34ms (30 Hz)
[1ATeleop loop time: 33.34ms (30 Hz)
[1ATeleop loop time: 33.34ms (30 Hz)
[1ATeleop loop time: 33.34ms (30 Hz)
[1ATeleop loop time: 33.35ms (30 Hz)
[1ATeleop loop time: 33.35ms (30 Hz)
[1ATeleop loop time: 33.34ms (30 Hz)
[1ATeleop loop time: 33.36ms (30 Hz)
[1ATeleop loop time: 33.34ms (30 Hz)
[1ATeleop loop time: 33.34ms (30 Hz)
[1ATeleop loop time: 33.34ms (30 Hz)
[1ATeleop loop time: 33.34ms (30 Hz)
[1ATeleop loop time: 33.35ms (30 Hz)
[1ATeleop loop time: 33.34ms (30 Hz)
[1ATeleop loop time: 33.34ms (30 Hz)
[1ATeleop loop time: 33.34ms (30 Hz)
[1ATeleop loop time: 33.34ms (30 Hz)
[1ATeleop loop time: 33.34ms (30 Hz)
[1ATeleop loop time: 33.34ms (30 Hz)
[1ATeleop loop time: 33.36ms (30 Hz)
[1ATeleop loop time: 33.36ms (30 Hz)
[1ATeleop loop time: 33.35ms (30 Hz)
[1ATeleop loop time: 33.34ms (30 Hz)
[1ATeleop loop time: 33.34ms (30 Hz)
[1ATeleop loop time: 33.35ms (30 Hz)
[1ATeleop loop time: 33.35ms (30 Hz)
[1ATeleop loop time: 33.34ms (30 Hz)
[1ATeleop loop time: 33.34ms (30 Hz)
[1ATeleop loop time: 33.34ms (30 Hz)
[1ATeleop loop time: 33.35ms (30 Hz)
[1ATeleop loop time: 33.36ms (30 Hz)
[1ATeleop loop time: 33.36ms (30 Hz)
[1ATeleop loop time: 33.35ms (30 Hz)
[1ATeleop loop time: 33.37ms (30 Hz)
[1ATeleop loop time: 33.34ms (30 Hz)
[1ATeleop loop time: 33.43ms (30 Hz)
[1ATeleop loop time: 33.34ms (30 Hz)
[1ATeleop loop time: 33.37ms (30 Hz)
[1ATeleop loop time: 33.34ms (30 Hz)
[1ATeleop loop time: 33.34ms (30 Hz)
[1ATeleop loop time: 33.34ms (30 Hz)
[1ATeleop loop time: 33.34ms (30 Hz)
[1ATeleop loop time: 33.34ms (30 Hz)
[1ATeleop loop time: 33.35ms (30 Hz)
[1ATeleop loop time: 33.36ms (30 Hz)
[1ATeleop loop time: 33.34ms (30 Hz)
[1ATeleop loop time: 33.35ms (30 Hz)
[1ATeleop loop time: 33.36ms (30 Hz)
[1ATeleop loop time: 33.34ms (30 Hz)
[1ATeleop loop time: 33.37ms (30 Hz)
[1ATeleop loop time: 33.36ms (30 Hz)
[1ATeleop loop time: 33.36ms (30 Hz)
[1ATeleop loop time: 33.38ms (30 Hz)
[1ATeleop loop time: 33.34ms (30 Hz)
[1ATeleop loop time: 33.34ms (30 Hz)
[1ATeleop loop time: 33.34ms (30 Hz)
[1ATeleop loop time: 33.37ms (30 Hz)
[1ATeleop loop time: 33.50ms (30 Hz)
[1ATeleop loop time: 33.36ms (30 Hz)
[1ATeleop loop time: 33.37ms (30 Hz)
[1ATeleop loop time: 33.37ms (30 Hz)
[1ATeleop loop time: 33.34ms (30 Hz)
[1ATeleop loop time: 33.34ms (30 Hz)
[1ATeleop loop time: 33.34ms (30 Hz)
[1ATeleop loop time: 33.34ms (30 Hz)
[1ATeleop loop time: 33.34ms (30 Hz)
[1ATeleop loop time: 33.34ms (30 Hz)
[1ATeleop loop time: 33.36ms (30 Hz)
[1ATeleop loop time: 33.35ms (30 Hz)
[1ATeleop loop time: 33.34ms (30 Hz)
[1ATeleop loop time: 33.34ms (30 Hz)
[1ATeleop loop time: 33.34ms (30 Hz)
[1ATeleop loop time: 33.35ms (30 Hz)
[1ATeleop loop time: 33.34ms (30 Hz)
[1ATeleop loop time: 33.34ms (30 Hz)
[1ATeleop loop time: 33.34ms (30 Hz)
[1ATeleop loop time: 33.34ms (30 Hz)
[1ATeleop loop time: 33.34ms (30 Hz)
[1ATeleop loop time: 33.34ms (30 Hz)
[1ATeleop loop time: 33.36ms (30 Hz)
[1ATeleop loop time: 33.36ms (30 Hz)
[1ATeleop loop time: 33.34ms (30 Hz)
[1ATeleop loop time: 33.35ms (30 Hz)
[1ATeleop loop time: 33.34ms (30 Hz)
[1ATeleop loop time: 33.34ms (30 Hz)
[1ATeleop loop time: 33.34ms (30 Hz)
[1ATeleop loop time: 33.34ms (30 Hz)
[1ATeleop loop time: 33.34ms (30 Hz)
[1ATeleop loop time: 33.34ms (30 Hz)
[1ATeleop loop time: 33.34ms (30 Hz)
[1ATeleop loop time: 33.34ms (30 Hz)
[1ATeleop loop time: 33.34ms (30 Hz)
[1ATeleop loop time: 33.35ms (30 Hz)
[1ATeleop loop time: 33.34ms (30 Hz)
[1ATeleop loop time: 33.34ms (30 Hz)
[1ATeleop loop time: 33.34ms (30 Hz)
[1ATeleop loop time: 33.35ms (30 Hz)
[1ATeleop loop time: 33.36ms (30 Hz)
[1ATeleop loop time: 33.36ms (30 Hz)
[1ATeleop loop time: 33.34ms (30 Hz)
[1ATeleop loop time: 33.34ms (30 Hz)
[1ATeleop loop time: 33.40ms (30 Hz)
[1ATeleop loop time: 33.34ms (30 Hz)
[1ATeleop loop time: 33.34ms (30 Hz)
[1ATeleop loop time: 33.37ms (30 Hz)
[1ATeleop loop time: 33.34ms (30 Hz)
[1ATeleop loop time: 33.35ms (30 Hz)
[1ATeleop loop time: 33.38ms (30 Hz)
[1ATeleop loop time: 33.39ms (30 Hz)
[1ATeleop loop time: 33.34ms (30 Hz)
[1ATeleop loop time: 33.34ms (30 Hz)
[1ATeleop loop time: 33.34ms (30 Hz)
[1ATeleop loop time: 33.34ms (30 Hz)
[1ATeleop loop time: 33.34ms (30 Hz)
[1ATeleop loop time: 33.37ms (30 Hz)
[1ATeleop loop time: 33.36ms (30 Hz)
[1ATeleop loop time: 33.37ms (30 Hz)
[1ATeleop loop time: 33.37ms (30 Hz)
[1ATeleop loop time: 33.34ms (30 Hz)
[1ATeleop loop time: 33.34ms (30 Hz)
[1ATeleop loop time: 33.34ms (30 Hz)
[1ATeleop loop time: 33.34ms (30 Hz)
[1ATeleop loop time: 33.34ms (30 Hz)
[1ATeleop loop time: 33.34ms (30 Hz)
[1ATeleop loop time: 33.34ms (30 Hz)
[1ATeleop loop time: 33.35ms (30 Hz)
[1ATeleop loop time: 33.35ms (30 Hz)
[1ATeleop loop time: 33.34ms (30 Hz)
[1ATeleop loop time: 33.36ms (30 Hz)
[1ATeleop loop time: 33.34ms (30 Hz)WARNING 2026-10-07 15:47:23 ts/utils.py:121 Relative goal position magnitude had to be clamped to be safe.
{   'elbow_flex': {   'original goal_pos': -139.12087912087912,
                      'safe goal_pos': -131.76923076923077},
    'shoulder_pan': {   'original goal_pos': -12.923076923076923,
                        'safe goal_pos': 15.131868131868131}}
WARNING 2026-10-07 15:47:23 ts/utils.py:121 Relative goal position magnitude had to be clamped to be safe.
{   'elbow_flex': {   'original goal_pos': -139.12087912087912,
                      'safe goal_pos': -132.73626373626374},
    'shoulder_pan': {   'original goal_pos': -15.208791208791208,
                        'safe goal_pos': 13.637362637362639}}
WARNING 2026-10-07 15:47:23 ts/utils.py:121 Relative goal position magnitude had to be clamped to be safe.
{   'elbow_flex': {   'original goal_pos': -139.12087912087912,
                      'safe goal_pos': -133.87912087912088},
    'shoulder_pan': {   'original goal_pos': -17.494505494505493,
                        'safe goal_pos': 12.318681318681318}}
WARNING 2026-10-07 15:47:23 ts/utils.py:121 Relative goal position magnitude had to be clamped to be safe.
{   'elbow_flex': {   'original goal_pos': -139.12087912087912,
                      'safe goal_pos': -134.84615384615384},
    'shoulder_pan': {   'original goal_pos': -19.604395604395606,
                        'safe goal_pos': 10.912087912087912}}
WARNING 2026-10-07 15:47:23 ts/utils.py:121 Relative goal position magnitude had to be clamped to be safe.
{   'elbow_flex': {   'original goal_pos': -139.12087912087912,
                      'safe goal_pos': -135.9010989010989},
    'shoulder_pan': {   'original goal_pos': -21.626373626373628,
                        'safe goal_pos': 9.505494505494505}}
WARNING 2026-10-07 15:47:23 ts/utils.py:121 Relative goal position magnitude had to be clamped to be safe.
{   'elbow_flex': {   'original goal_pos': -139.12087912087912,
                      'safe goal_pos': -136.95604395604394},
    'shoulder_pan': {   'original goal_pos': -23.824175824175825,
                        'safe goal_pos': 8.186813186813186}}
WARNING 2026-10-07 15:47:23 ts/utils.py:121 Relative goal position magnitude had to be clamped to be safe.
{   'elbow_flex': {   'original goal_pos': -139.12087912087912,
                      'safe goal_pos': -137.92307692307693},
    'shoulder_pan': {   'original goal_pos': -26.10989010989011,
                        'safe goal_pos': 6.692307692307692}}
WARNING 2026-10-07 15:47:23 ts/utils.py:121 Relative goal position magnitude had to be clamped to be safe.
{   'shoulder_pan': {   'original goal_pos': -28.043956043956044,
                        'safe goal_pos': 5.373626373626374}}
WARNING 2026-10-07 15:47:23 ts/utils.py:121 Relative goal position magnitude had to be clamped to be safe.
{   'shoulder_pan': {   'original goal_pos': -30.065934065934066,
                        'safe goal_pos': 3.967032967032967}}
WARNING 2026-10-07 15:47:23 ts/utils.py:121 Relative goal position magnitude had to be clamped to be safe.
{   'shoulder_pan': {   'original goal_pos': -32.0,
                        'safe goal_pos': 2.6483516483516487}}
WARNING 2026-10-07 15:47:23 ts/utils.py:121 Relative goal position magnitude had to be clamped to be safe.
{   'shoulder_pan': {   'original goal_pos': -33.934065934065934,
                        'safe goal_pos': 1.2417582417582418}}
WARNING 2026-10-07 15:47:23 ts/utils.py:121 Relative goal position magnitude had to be clamped to be safe.
{   'shoulder_pan': {   'original goal_pos': -36.043956043956044,
                        'safe goal_pos': -0.16483516483516514}}
WARNING 2026-10-07 15:47:23 ts/utils.py:121 Relative goal position magnitude had to be clamped to be safe.
{   'shoulder_pan': {   'original goal_pos': -37.8021978021978,
                        'safe goal_pos': -1.5714285714285716}}
WARNING 2026-10-07 15:47:23 ts/utils.py:121 Relative goal position magnitude had to be clamped to be safe.
{   'shoulder_pan': {   'original goal_pos': -39.73626373626374,
                        'safe goal_pos': -2.978021978021978}}
WARNING 2026-10-07 15:47:23 ts/utils.py:121 Relative goal position magnitude had to be clamped to be safe.
{   'shoulder_pan': {   'original goal_pos': -42.02197802197802,
                        'safe goal_pos': -4.384615384615385}}
WARNING 2026-10-07 15:47:23 ts/utils.py:121 Relative goal position magnitude had to be clamped to be safe.
{   'shoulder_pan': {   'original goal_pos': -44.13186813186813,
                        'safe goal_pos': -5.7032967032967035}}
WARNING 2026-10-07 15:47:23 ts/utils.py:121 Relative goal position magnitude had to be clamped to be safe.
{   'shoulder_pan': {   'original goal_pos': -46.417582417582416,
                        'safe goal_pos': -7.1098901098901095}}
WARNING 2026-10-07 15:47:23 ts/utils.py:121 Relative goal position magnitude had to be clamped to be safe.
{   'shoulder_pan': {   'original goal_pos': -48.61538461538461,
                        'safe goal_pos': -8.516483516483516}}
WARNING 2026-10-07 15:47:23 ts/utils.py:121 Relative goal position magnitude had to be clamped to be safe.
{   'shoulder_pan': {   'original goal_pos': -50.54945054945055,
                        'safe goal_pos': -9.923076923076923}}
WARNING 2026-10-07 15:47:23 ts/utils.py:121 Relative goal position magnitude had to be clamped to be safe.
{   'shoulder_pan': {   'original goal_pos': -52.57142857142857,
                        'safe goal_pos': -11.329670329670328}}
WARNING 2026-10-07 15:47:23 ts/utils.py:121 Relative goal position magnitude had to be clamped to be safe.
{   'shoulder_pan': {   'original goal_pos': -54.417582417582416,
                        'safe goal_pos': -12.736263736263737}}
WARNING 2026-10-07 15:47:23 ts/utils.py:121 Relative goal position magnitude had to be clamped to be safe.
{   'shoulder_pan': {   'original goal_pos': -55.73626373626374,
                        'safe goal_pos': -14.054945054945055}}
WARNING 2026-10-07 15:47:23 ts/utils.py:121 Relative goal position magnitude had to be clamped to be safe.
{   'shoulder_pan': {   'original goal_pos': -57.05494505494506,
                        'safe goal_pos': -15.54945054945055}}
WARNING 2026-10-07 15:47:23 ts/utils.py:121 Relative goal position magnitude had to be clamped to be safe.
{   'shoulder_pan': {   'original goal_pos': -58.37362637362637,
                        'safe goal_pos': -16.956043956043956}}
WARNING 2026-10-07 15:47:23 ts/utils.py:121 Relative goal position magnitude had to be clamped to be safe.
{   'shoulder_pan': {   'original goal_pos': -59.34065934065934,
                        'safe goal_pos': -18.362637362637365}}
WARNING 2026-10-07 15:47:23 ts/utils.py:121 Relative goal position magnitude had to be clamped to be safe.
{   'shoulder_pan': {   'original goal_pos': -60.043956043956044,
                        'safe goal_pos': -19.76923076923077}}
WARNING 2026-10-07 15:47:23 ts/utils.py:121 Relative goal position magnitude had to be clamped to be safe.
{   'shoulder_pan': {   'original goal_pos': -60.83516483516483,
                        'safe goal_pos': -21.175824175824175}}
WARNING 2026-10-07 15:47:24 ts/utils.py:121 Relative goal position magnitude had to be clamped to be safe.
{   'shoulder_pan': {   'original goal_pos': -61.714285714285715,
                        'safe goal_pos': -22.582417582417584}}
WARNING 2026-10-07 15:47:24 ts/utils.py:121 Relative goal position magnitude had to be clamped to be safe.
{   'shoulder_pan': {   'original goal_pos': -62.32967032967033,
                        'safe goal_pos': -23.98901098901099}}
WARNING 2026-10-07 15:47:24 ts/utils.py:121 Relative goal position magnitude had to be clamped to be safe.
{   'shoulder_pan': {   'original goal_pos': -62.94505494505494,
                        'safe goal_pos': -25.395604395604394}}
WARNING 2026-10-07 15:47:24 ts/utils.py:121 Relative goal position magnitude had to be clamped to be safe.
{   'shoulder_pan': {   'original goal_pos': -64.0,
                        'safe goal_pos': -26.802197802197803}}
WARNING 2026-10-07 15:47:24 ts/utils.py:121 Relative goal position magnitude had to be clamped to be safe.
{   'shoulder_pan': {   'original goal_pos': -64.87912087912088,
                        'safe goal_pos': -28.296703296703296}}
WARNING 2026-10-07 15:47:24 ts/utils.py:121 Relative goal position magnitude had to be clamped to be safe.
{   'shoulder_pan': {   'original goal_pos': -65.58241758241758,
                        'safe goal_pos': -29.703296703296704}}
WARNING 2026-10-07 15:47:24 ts/utils.py:121 Relative goal position magnitude had to be clamped to be safe.
{   'shoulder_pan': {   'original goal_pos': -66.10989010989012,
                        'safe goal_pos': -31.10989010989011}}
WARNING 2026-10-07 15:47:24 ts/utils.py:121 Relative goal position magnitude had to be clamped to be safe.
{   'shoulder_pan': {   'original goal_pos': -66.37362637362638,
                        'safe goal_pos': -32.51648351648352}}
WARNING 2026-10-07 15:47:24 ts/utils.py:121 Relative goal position magnitude had to be clamped to be safe.
{   'elbow_flex': {   'original goal_pos': -143.07692307692307,
                      'safe goal_pos': -143.02197802197801},
    'shoulder_pan': {   'original goal_pos': -66.46153846153847,
                        'safe goal_pos': -34.01098901098901}}
WARNING 2026-10-07 15:47:24 ts/utils.py:121 Relative goal position magnitude had to be clamped to be safe.
{   'elbow_flex': {   'original goal_pos': -144.4835164835165,
                      'safe goal_pos': -143.9010989010989},
    'shoulder_pan': {   'original goal_pos': -66.1978021978022,
                        'safe goal_pos': -35.417582417582416}}
WARNING 2026-10-07 15:47:24 ts/utils.py:121 Relative goal position magnitude had to be clamped to be safe.
{   'elbow_flex': {   'original goal_pos': -145.62637362637363,
                      'safe goal_pos': -145.13186813186815},
    'shoulder_pan': {   'original goal_pos': -66.02197802197803,
                        'safe goal_pos': -36.824175824175825}}
WARNING 2026-10-07 15:47:24 ts/utils.py:121 Relative goal position magnitude had to be clamped to be safe.
{   'elbow_flex': {   'original goal_pos': -146.6813186813187,
                      'safe goal_pos': -146.0989010989011},
    'shoulder_pan': {   'original goal_pos': -65.58241758241758,
                        'safe goal_pos': -38.31868131868132}}
WARNING 2026-10-07 15:47:24 ts/utils.py:121 Relative goal position magnitude had to be clamped to be safe.
{   'elbow_flex': {   'original goal_pos': -148.0879120879121,
                      'safe goal_pos': -147.24175824175825},
    'shoulder_pan': {   'original goal_pos': -64.96703296703296,
                        'safe goal_pos': -39.72527472527472}}
WARNING 2026-10-07 15:47:24 ts/utils.py:121 Relative goal position magnitude had to be clamped to be safe.
{   'elbow_flex': {   'original goal_pos': -149.93406593406593,
                      'safe goal_pos': -148.3846153846154},
    'shoulder_pan': {   'original goal_pos': -64.61538461538461,
                        'safe goal_pos': -41.13186813186813}}
WARNING 2026-10-07 15:47:24 ts/utils.py:121 Relative goal position magnitude had to be clamped to be safe.
{   'elbow_flex': {   'original goal_pos': -152.30769230769232,
                      'safe goal_pos': -149.43956043956044},
    'shoulder_pan': {   'original goal_pos': -64.52747252747253,
                        'safe goal_pos': -42.53846153846154}}
WARNING 2026-10-07 15:47:24 ts/utils.py:121 Relative goal position magnitude had to be clamped to be safe.
{   'elbow_flex': {   'original goal_pos': -154.5054945054945,
                      'safe goal_pos': -150.58241758241758},
    'shoulder_pan': {   'original goal_pos': -64.52747252747253,
                        'safe goal_pos': -44.032967032967036},
    'wrist_flex': {   'original goal_pos': 7.428571428571429,
                      'safe goal_pos': 6.934065934065934}}
WARNING 2026-10-07 15:47:24 ts/utils.py:121 Relative goal position magnitude had to be clamped to be safe.
{   'elbow_flex': {   'original goal_pos': -156.43956043956044,
                      'safe goal_pos': -151.63736263736263},
    'shoulder_pan': {   'original goal_pos': -64.52747252747253,
                        'safe goal_pos': -45.43956043956044},
    'wrist_flex': {   'original goal_pos': 9.274725274725276,
                      'safe goal_pos': 8.252747252747252}}
WARNING 2026-10-07 15:47:24 ts/utils.py:121 Relative goal position magnitude had to be clamped to be safe.
{   'elbow_flex': {   'original goal_pos': -158.37362637362637,
                      'safe goal_pos': -152.78021978021977},
    'shoulder_pan': {   'original goal_pos': -64.52747252747253,
                        'safe goal_pos': -46.84615384615385},
    'wrist_flex': {   'original goal_pos': 11.296703296703297,
                      'safe goal_pos': 9.747252747252748}}
WARNING 2026-10-07 15:47:24 ts/utils.py:121 Relative goal position magnitude had to be clamped to be safe.
{   'elbow_flex': {   'original goal_pos': -160.4835164835165,
                      'safe goal_pos': -153.92307692307693},
    'shoulder_pan': {   'original goal_pos': -64.43956043956044,
                        'safe goal_pos': -48.34065934065934},
    'wrist_flex': {   'original goal_pos': 13.494505494505495,
                      'safe goal_pos': 10.978021978021978}}
WARNING 2026-10-07 15:47:24 ts/utils.py:121 Relative goal position magnitude had to be clamped to be safe.
{   'elbow_flex': {   'original goal_pos': -162.6813186813187,
                      'safe goal_pos': -154.97802197802199},
    'shoulder_pan': {   'original goal_pos': -64.43956043956044,
                        'safe goal_pos': -49.747252747252745},
    'wrist_flex': {   'original goal_pos': 15.692307692307692,
                      'safe goal_pos': 12.384615384615385}}
WARNING 2026-10-07 15:47:24 ts/utils.py:121 Relative goal position magnitude had to be clamped to be safe.
{   'elbow_flex': {   'original goal_pos': -164.96703296703296,
                      'safe goal_pos': -156.12087912087912},
    'shoulder_pan': {   'original goal_pos': -64.43956043956044,
                        'safe goal_pos': -51.15384615384615},
    'wrist_flex': {   'original goal_pos': 17.53846153846154,
                      'safe goal_pos': 13.703296703296703}}
WARNING 2026-10-07 15:47:24 ts/utils.py:121 Relative goal position magnitude had to be clamped to be safe.
{   'elbow_flex': {   'original goal_pos': -166.98901098901098,
                      'safe goal_pos': -157.17582417582418},
    'shoulder_pan': {   'original goal_pos': -64.35164835164835,
                        'safe goal_pos': -52.64835164835165},
    'wrist_flex': {   'original goal_pos': 19.384615384615383,
                      'safe goal_pos': 15.021978021978022}}
WARNING 2026-10-07 15:47:24 ts/utils.py:121 Relative goal position magnitude had to be clamped to be safe.
{   'elbow_flex': {   'original goal_pos': -169.0989010989011,
                      'safe goal_pos': -158.3186813186813},
    'shoulder_pan': {   'original goal_pos': -63.91208791208791,
                        'safe goal_pos': -54.05494505494506},
    'wrist_flex': {   'original goal_pos': 21.142857142857142,
                      'safe goal_pos': 16.42857142857143}}
WARNING 2026-10-07 15:47:24 ts/utils.py:121 Relative goal position magnitude had to be clamped to be safe.
{   'elbow_flex': {   'original goal_pos': -171.03296703296704,
                      'safe goal_pos': -159.46153846153845},
    'shoulder_pan': {   'original goal_pos': -63.120879120879124,
                        'safe goal_pos': -55.54945054945055},
    'wrist_flex': {   'original goal_pos': 22.725274725274726,
                      'safe goal_pos': 17.747252747252745}}
WARNING 2026-10-07 15:47:24 ts/utils.py:121 Relative goal position magnitude had to be clamped to be safe.
{   'elbow_flex': {   'original goal_pos': -173.05494505494505,
                      'safe goal_pos': -160.6043956043956},
    'shoulder_pan': {   'original goal_pos': -62.065934065934066,
                        'safe goal_pos': -56.956043956043956},
    'wrist_flex': {   'original goal_pos': 24.307692307692307,
                      'safe goal_pos': 18.978021978021978}}
WARNING 2026-10-07 15:47:24 ts/utils.py:121 Relative goal position magnitude had to be clamped to be safe.
{   'elbow_flex': {   'original goal_pos': -175.34065934065933,
                      'safe goal_pos': -161.74725274725276},
    'shoulder_pan': {   'original goal_pos': -61.362637362637365,
                        'safe goal_pos': -58.362637362637365},
    'wrist_flex': {   'original goal_pos': 25.626373626373628,
                      'safe goal_pos': 20.472527472527474}}
WARNING 2026-10-07 15:47:24 ts/utils.py:121 Relative goal position magnitude had to be clamped to be safe.
{   'elbow_flex': {   'original goal_pos': -177.8901098901099,
                      'safe goal_pos': -162.8901098901099},
    'shoulder_pan': {   'original goal_pos': -60.747252747252745,
                        'safe goal_pos': -59.857142857142854},
    'wrist_flex': {   'original goal_pos': 26.857142857142858,
                      'safe goal_pos': 21.791208791208792}}
WARNING 2026-10-07 15:47:24 ts/utils.py:121 Relative goal position magnitude had to be clamped to be safe.
{   'elbow_flex': {   'original goal_pos': 179.73626373626374,
                      'safe goal_pos': -154.03296703296704},
    'wrist_flex': {   'original goal_pos': 28.175824175824175,
                      'safe goal_pos': 23.10989010989011}}
WARNING 2026-10-07 15:47:24 ts/utils.py:121 Relative goal position magnitude had to be clamped to be safe.
{   'elbow_flex': {   'original goal_pos': 177.36263736263737,
                      'safe goal_pos': -155.0},
    'wrist_flex': {   'original goal_pos': 29.494505494505493,
                      'safe goal_pos': 24.516483516483518}}
WARNING 2026-10-07 15:47:24 ts/utils.py:121 Relative goal position magnitude had to be clamped to be safe.
{   'elbow_flex': {   'original goal_pos': 174.98901098901098,
                      'safe goal_pos': -154.82417582417582},
    'wrist_flex': {   'original goal_pos': 31.164835164835164,
                      'safe goal_pos': 25.747252747252748}}
WARNING 2026-10-07 15:47:25 ts/utils.py:121 Relative goal position magnitude had to be clamped to be safe.
{   'elbow_flex': {   'original goal_pos': 172.35164835164835,
                      'safe goal_pos': -153.32967032967034},
    'wrist_flex': {   'original goal_pos': 33.18681318681319,
                      'safe goal_pos': 27.153846153846153}}
WARNING 2026-10-07 15:47:25 ts/utils.py:121 Relative goal position magnitude had to be clamped to be safe.
{   'elbow_flex': {   'original goal_pos': 169.8021978021978,
                      'safe goal_pos': -151.57142857142858},
    'wrist_flex': {   'original goal_pos': 35.2967032967033,
                      'safe goal_pos': 28.47252747252747}}
WARNING 2026-10-07 15:47:25 ts/utils.py:121 Relative goal position magnitude had to be clamped to be safe.
{   'elbow_flex': {   'original goal_pos': 167.34065934065933,
                      'safe goal_pos': -150.07692307692307},
    'wrist_flex': {   'original goal_pos': 37.67032967032967,
                      'safe goal_pos': 29.791208791208792}}
WARNING 2026-10-07 15:47:25 ts/utils.py:121 Relative goal position magnitude had to be clamped to be safe.
{   'elbow_flex': {   'original goal_pos': 167.16483516483515,
                      'safe goal_pos': -148.4065934065934},
    'wrist_flex': {   'original goal_pos': 39.604395604395606,
                      'safe goal_pos': 31.197802197802197}}
WARNING 2026-10-07 15:47:25 ts/utils.py:121 Relative goal position magnitude had to be clamped to be safe.
{   'elbow_flex': {   'original goal_pos': 167.5164835164835,
                      'safe goal_pos': -146.73626373626374},
    'wrist_flex': {   'original goal_pos': 40.65934065934066,
                      'safe goal_pos': 32.604395604395606}}
WARNING 2026-10-07 15:47:25 ts/utils.py:121 Relative goal position magnitude had to be clamped to be safe.
{   'elbow_flex': {   'original goal_pos': 167.5164835164835,
                      'safe goal_pos': -145.06593406593407},
    'wrist_flex': {   'original goal_pos': 40.65934065934066,
                      'safe goal_pos': 34.098901098901095}}
WARNING 2026-10-07 15:47:25 ts/utils.py:121 Relative goal position magnitude had to be clamped to be safe.
{   'elbow_flex': {   'original goal_pos': 167.5164835164835,
                      'safe goal_pos': -143.3956043956044},
    'shoulder_lift': {   'original goal_pos': 136.04395604395606,
                         'safe goal_pos': 136.1868131868132},
    'wrist_flex': {   'original goal_pos': 40.65934065934066,
                      'safe goal_pos': 35.417582417582416}}
WARNING 2026-10-07 15:47:25 ts/utils.py:121 Relative goal position magnitude had to be clamped to be safe.
{   'elbow_flex': {   'original goal_pos': 167.5164835164835,
                      'safe goal_pos': -141.72527472527472},
    'shoulder_lift': {   'original goal_pos': 134.46153846153845,
                         'safe goal_pos': 135.83516483516485},
    'wrist_flex': {   'original goal_pos': 41.010989010989015,
                      'safe goal_pos': 37.0}}
WARNING 2026-10-07 15:47:25 ts/utils.py:121 Relative goal position magnitude had to be clamped to be safe.
{   'elbow_flex': {   'original goal_pos': 167.5164835164835,
                      'safe goal_pos': -140.14285714285714},
    'shoulder_lift': {   'original goal_pos': 132.96703296703296,
                         'safe goal_pos': 135.13186813186815},
    'wrist_flex': {   'original goal_pos': 41.62637362637363,
                      'safe goal_pos': 38.40659340659341}}
WARNING 2026-10-07 15:47:25 ts/utils.py:121 Relative goal position magnitude had to be clamped to be safe.
{   'elbow_flex': {   'original goal_pos': 167.5164835164835,
                      'safe goal_pos': -138.47252747252747},
    'shoulder_lift': {   'original goal_pos': 131.9120879120879,
                         'safe goal_pos': 134.78021978021977},
    'wrist_flex': {   'original goal_pos': 42.94505494505494,
                      'safe goal_pos': 39.72527472527472}}
WARNING 2026-10-07 15:47:25 ts/utils.py:121 Relative goal position magnitude had to be clamped to be safe.
{   'elbow_flex': {   'original goal_pos': 167.5164835164835,
                      'safe goal_pos': -136.71428571428572},
    'shoulder_lift': {   'original goal_pos': 131.03296703296704,
                         'safe goal_pos': 134.07692307692307},
    'wrist_flex': {   'original goal_pos': 44.08791208791209,
                      'safe goal_pos': 41.30769230769231}}
WARNING 2026-10-07 15:47:25 ts/utils.py:121 Relative goal position magnitude had to be clamped to be safe.
{   'elbow_flex': {   'original goal_pos': 167.5164835164835,
                      'safe goal_pos': -135.04395604395606},
    'shoulder_lift': {   'original goal_pos': 130.32967032967034,
                         'safe goal_pos': 133.54945054945054},
    'wrist_flex': {   'original goal_pos': 44.61538461538461,
                      'safe goal_pos': 42.714285714285715}}
WARNING 2026-10-07 15:47:25 ts/utils.py:121 Relative goal position magnitude had to be clamped to be safe.
{   'elbow_flex': {   'original goal_pos': 167.5164835164835,
                      'safe goal_pos': -133.46153846153845},
    'shoulder_lift': {   'original goal_pos': 129.71428571428572,
                         'safe goal_pos': 132.93406593406593},
    'wrist_flex': {   'original goal_pos': 44.43956043956044,
                      'safe goal_pos': 44.20879120879121}}
WARNING 2026-10-07 15:47:25 ts/utils.py:121 Relative goal position magnitude had to be clamped to be safe.
{   'elbow_flex': {   'original goal_pos': 167.5164835164835,
                      'safe goal_pos': -131.7912087912088},
    'shoulder_lift': {   'original goal_pos': 129.0989010989011,
                         'safe goal_pos': 132.4065934065934}}
WARNING 2026-10-07 15:47:25 ts/utils.py:121 Relative goal position magnitude had to be clamped to be safe.
{   'elbow_flex': {   'original goal_pos': 167.5164835164835,
                      'safe goal_pos': -130.12087912087912},
    'shoulder_lift': {   'original goal_pos': 128.4835164835165,
                         'safe goal_pos': 131.87912087912088}}
WARNING 2026-10-07 15:47:25 ts/utils.py:121 Relative goal position magnitude had to be clamped to be safe.
{   'elbow_flex': {   'original goal_pos': 167.5164835164835,
                      'safe goal_pos': -128.45054945054946},
    'shoulder_lift': {   'original goal_pos': 127.6923076923077,
                         'safe goal_pos': 131.35164835164835}}
WARNING 2026-10-07 15:47:25 ts/utils.py:121 Relative goal position magnitude had to be clamped to be safe.
{   'elbow_flex': {   'original goal_pos': 167.5164835164835,
                      'safe goal_pos': -126.69230769230768},
    'shoulder_lift': {   'original goal_pos': 126.72527472527473,
                         'safe goal_pos': 130.9120879120879}}
WARNING 2026-10-07 15:47:25 ts/utils.py:121 Relative goal position magnitude had to be clamped to be safe.
{   'elbow_flex': {   'original goal_pos': 167.5164835164835,
                      'safe goal_pos': -125.02197802197801},
    'shoulder_lift': {   'original goal_pos': 125.84615384615384,
                         'safe goal_pos': 130.47252747252747}}
WARNING 2026-10-07 15:47:25 ts/utils.py:121 Relative goal position magnitude had to be clamped to be safe.
{   'elbow_flex': {   'original goal_pos': 167.5164835164835,
                      'safe goal_pos': -123.43956043956044},
    'shoulder_lift': {   'original goal_pos': 125.05494505494505,
                         'safe goal_pos': 129.94505494505495}}
WARNING 2026-10-07 15:47:25 ts/utils.py:121 Relative goal position magnitude had to be clamped to be safe.
{   'elbow_flex': {   'original goal_pos': 167.5164835164835,
                      'safe goal_pos': -121.68131868131869},
    'shoulder_lift': {   'original goal_pos': 124.35164835164835,
                         'safe goal_pos': 129.5054945054945}}
WARNING 2026-10-07 15:47:25 ts/utils.py:121 Relative goal position magnitude had to be clamped to be safe.
{   'elbow_flex': {   'original goal_pos': 167.5164835164835,
                      'safe goal_pos': -119.92307692307692},
    'shoulder_lift': {   'original goal_pos': 123.82417582417582,
                         'safe goal_pos': 129.15384615384616}}
WARNING 2026-10-07 15:47:25 ts/utils.py:121 Relative goal position magnitude had to be clamped to be safe.
{   'elbow_flex': {   'original goal_pos': 167.5164835164835,
                      'safe goal_pos': -118.25274725274726},
    'shoulder_lift': {   'original goal_pos': 123.2967032967033,
                         'safe goal_pos': 128.62637362637363}}
WARNING 2026-10-07 15:47:25 ts/utils.py:121 Relative goal position magnitude had to be clamped to be safe.
{   'elbow_flex': {   'original goal_pos': 167.5164835164835,
                      'safe goal_pos': -116.58241758241758},
    'shoulder_lift': {   'original goal_pos': 122.85714285714286,
                         'safe goal_pos': 128.1868131868132}}
WARNING 2026-10-07 15:47:25 ts/utils.py:121 Relative goal position magnitude had to be clamped to be safe.
{   'elbow_flex': {   'original goal_pos': 167.5164835164835,
                      'safe goal_pos': -114.82417582417582},
    'shoulder_lift': {   'original goal_pos': 122.06593406593407,
                         'safe goal_pos': 127.74725274725276}}
WARNING 2026-10-07 15:47:25 ts/utils.py:121 Relative goal position magnitude had to be clamped to be safe.
{   'elbow_flex': {   'original goal_pos': 167.5164835164835,
                      'safe goal_pos': -113.15384615384616},
    'shoulder_lift': {   'original goal_pos': 121.0989010989011,
                         'safe goal_pos': 127.21978021978023}}
WARNING 2026-10-07 15:47:25 ts/utils.py:121 Relative goal position magnitude had to be clamped to be safe.
{   'elbow_flex': {   'original goal_pos': 167.5164835164835,
                      'safe goal_pos': -111.48351648351648},
    'shoulder_lift': {   'original goal_pos': 120.04395604395604,
                         'safe goal_pos': 126.78021978021977}}
WARNING 2026-10-07 15:47:25 ts/utils.py:121 Relative goal position magnitude had to be clamped to be safe.
{   'elbow_flex': {   'original goal_pos': 167.5164835164835,
                      'safe goal_pos': -109.72527472527473},
    'shoulder_lift': {   'original goal_pos': 119.16483516483517,
                         'safe goal_pos': 126.25274725274724}}
WARNING 2026-10-07 15:47:25 ts/utils.py:121 Relative goal position magnitude had to be clamped to be safe.
{   'elbow_flex': {   'original goal_pos': 167.5164835164835,
                      'safe goal_pos': -108.05494505494505},
    'shoulder_lift': {   'original goal_pos': 118.37362637362638,
                         'safe goal_pos': 125.72527472527472}}
WARNING 2026-10-07 15:47:25 ts/utils.py:121 Relative goal position magnitude had to be clamped to be safe.
{   'elbow_flex': {   'original goal_pos': 167.5164835164835,
                      'safe goal_pos': -106.2967032967033},
    'shoulder_lift': {   'original goal_pos': 117.84615384615384,
                         'safe goal_pos': 125.19780219780219}}
WARNING 2026-10-07 15:47:25 ts/utils.py:121 Relative goal position magnitude had to be clamped to be safe.
{   'elbow_flex': {   'original goal_pos': 167.5164835164835,
                      'safe goal_pos': -104.62637362637362},
    'shoulder_lift': {   'original goal_pos': 117.67032967032966,
                         'safe goal_pos': 124.75824175824175}}
WARNING 2026-10-07 15:47:26 ts/utils.py:121 Relative goal position magnitude had to be clamped to be safe.
{   'elbow_flex': {   'original goal_pos': 167.5164835164835,
                      'safe goal_pos': -102.95604395604396},
    'shoulder_lift': {   'original goal_pos': 117.4065934065934,
                         'safe goal_pos': 124.23076923076923}}
WARNING 2026-10-07 15:47:26 ts/utils.py:121 Relative goal position magnitude had to be clamped to be safe.
{   'elbow_flex': {   'original goal_pos': 167.5164835164835,
                      'safe goal_pos': -101.1978021978022},
    'shoulder_lift': {   'original goal_pos': 117.31868131868131,
                         'safe goal_pos': 123.61538461538461}}
WARNING 2026-10-07 15:47:26 ts/utils.py:121 Relative goal position magnitude had to be clamped to be safe.
{   'elbow_flex': {   'original goal_pos': 167.5164835164835,
                      'safe goal_pos': -99.43956043956044},
    'shoulder_lift': {   'original goal_pos': 117.14285714285714,
                         'safe goal_pos': 123.08791208791209}}
WARNING 2026-10-07 15:47:26 ts/utils.py:121 Relative goal position magnitude had to be clamped to be safe.
{   'elbow_flex': {   'original goal_pos': 167.5164835164835,
                      'safe goal_pos': -97.76923076923077},
    'shoulder_lift': {   'original goal_pos': 116.61538461538461,
                         'safe goal_pos': 122.47252747252747}}
WARNING 2026-10-07 15:47:26 ts/utils.py:121 Relative goal position magnitude had to be clamped to be safe.
{   'elbow_flex': {   'original goal_pos': 167.5164835164835,
                      'safe goal_pos': -96.0989010989011},
    'shoulder_lift': {   'original goal_pos': 115.56043956043956,
                         'safe goal_pos': 121.94505494505495}}
WARNING 2026-10-07 15:47:26 ts/utils.py:121 Relative goal position magnitude had to be clamped to be safe.
{   'elbow_flex': {   'original goal_pos': 167.5164835164835,
                      'safe goal_pos': -94.34065934065934},
    'shoulder_lift': {   'original goal_pos': 114.15384615384616,
                         'safe goal_pos': 121.41758241758242}}
WARNING 2026-10-07 15:47:26 ts/utils.py:121 Relative goal position magnitude had to be clamped to be safe.
{   'elbow_flex': {   'original goal_pos': 167.5164835164835,
                      'safe goal_pos': -92.58241758241758},
    'shoulder_lift': {   'original goal_pos': 113.01098901098901,
                         'safe goal_pos': 120.89010989010988}}
WARNING 2026-10-07 15:47:26 ts/utils.py:121 Relative goal position magnitude had to be clamped to be safe.
{   'elbow_flex': {   'original goal_pos': 167.5164835164835,
                      'safe goal_pos': -90.91208791208791},
    'shoulder_lift': {   'original goal_pos': 111.95604395604396,
                         'safe goal_pos': 120.45054945054945}}
WARNING 2026-10-07 15:47:26 ts/utils.py:121 Relative goal position magnitude had to be clamped to be safe.
{   'elbow_flex': {   'original goal_pos': 167.5164835164835,
                      'safe goal_pos': -89.15384615384616},
    'shoulder_lift': {   'original goal_pos': 111.07692307692308,
                         'safe goal_pos': 119.83516483516483}}
WARNING 2026-10-07 15:47:26 ts/utils.py:121 Relative goal position magnitude had to be clamped to be safe.
{   'elbow_flex': {   'original goal_pos': 167.5164835164835,
                      'safe goal_pos': -87.48351648351648},
    'shoulder_lift': {   'original goal_pos': 110.37362637362638,
                         'safe goal_pos': 119.3076923076923}}
WARNING 2026-10-07 15:47:26 ts/utils.py:121 Relative goal position magnitude had to be clamped to be safe.
{   'elbow_flex': {   'original goal_pos': 167.5164835164835,
                      'safe goal_pos': -85.72527472527473},
    'shoulder_lift': {   'original goal_pos': 109.67032967032966,
                         'safe goal_pos': 118.6923076923077}}
WARNING 2026-10-07 15:47:26 ts/utils.py:121 Relative goal position magnitude had to be clamped to be safe.
{   'elbow_flex': {   'original goal_pos': 167.5164835164835,
                      'safe goal_pos': -84.05494505494505},
    'shoulder_lift': {   'original goal_pos': 109.05494505494505,
                         'safe goal_pos': 118.16483516483517}}
WARNING 2026-10-07 15:47:26 ts/utils.py:121 Relative goal position magnitude had to be clamped to be safe.
{   'elbow_flex': {   'original goal_pos': 167.5164835164835,
                      'safe goal_pos': -82.2967032967033},
    'shoulder_lift': {   'original goal_pos': 108.43956043956044,
                         'safe goal_pos': 117.54945054945055}}
WARNING 2026-10-07 15:47:26 ts/utils.py:121 Relative goal position magnitude had to be clamped to be safe.
{   'elbow_flex': {   'original goal_pos': 167.5164835164835,
                      'safe goal_pos': -80.62637362637362},
    'shoulder_lift': {   'original goal_pos': 107.91208791208791,
                         'safe goal_pos': 117.02197802197803}}
WARNING 2026-10-07 15:47:26 ts/utils.py:121 Relative goal position magnitude had to be clamped to be safe.
{   'elbow_flex': {   'original goal_pos': 167.5164835164835,
                      'safe goal_pos': -78.95604395604396},
    'shoulder_lift': {   'original goal_pos': 107.64835164835165,
                         'safe goal_pos': 116.49450549450549}}
WARNING 2026-10-07 15:47:26 ts/utils.py:121 Relative goal position magnitude had to be clamped to be safe.
{   'elbow_flex': {   'original goal_pos': 167.5164835164835,
                      'safe goal_pos': -77.1978021978022},
    'shoulder_lift': {   'original goal_pos': 107.47252747252747,
                         'safe goal_pos': 115.96703296703296}}
WARNING 2026-10-07 15:47:26 ts/utils.py:121 Relative goal position magnitude had to be clamped to be safe.
{   'elbow_flex': {   'original goal_pos': 167.5164835164835,
                      'safe goal_pos': -75.43956043956044},
    'shoulder_lift': {   'original goal_pos': 107.38461538461539,
                         'safe goal_pos': 115.35164835164835}}
WARNING 2026-10-07 15:47:26 ts/utils.py:121 Relative goal position magnitude had to be clamped to be safe.
{   'elbow_flex': {   'original goal_pos': 167.5164835164835,
                      'safe goal_pos': -73.76923076923077},
    'shoulder_lift': {   'original goal_pos': 107.20879120879121,
                         'safe goal_pos': 114.73626373626374}}
WARNING 2026-10-07 15:47:26 ts/utils.py:121 Relative goal position magnitude had to be clamped to be safe.
{   'elbow_flex': {   'original goal_pos': 167.5164835164835,
                      'safe goal_pos': -72.0989010989011},
    'shoulder_lift': {   'original goal_pos': 107.12087912087912,
                         'safe goal_pos': 114.12087912087912}}
WARNING 2026-10-07 15:47:26 ts/utils.py:121 Relative goal position magnitude had to be clamped to be safe.
{   'elbow_flex': {   'original goal_pos': 167.5164835164835,
                      'safe goal_pos': -70.34065934065934},
    'shoulder_lift': {   'original goal_pos': 107.12087912087912,
                         'safe goal_pos': 113.50549450549451}}
WARNING 2026-10-07 15:47:26 ts/utils.py:121 Relative goal position magnitude had to be clamped to be safe.
{   'elbow_flex': {   'original goal_pos': 167.5164835164835,
                      'safe goal_pos': -68.58241758241758},
    'shoulder_lift': {   'original goal_pos': 107.12087912087912,
                         'safe goal_pos': 112.8021978021978}}
WARNING 2026-10-07 15:47:26 ts/utils.py:121 Relative goal position magnitude had to be clamped to be safe.
{   'elbow_flex': {   'original goal_pos': 167.5164835164835,
                      'safe goal_pos': -67.0},
    'shoulder_lift': {   'original goal_pos': 107.12087912087912,
                         'safe goal_pos': 112.18681318681318}}
WARNING 2026-10-07 15:47:26 ts/utils.py:121 Relative goal position magnitude had to be clamped to be safe.
{   'elbow_flex': {   'original goal_pos': 167.5164835164835,
                      'safe goal_pos': -65.24175824175825},
    'shoulder_lift': {   'original goal_pos': 107.12087912087912,
                         'safe goal_pos': 111.57142857142857}}
WARNING 2026-10-07 15:47:26 ts/utils.py:121 Relative goal position magnitude had to be clamped to be safe.
{   'elbow_flex': {   'original goal_pos': 167.5164835164835,
                      'safe goal_pos': -63.57142857142857},
    'shoulder_lift': {   'original goal_pos': 107.38461538461539,
                         'safe goal_pos': 110.95604395604396}}
WARNING 2026-10-07 15:47:26 ts/utils.py:121 Relative goal position magnitude had to be clamped to be safe.
{   'elbow_flex': {   'original goal_pos': 167.5164835164835,
                      'safe goal_pos': -61.901098901098905},
    'shoulder_lift': {   'original goal_pos': 107.56043956043956,
                         'safe goal_pos': 110.34065934065934}}
WARNING 2026-10-07 15:47:26 ts/utils.py:121 Relative goal position magnitude had to be clamped to be safe.
{   'elbow_flex': {   'original goal_pos': 167.6043956043956,
                      'safe goal_pos': -60.14285714285714},
    'shoulder_lift': {   'original goal_pos': 107.73626373626374,
                         'safe goal_pos': 109.72527472527473}}
WARNING 2026-10-07 15:47:26 ts/utils.py:121 Relative goal position magnitude had to be clamped to be safe.
{   'elbow_flex': {   'original goal_pos': 167.6043956043956,
                      'safe goal_pos': -58.56043956043956},
    'shoulder_lift': {   'original goal_pos': 108.0,
                         'safe goal_pos': 109.02197802197803}}
WARNING 2026-10-07 15:47:26 ts/utils.py:121 Relative goal position magnitude had to be clamped to be safe.
{   'elbow_flex': {   'original goal_pos': 167.6043956043956,
                      'safe goal_pos': -56.8021978021978}}
WARNING 2026-10-07 15:47:26 ts/utils.py:121 Relative goal position magnitude had to be clamped to be safe.
{   'elbow_flex': {   'original goal_pos': 167.6043956043956,
                      'safe goal_pos': -55.13186813186813}}
WARNING 2026-10-07 15:47:26 ts/utils.py:121 Relative goal position magnitude had to be clamped to be safe.
{   'elbow_flex': {   'original goal_pos': 167.6043956043956,
                      'safe goal_pos': -53.37362637362637}}
WARNING 2026-10-07 15:47:27 ts/utils.py:121 Relative goal position magnitude had to be clamped to be safe.
{   'elbow_flex': {   'original goal_pos': 167.6043956043956,
                      'safe goal_pos': -51.79120879120879}}
WARNING 2026-10-07 15:47:27 ts/utils.py:121 Relative goal position magnitude had to be clamped to be safe.
{   'elbow_flex': {   'original goal_pos': 167.6043956043956,
                      'safe goal_pos': -50.20879120879121}}
WARNING 2026-10-07 15:47:27 ts/utils.py:121 Relative goal position magnitude had to be clamped to be safe.
{   'elbow_flex': {   'original goal_pos': 167.6043956043956,
                      'safe goal_pos': -48.45054945054945}}
WARNING 2026-10-07 15:47:27 ts/utils.py:121 Relative goal position magnitude had to be clamped to be safe.
{   'elbow_flex': {   'original goal_pos': 167.6043956043956,
                      'safe goal_pos': -46.86813186813187}}
WARNING 2026-10-07 15:47:27 ts/utils.py:121 Relative goal position magnitude had to be clamped to be safe.
{   'elbow_flex': {   'original goal_pos': 167.6043956043956,
                      'safe goal_pos': -45.1978021978022}}
WARNING 2026-10-07 15:47:27 ts/utils.py:121 Relative goal position magnitude had to be clamped to be safe.
{   'elbow_flex': {   'original goal_pos': 167.6043956043956,
                      'safe goal_pos': -43.527472527472526}}
WARNING 2026-10-07 15:47:27 ts/utils.py:121 Relative goal position magnitude had to be clamped to be safe.
{   'elbow_flex': {   'original goal_pos': 167.6043956043956,
                      'safe goal_pos': -41.857142857142854}}
WARNING 2026-10-07 15:47:27 ts/utils.py:121 Relative goal position magnitude had to be clamped to be safe.
{   'elbow_flex': {   'original goal_pos': 167.6043956043956,
                      'safe goal_pos': -40.27472527472528}}
WARNING 2026-10-07 15:47:27 ts/utils.py:121 Relative goal position magnitude had to be clamped to be safe.
{   'elbow_flex': {   'original goal_pos': 167.6043956043956,
                      'safe goal_pos': -38.604395604395606}}
WARNING 2026-10-07 15:47:27 ts/utils.py:121 Relative goal position magnitude had to be clamped to be safe.
{   'elbow_flex': {   'original goal_pos': 167.6043956043956,
                      'safe goal_pos': -36.934065934065934}}
WARNING 2026-10-07 15:47:27 ts/utils.py:121 Relative goal position magnitude had to be clamped to be safe.
{   'elbow_flex': {   'original goal_pos': 167.6043956043956,
                      'safe goal_pos': -35.43956043956044}}
WARNING 2026-10-07 15:47:27 ts/utils.py:121 Relative goal position magnitude had to be clamped to be safe.
{   'elbow_flex': {   'original goal_pos': 167.6043956043956,
                      'safe goal_pos': -33.857142857142854}}
WARNING 2026-10-07 15:47:27 ts/utils.py:121 Relative goal position magnitude had to be clamped to be safe.
{   'elbow_flex': {   'original goal_pos': 167.6043956043956,
                      'safe goal_pos': -32.27472527472528}}
WARNING 2026-10-07 15:47:27 ts/utils.py:121 Relative goal position magnitude had to be clamped to be safe.
{   'elbow_flex': {   'original goal_pos': 167.6043956043956,
                      'safe goal_pos': -30.692307692307693}}
WARNING 2026-10-07 15:47:27 ts/utils.py:121 Relative goal position magnitude had to be clamped to be safe.
{   'elbow_flex': {   'original goal_pos': 167.5164835164835,
                      'safe goal_pos': -29.10989010989011},
    'wrist_flex': {   'original goal_pos': 51.38461538461539,
                      'safe goal_pos': 49.13186813186813}}
WARNING 2026-10-07 15:47:27 ts/utils.py:121 Relative goal position magnitude had to be clamped to be safe.
{   'elbow_flex': {   'original goal_pos': 167.5164835164835,
                      'safe goal_pos': -27.615384615384613},
    'wrist_flex': {   'original goal_pos': 55.42857142857143,
                      'safe goal_pos': 50.714285714285715}}
WARNING 2026-10-07 15:47:27 ts/utils.py:121 Relative goal position magnitude had to be clamped to be safe.
{   'elbow_flex': {   'original goal_pos': 167.5164835164835,
                      'safe goal_pos': -26.12087912087912},
    'wrist_flex': {   'original goal_pos': 59.64835164835165,
                      'safe goal_pos': 52.2967032967033}}
WARNING 2026-10-07 15:47:27 ts/utils.py:121 Relative goal position magnitude had to be clamped to be safe.
{   'elbow_flex': {   'original goal_pos': 167.5164835164835,
                      'safe goal_pos': -24.53846153846154},
    'wrist_flex': {   'original goal_pos': 63.252747252747255,
                      'safe goal_pos': 53.35164835164835}}
WARNING 2026-10-07 15:47:27 ts/utils.py:121 Relative goal position magnitude had to be clamped to be safe.
{   'elbow_flex': {   'original goal_pos': 167.5164835164835,
                      'safe goal_pos': -23.483516483516482},
    'wrist_flex': {   'original goal_pos': 66.15384615384616,
                      'safe goal_pos': 54.84615384615385}}
WARNING 2026-10-07 15:47:27 ts/utils.py:121 Relative goal position magnitude had to be clamped to be safe.
{   'elbow_flex': {   'original goal_pos': 167.5164835164835,
                      'safe goal_pos': -22.164835164835164},
    'wrist_flex': {   'original goal_pos': 68.43956043956044,
                      'safe goal_pos': 56.07692307692308}}
WARNING 2026-10-07 15:47:27 ts/utils.py:121 Relative goal position magnitude had to be clamped to be safe.
{   'elbow_flex': {   'original goal_pos': 167.5164835164835,
                      'safe goal_pos': -20.934065934065934},
    'wrist_flex': {   'original goal_pos': 70.46153846153847,
                      'safe goal_pos': 57.30769230769231}}
WARNING 2026-10-07 15:47:27 ts/utils.py:121 Relative goal position magnitude had to be clamped to be safe.
{   'elbow_flex': {   'original goal_pos': 167.5164835164835,
                      'safe goal_pos': -19.703296703296704},
    'wrist_flex': {   'original goal_pos': 71.95604395604396,
                      'safe goal_pos': 58.53846153846154},
    'wrist_roll': {   'original goal_pos': -11.472527472527473,
                      'safe goal_pos': -12.450549450549449}}
WARNING 2026-10-07 15:47:27 ts/utils.py:121 Relative goal position magnitude had to be clamped to be safe.
{   'elbow_flex': {   'original goal_pos': 167.5164835164835,
                      'safe goal_pos': -18.736263736263737},
    'wrist_flex': {   'original goal_pos': 72.65934065934066,
                      'safe goal_pos': 59.68131868131868},
    'wrist_roll': {   'original goal_pos': -9.538461538461538,
                      'safe goal_pos': -11.043956043956044}}
WARNING 2026-10-07 15:47:27 ts/utils.py:121 Relative goal position magnitude had to be clamped to be safe.
{   'elbow_flex': {   'original goal_pos': 167.5164835164835,
                      'safe goal_pos': -17.681318681318682},
    'wrist_flex': {   'original goal_pos': 72.57142857142857,
                      'safe goal_pos': 60.824175824175825},
    'wrist_roll': {   'original goal_pos': -8.131868131868131,
                      'safe goal_pos': -9.637362637362637}}
WARNING 2026-10-07 15:47:27 ts/utils.py:121 Relative goal position magnitude had to be clamped to be safe.
{   'elbow_flex': {   'original goal_pos': 167.5164835164835,
                      'safe goal_pos': -16.714285714285715},
    'wrist_flex': {   'original goal_pos': 71.78021978021978,
                      'safe goal_pos': 61.879120879120876},
    'wrist_roll': {   'original goal_pos': -7.428571428571429,
                      'safe goal_pos': -8.23076923076923}}
WARNING 2026-10-07 15:47:27 ts/utils.py:121 Relative goal position magnitude had to be clamped to be safe.
{   'elbow_flex': {   'original goal_pos': 167.5164835164835,
                      'safe goal_pos': -15.835164835164836},
    'wrist_flex': {   'original goal_pos': 69.84615384615384,
                      'safe goal_pos': 62.84615384615385}}
WARNING 2026-10-07 15:47:27 ts/utils.py:121 Relative goal position magnitude had to be clamped to be safe.
{   'elbow_flex': {   'original goal_pos': 167.5164835164835,
                      'safe goal_pos': -15.131868131868131},
    'shoulder_lift': {   'original goal_pos': 127.07692307692308,
                         'safe goal_pos': 126.23076923076923},
    'wrist_flex': {   'original goal_pos': 66.68131868131869,
                      'safe goal_pos': 63.81318681318681}}
WARNING 2026-10-07 15:47:27 ts/utils.py:121 Relative goal position magnitude had to be clamped to be safe.
{   'elbow_flex': {   'original goal_pos': 167.5164835164835,
                      'safe goal_pos': -14.604395604395606},
    'shoulder_lift': {   'original goal_pos': 129.97802197802199,
                         'safe goal_pos': 126.75824175824175}}
WARNING 2026-10-07 15:47:27 ts/utils.py:121 Relative goal position magnitude had to be clamped to be safe.
{   'elbow_flex': {   'original goal_pos': 167.5164835164835,
                      'safe goal_pos': -14.428571428571427},
    'shoulder_lift': {   'original goal_pos': 133.23076923076923,
                         'safe goal_pos': 127.28571428571429}}
WARNING 2026-10-07 15:47:27 ts/utils.py:121 Relative goal position magnitude had to be clamped to be safe.
{   'elbow_flex': {   'original goal_pos': 167.5164835164835,
                      'safe goal_pos': -14.428571428571427},
    'shoulder_lift': {   'original goal_pos': 137.0989010989011,
                         'safe goal_pos': 127.37362637362638},
    'wrist_flex': {   'original goal_pos': 49.89010989010989,
                      'safe goal_pos': 54.956043956043956}}
WARNING 2026-10-07 15:47:28 ts/utils.py:121 Relative goal position magnitude had to be clamped to be safe.
{   'elbow_flex': {   'original goal_pos': 167.5164835164835,
                      'safe goal_pos': -14.252747252747252},
    'shoulder_lift': {   'original goal_pos': 141.3186813186813,
                         'safe goal_pos': 127.54945054945055},
    'wrist_flex': {   'original goal_pos': 43.472527472527474,
                      'safe goal_pos': 53.72527472527472}}
WARNING 2026-10-07 15:47:28 ts/utils.py:121 Relative goal position magnitude had to be clamped to be safe.
{   'elbow_flex': {   'original goal_pos': 167.5164835164835,
                      'safe goal_pos': -14.076923076923077},
    'shoulder_lift': {   'original goal_pos': 145.8021978021978,
                         'safe goal_pos': 128.16483516483515},
    'wrist_flex': {   'original goal_pos': 36.26373626373626,
                      'safe goal_pos': 51.61538461538461}}
WARNING 2026-10-07 15:47:28 ts/utils.py:121 Relative goal position magnitude had to be clamped to be safe.
{   'elbow_flex': {   'original goal_pos': 167.5164835164835,
                      'safe goal_pos': -13.549450549450551},
    'shoulder_lift': {   'original goal_pos': 150.1978021978022,
                         'safe goal_pos': 128.86813186813185},
    'wrist_flex': {   'original goal_pos': 29.142857142857142,
                      'safe goal_pos': 49.76923076923077}}
WARNING 2026-10-07 15:47:28 ts/utils.py:121 Relative goal position magnitude had to be clamped to be safe.
{   'elbow_flex': {   'original goal_pos': 167.5164835164835,
                      'safe goal_pos': -13.10989010989011},
    'shoulder_lift': {   'original goal_pos': 154.41758241758242,
                         'safe goal_pos': 129.57142857142856},
    'wrist_flex': {   'original goal_pos': 22.285714285714285,
                      'safe goal_pos': 48.0989010989011}}
WARNING 2026-10-07 15:47:28 ts/utils.py:121 Relative goal position magnitude had to be clamped to be safe.
{   'elbow_flex': {   'original goal_pos': 167.5164835164835,
                      'safe goal_pos': -12.494505494505493},
    'shoulder_lift': {   'original goal_pos': 158.37362637362637,
                         'safe goal_pos': 130.36263736263737},
    'wrist_flex': {   'original goal_pos': 16.21978021978022,
                      'safe goal_pos': 46.252747252747255}}
WARNING 2026-10-07 15:47:28 ts/utils.py:121 Relative goal position magnitude had to be clamped to be safe.
{   'elbow_flex': {   'original goal_pos': 167.5164835164835,
                      'safe goal_pos': -11.967032967032967},
    'shoulder_lift': {   'original goal_pos': 162.24175824175825,
                         'safe goal_pos': 131.06593406593407},
    'wrist_flex': {   'original goal_pos': 10.68131868131868,
                      'safe goal_pos': 44.40659340659341}}
WARNING 2026-10-07 15:47:28 ts/utils.py:121 Relative goal position magnitude had to be clamped to be safe.
{   'elbow_flex': {   'original goal_pos': 167.5164835164835,
                      'safe goal_pos': -11.35164835164835},
    'shoulder_lift': {   'original goal_pos': 165.93406593406593,
                         'safe goal_pos': 131.85714285714286},
    'wrist_flex': {   'original goal_pos': 5.846153846153846,
                      'safe goal_pos': 42.64835164835165}}
WARNING 2026-10-07 15:47:28 ts/utils.py:121 Relative goal position magnitude had to be clamped to be safe.
{   'elbow_flex': {   'original goal_pos': 167.5164835164835,
                      'safe goal_pos': -10.824175824175825},
    'shoulder_lift': {   'original goal_pos': 169.36263736263737,
                         'safe goal_pos': 132.56043956043956},
    'wrist_flex': {   'original goal_pos': 1.6263736263736264,
                      'safe goal_pos': 40.89010989010989}}
WARNING 2026-10-07 15:47:28 ts/utils.py:121 Relative goal position magnitude had to be clamped to be safe.
{   'elbow_flex': {   'original goal_pos': 167.5164835164835,
                      'safe goal_pos': -10.12087912087912},
    'shoulder_lift': {   'original goal_pos': 172.43956043956044,
                         'safe goal_pos': 133.35164835164835},
    'wrist_flex': {   'original goal_pos': -1.6263736263736264,
                      'safe goal_pos': 39.13186813186813}}
WARNING 2026-10-07 15:47:28 ts/utils.py:121 Relative goal position magnitude had to be clamped to be safe.
{   'elbow_flex': {   'original goal_pos': 167.42857142857142,
                      'safe goal_pos': -9.505494505494505},
    'shoulder_lift': {   'original goal_pos': 175.16483516483515,
                         'safe goal_pos': 134.14285714285714},
    'wrist_flex': {   'original goal_pos': -1.978021978021978,
                      'safe goal_pos': 37.37362637362637}}
WARNING 2026-10-07 15:47:28 ts/utils.py:121 Relative goal position magnitude had to be clamped to be safe.
{   'elbow_flex': {   'original goal_pos': 167.42857142857142,
                      'safe goal_pos': -8.89010989010989},
    'shoulder_lift': {   'original goal_pos': 177.27472527472528,
                         'safe goal_pos': 134.93406593406593},
    'wrist_flex': {   'original goal_pos': -0.6593406593406593,
                      'safe goal_pos': 35.527472527472526}}
WARNING 2026-10-07 15:47:28 ts/utils.py:121 Relative goal position magnitude had to be clamped to be safe.
{   'elbow_flex': {   'original goal_pos': 167.42857142857142,
                      'safe goal_pos': -8.186813186813186},
    'shoulder_lift': {   'original goal_pos': 178.5934065934066,
                         'safe goal_pos': 135.72527472527472},
    'wrist_flex': {   'original goal_pos': 0.04395604395604396,
                      'safe goal_pos': 33.857142857142854}}
WARNING 2026-10-07 15:47:28 ts/utils.py:121 Relative goal position magnitude had to be clamped to be safe.
{   'elbow_flex': {   'original goal_pos': 167.42857142857142,
                      'safe goal_pos': -7.571428571428571},
    'shoulder_lift': {   'original goal_pos': 179.9120879120879,
                         'safe goal_pos': 136.6043956043956},
    'wrist_flex': {   'original goal_pos': 0.04395604395604396,
                      'safe goal_pos': 32.010989010989015}}
WARNING 2026-10-07 15:47:28 ts/utils.py:121 Relative goal position magnitude had to be clamped to be safe.
{   'elbow_flex': {   'original goal_pos': 167.42857142857142,
                      'safe goal_pos': -6.868131868131869},
    'shoulder_lift': {   'original goal_pos': -179.03296703296704,
                         'safe goal_pos': 127.39560439560441},
    'wrist_flex': {   'original goal_pos': -0.21978021978021978,
                      'safe goal_pos': 30.340659340659343}}
WARNING 2026-10-07 15:47:28 ts/utils.py:121 Relative goal position magnitude had to be clamped to be safe.
{   'elbow_flex': {   'original goal_pos': 167.42857142857142,
                      'safe goal_pos': -6.252747252747254},
    'shoulder_lift': {   'original goal_pos': -177.8021978021978,
                         'safe goal_pos': 128.1868131868132},
    'wrist_flex': {   'original goal_pos': -0.21978021978021978,
                      'safe goal_pos': 28.494505494505496}}
WARNING 2026-10-07 15:47:28 ts/utils.py:121 Relative goal position magnitude had to be clamped to be safe.
{   'elbow_flex': {   'original goal_pos': 167.42857142857142,
                      'safe goal_pos': -5.461538461538462},
    'shoulder_lift': {   'original goal_pos': -176.30769230769232,
                         'safe goal_pos': 128.0989010989011},
    'wrist_flex': {   'original goal_pos': -0.21978021978021978,
                      'safe goal_pos': 26.736263736263737}}
WARNING 2026-10-07 15:47:28 ts/utils.py:121 Relative goal position magnitude had to be clamped to be safe.
{   'elbow_flex': {   'original goal_pos': 167.42857142857142,
                      'safe goal_pos': -4.4945054945054945},
    'shoulder_lift': {   'original goal_pos': -174.72527472527472,
                         'safe goal_pos': 126.69230769230768},
    'wrist_flex': {   'original goal_pos': -0.21978021978021978,
                      'safe goal_pos': 25.24175824175824}}
WARNING 2026-10-07 15:47:28 ts/utils.py:121 Relative goal position magnitude had to be clamped to be safe.
{   'elbow_flex': {   'original goal_pos': 167.42857142857142,
                      'safe goal_pos': -3.4395604395604398},
    'shoulder_lift': {   'original goal_pos': -173.05494505494505,
                         'safe goal_pos': 125.02197802197801},
    'wrist_flex': {   'original goal_pos': -0.21978021978021978,
                      'safe goal_pos': 23.571428571428573}}
WARNING 2026-10-07 15:47:28 ts/utils.py:121 Relative goal position magnitude had to be clamped to be safe.
{   'elbow_flex': {   'original goal_pos': 167.42857142857142,
                      'safe goal_pos': -2.2967032967032965},
    'shoulder_lift': {   'original goal_pos': -171.47252747252747,
                         'safe goal_pos': 123.79120879120879},
    'wrist_flex': {   'original goal_pos': -0.21978021978021978,
                      'safe goal_pos': 22.252747252747252}}
WARNING 2026-10-07 15:47:28 ts/utils.py:121 Relative goal position magnitude had to be clamped to be safe.
{   'elbow_flex': {   'original goal_pos': 167.42857142857142,
                      'safe goal_pos': -0.8901098901098905},
    'shoulder_lift': {   'original goal_pos': -170.32967032967034,
                         'safe goal_pos': 122.47252747252747},
    'wrist_flex': {   'original goal_pos': -0.21978021978021978,
                      'safe goal_pos': 20.934065934065934}}
WARNING 2026-10-07 15:47:28 ts/utils.py:121 Relative goal position magnitude had to be clamped to be safe.
{   'elbow_flex': {   'original goal_pos': 167.42857142857142,
                      'safe goal_pos': 0.07692307692307665},
    'shoulder_lift': {   'original goal_pos': -169.62637362637363,
                         'safe goal_pos': 121.32967032967034},
    'wrist_flex': {   'original goal_pos': -0.21978021978021978,
                      'safe goal_pos': 19.615384615384617}}
WARNING 2026-10-07 15:47:28 ts/utils.py:121 Relative goal position magnitude had to be clamped to be safe.
{   'elbow_flex': {   'original goal_pos': 167.42857142857142,
                      'safe goal_pos': 0.9560439560439562},
    'shoulder_lift': {   'original goal_pos': -169.27472527472528,
                         'safe goal_pos': 120.01098901098901},
    'wrist_flex': {   'original goal_pos': -0.21978021978021978,
                      'safe goal_pos': 18.208791208791208}}
WARNING 2026-10-07 15:47:28 ts/utils.py:121 Relative goal position magnitude had to be clamped to be safe.
{   'elbow_flex': {   'original goal_pos': 167.42857142857142,
                      'safe goal_pos': 1.6593406593406592},
    'shoulder_lift': {   'original goal_pos': -169.1868131868132,
                         'safe goal_pos': 118.6923076923077},
    'wrist_flex': {   'original goal_pos': -0.21978021978021978,
                      'safe goal_pos': 16.89010989010989}}
WARNING 2026-10-07 15:47:28 ts/utils.py:121 Relative goal position magnitude had to be clamped to be safe.
{   'elbow_flex': {   'original goal_pos': 167.42857142857142,
                      'safe goal_pos': 2.098901098901099},
    'shoulder_lift': {   'original goal_pos': -169.36263736263737,
                         'safe goal_pos': 117.37362637362638},
    'wrist_flex': {   'original goal_pos': -0.21978021978021978,
                      'safe goal_pos': 15.571428571428573}}
WARNING 2026-10-07 15:47:28 ts/utils.py:121 Relative goal position magnitude had to be clamped to be safe.
{   'elbow_flex': {   'original goal_pos': 167.42857142857142,
                      'safe goal_pos': 2.5384615384615383},
    'shoulder_lift': {   'original goal_pos': -169.8021978021978,
                         'safe goal_pos': 115.87912087912088},
    'wrist_flex': {   'original goal_pos': -0.21978021978021978,
                      'safe goal_pos': 14.252747252747252}}
WARNING 2026-10-07 15:47:28 ts/utils.py:121 Relative goal position magnitude had to be clamped to be safe.
{   'elbow_flex': {   'original goal_pos': 167.42857142857142,
                      'safe goal_pos': 2.89010989010989},
    'shoulder_lift': {   'original goal_pos': -171.03296703296704,
                         'safe goal_pos': 114.64835164835165},
    'wrist_flex': {   'original goal_pos': -0.21978021978021978,
                      'safe goal_pos': 12.934065934065934}}
WARNING 2026-10-07 15:47:28 ts/utils.py:121 Relative goal position magnitude had to be clamped to be safe.
{   'elbow_flex': {   'original goal_pos': 167.42857142857142,
                      'safe goal_pos': 3.1538461538461537},
    'shoulder_lift': {   'original goal_pos': -172.87912087912088,
                         'safe goal_pos': 113.32967032967034},
    'wrist_flex': {   'original goal_pos': -0.13186813186813187,
                      'safe goal_pos': 11.615384615384617}}
WARNING 2026-10-07 15:47:28 ts/utils.py:121 Relative goal position magnitude had to be clamped to be safe.
{   'elbow_flex': {   'original goal_pos': 167.42857142857142,
                      'safe goal_pos': 3.593406593406593},
    'shoulder_lift': {   'original goal_pos': -174.9010989010989,
                         'safe goal_pos': 111.83516483516483},
    'wrist_flex': {   'original goal_pos': -0.04395604395604396,
                      'safe goal_pos': 10.208791208791208}}
WARNING 2026-10-07 15:47:28 ts/utils.py:121 Relative goal position magnitude had to be clamped to be safe.
{   'elbow_flex': {   'original goal_pos': 167.42857142857142,
                      'safe goal_pos': 3.9450549450549453},
    'shoulder_lift': {   'original goal_pos': -176.83516483516485,
                         'safe goal_pos': 110.6043956043956},
    'wrist_flex': {   'original goal_pos': 0.13186813186813187,
                      'safe goal_pos': 8.89010989010989}}
WARNING 2026-10-07 15:47:28 ts/utils.py:121 Relative goal position magnitude had to be clamped to be safe.
{   'elbow_flex': {   'original goal_pos': 167.42857142857142,
                      'safe goal_pos': 4.2967032967032965},
    'shoulder_lift': {   'original goal_pos': -178.76923076923077,
                         'safe goal_pos': 109.10989010989012},
    'wrist_flex': {   'original goal_pos': 0.6593406593406593,
                      'safe goal_pos': 7.659340659340659}}
WARNING 2026-10-07 15:47:29 ts/utils.py:121 Relative goal position magnitude had to be clamped to be safe.
{   'elbow_flex': {   'original goal_pos': 167.42857142857142,
                      'safe goal_pos': 4.56043956043956},
    'shoulder_lift': {   'original goal_pos': 179.64835164835165,
                         'safe goal_pos': 117.79120879120879},
    'wrist_flex': {   'original goal_pos': 2.4175824175824174,
                      'safe goal_pos': 6.252747252747254}}
WARNING 2026-10-07 15:47:29 ts/utils.py:121 Relative goal position magnitude had to be clamped to be safe.
{   'elbow_flex': {   'original goal_pos': 167.42857142857142,
                      'safe goal_pos': 4.824175824175824},
    'shoulder_lift': {   'original goal_pos': 177.97802197802199,
                         'safe goal_pos': 116.56043956043956},
    'wrist_flex': {   'original goal_pos': 3.912087912087912,
                      'safe goal_pos': 5.021978021978022}}
WARNING 2026-10-07 15:47:29 ts/utils.py:121 Relative goal position magnitude had to be clamped to be safe.
{   'elbow_flex': {   'original goal_pos': 167.42857142857142,
                      'safe goal_pos': 5.0},
    'shoulder_lift': {   'original goal_pos': 176.3956043956044,
                         'safe goal_pos': 116.12087912087912}}
WARNING 2026-10-07 15:47:29 ts/utils.py:121 Relative goal position magnitude had to be clamped to be safe.
{   'elbow_flex': {   'original goal_pos': 167.42857142857142,
                      'safe goal_pos': 5.087912087912088},
    'shoulder_lift': {   'original goal_pos': 174.98901098901098,
                         'safe goal_pos': 116.82417582417582}}
WARNING 2026-10-07 15:47:29 ts/utils.py:121 Relative goal position magnitude had to be clamped to be safe.
{   'elbow_flex': {   'original goal_pos': 167.42857142857142,
                      'safe goal_pos': 5.087912087912088},
    'shoulder_lift': {   'original goal_pos': 173.4945054945055,
                         'safe goal_pos': 118.58241758241758}}
WARNING 2026-10-07 15:47:29 ts/utils.py:121 Relative goal position magnitude had to be clamped to be safe.
{   'elbow_flex': {   'original goal_pos': 167.42857142857142,
                      'safe goal_pos': 5.0},
    'shoulder_lift': {   'original goal_pos': 171.82417582417582,
                         'safe goal_pos': 119.72527472527473}}
WARNING 2026-10-07 15:47:29 ts/utils.py:121 Relative goal position magnitude had to be clamped to be safe.
{   'elbow_flex': {   'original goal_pos': 167.42857142857142,
                      'safe goal_pos': 5.0},
    'shoulder_lift': {   'original goal_pos': 170.06593406593407,
                         'safe goal_pos': 120.86813186813187}}
WARNING 2026-10-07 15:47:29 ts/utils.py:121 Relative goal position magnitude had to be clamped to be safe.
{   'elbow_flex': {   'original goal_pos': 167.42857142857142,
                      'safe goal_pos': 4.912087912087912},
    'shoulder_lift': {   'original goal_pos': 168.13186813186815,
                         'safe goal_pos': 122.0989010989011}}
WARNING 2026-10-07 15:47:29 ts/utils.py:121 Relative goal position magnitude had to be clamped to be safe.
{   'elbow_flex': {   'original goal_pos': 167.42857142857142,
                      'safe goal_pos': 4.912087912087912},
    'shoulder_lift': {   'original goal_pos': 166.37362637362637,
                         'safe goal_pos': 123.15384615384616}}
WARNING 2026-10-07 15:47:29 ts/utils.py:121 Relative goal position magnitude had to be clamped to be safe.
{   'elbow_flex': {   'original goal_pos': 167.42857142857142,
                      'safe goal_pos': 4.824175824175824},
    'shoulder_lift': {   'original goal_pos': 164.6153846153846,
                         'safe goal_pos': 124.20879120879121}}
WARNING 2026-10-07 15:47:29 ts/utils.py:121 Relative goal position magnitude had to be clamped to be safe.
{   'elbow_flex': {   'original goal_pos': 167.42857142857142,
                      'safe goal_pos': 4.824175824175824},
    'shoulder_lift': {   'original goal_pos': 162.85714285714286,
                         'safe goal_pos': 125.17582417582418}}
WARNING 2026-10-07 15:47:29 ts/utils.py:121 Relative goal position magnitude had to be clamped to be safe.
{   'elbow_flex': {   'original goal_pos': 167.42857142857142,
                      'safe goal_pos': 4.736263736263736},
    'shoulder_lift': {   'original goal_pos': 161.01098901098902,
                         'safe goal_pos': 126.14285714285714}}
WARNING 2026-10-07 15:47:29 ts/utils.py:121 Relative goal position magnitude had to be clamped to be safe.
{   'elbow_flex': {   'original goal_pos': 167.42857142857142,
                      'safe goal_pos': 4.648351648351649},
    'shoulder_lift': {   'original goal_pos': 158.9010989010989,
                         'safe goal_pos': 127.10989010989012}}
WARNING 2026-10-07 15:47:29 ts/utils.py:121 Relative goal position magnitude had to be clamped to be safe.
{   'elbow_flex': {   'original goal_pos': 167.42857142857142,
                      'safe goal_pos': 4.648351648351649},
    'shoulder_lift': {   'original goal_pos': 156.87912087912088,
                         'safe goal_pos': 127.9010989010989}}
WARNING 2026-10-07 15:47:29 ts/utils.py:121 Relative goal position magnitude had to be clamped to be safe.
{   'elbow_flex': {   'original goal_pos': 167.42857142857142,
                      'safe goal_pos': 4.648351648351649},
    'shoulder_lift': {   'original goal_pos': 154.76923076923077,
                         'safe goal_pos': 128.69230769230768}}
WARNING 2026-10-07 15:47:29 ts/utils.py:121 Relative goal position magnitude had to be clamped to be safe.
{   'elbow_flex': {   'original goal_pos': 167.42857142857142,
                      'safe goal_pos': 4.56043956043956},
    'shoulder_lift': {   'original goal_pos': 152.65934065934067,
                         'safe goal_pos': 129.39560439560438}}
WARNING 2026-10-07 15:47:29 ts/utils.py:121 Relative goal position magnitude had to be clamped to be safe.
{   'elbow_flex': {   'original goal_pos': 167.42857142857142,
                      'safe goal_pos': 4.472527472527473},
    'shoulder_lift': {   'original goal_pos': 150.37362637362637,
                         'safe goal_pos': 130.27472527472526}}
WARNING 2026-10-07 15:47:29 ts/utils.py:121 Relative goal position magnitude had to be clamped to be safe.
{   'elbow_flex': {   'original goal_pos': 167.42857142857142,
                      'safe goal_pos': 4.472527472527473},
    'shoulder_lift': {   'original goal_pos': 148.35164835164835,
                         'safe goal_pos': 130.97802197802196}}
WARNING 2026-10-07 15:47:29 ts/utils.py:121 Relative goal position magnitude had to be clamped to be safe.
{   'elbow_flex': {   'original goal_pos': 167.42857142857142,
                      'safe goal_pos': 4.472527472527473},
    'shoulder_lift': {   'original goal_pos': 146.5934065934066,
                         'safe goal_pos': 131.5934065934066}}
WARNING 2026-10-07 15:47:29 ts/utils.py:121 Relative goal position magnitude had to be clamped to be safe.
{   'elbow_flex': {   'original goal_pos': 167.42857142857142,
                      'safe goal_pos': 4.384615384615385},
    'shoulder_lift': {   'original goal_pos': 145.1868131868132,
                         'safe goal_pos': 132.12087912087912}}
WARNING 2026-10-07 15:47:29 ts/utils.py:121 Relative goal position magnitude had to be clamped to be safe.
{   'elbow_flex': {   'original goal_pos': 167.42857142857142,
                      'safe goal_pos': 4.384615384615385},
    'shoulder_lift': {   'original goal_pos': 144.21978021978023,
                         'safe goal_pos': 132.64835164835165}}
WARNING 2026-10-07 15:47:29 ts/utils.py:121 Relative goal position magnitude had to be clamped to be safe.
{   'elbow_flex': {   'original goal_pos': 167.42857142857142,
                      'safe goal_pos': 4.384615384615385},
    'shoulder_lift': {   'original goal_pos': 143.95604395604394,
                         'safe goal_pos': 133.0}}
WARNING 2026-10-07 15:47:29 ts/utils.py:121 Relative goal position magnitude had to be clamped to be safe.
{   'elbow_flex': {   'original goal_pos': 167.5164835164835,
                      'safe goal_pos': 4.2967032967032965},
    'shoulder_lift': {   'original goal_pos': 143.95604395604394,
                         'safe goal_pos': 133.6153846153846}}
WARNING 2026-10-07 15:47:29 ts/utils.py:121 Relative goal position magnitude had to be clamped to be safe.
{   'elbow_flex': {   'original goal_pos': 167.5164835164835,
                      'safe goal_pos': 4.2967032967032965},
    'shoulder_lift': {   'original goal_pos': 144.21978021978023,
                         'safe goal_pos': 134.05494505494505}}
WARNING 2026-10-07 15:47:29 ts/utils.py:121 Relative goal position magnitude had to be clamped to be safe.
{   'elbow_flex': {   'original goal_pos': 167.6043956043956,
                      'safe goal_pos': 4.2967032967032965},
    'shoulder_lift': {   'original goal_pos': 145.01098901098902,
                         'safe goal_pos': 134.4945054945055}}
WARNING 2026-10-07 15:47:29 ts/utils.py:121 Relative goal position magnitude had to be clamped to be safe.
{   'elbow_flex': {   'original goal_pos': 167.6043956043956,
                      'safe goal_pos': 4.208791208791209},
    'shoulder_lift': {   'original goal_pos': 146.32967032967034,
                         'safe goal_pos': 134.84615384615384}}
WARNING 2026-10-07 15:47:29 ts/utils.py:121 Relative goal position magnitude had to be clamped to be safe.
{   'elbow_flex': {   'original goal_pos': 167.6043956043956,
                      'safe goal_pos': 4.208791208791209},
    'shoulder_lift': {   'original goal_pos': 147.64835164835165,
                         'safe goal_pos': 135.02197802197801}}
WARNING 2026-10-07 15:47:29 ts/utils.py:121 Relative goal position magnitude had to be clamped to be safe.
{   'elbow_flex': {   'original goal_pos': 167.5164835164835,
                      'safe goal_pos': 4.208791208791209},
    'shoulder_lift': {   'original goal_pos': 148.7912087912088,
                         'safe goal_pos': 135.28571428571428}}
WARNING 2026-10-07 15:47:29 ts/utils.py:121 Relative goal position magnitude had to be clamped to be safe.
{   'elbow_flex': {   'original goal_pos': 167.5164835164835,
                      'safe goal_pos': 4.208791208791209},
    'shoulder_lift': {   'original goal_pos': 150.1098901098901,
                         'safe goal_pos': 135.28571428571428}}
WARNING 2026-10-07 15:47:29 ts/utils.py:121 Relative goal position magnitude had to be clamped to be safe.
{   'elbow_flex': {   'original goal_pos': 167.5164835164835,
                      'safe goal_pos': 4.208791208791209},
    'shoulder_lift': {   'original goal_pos': 151.25274725274724,
                         'safe goal_pos': 135.28571428571428}}
WARNING 2026-10-07 15:47:30 ts/utils.py:121 Relative goal position magnitude had to be clamped to be safe.
{   'elbow_flex': {   'original goal_pos': 167.5164835164835,
                      'safe goal_pos': 4.208791208791209},
    'shoulder_lift': {   'original goal_pos': 152.65934065934067,
                         'safe goal_pos': 135.28571428571428},
    'wrist_flex': {   'original goal_pos': 0.13186813186813187,
                      'safe goal_pos': 1.2417582417582418}}
WARNING 2026-10-07 15:47:30 ts/utils.py:121 Relative goal position magnitude had to be clamped to be safe.
{   'elbow_flex': {   'original goal_pos': 167.42857142857142,
                      'safe goal_pos': 4.208791208791209},
    'shoulder_lift': {   'original goal_pos': 153.8021978021978,
                         'safe goal_pos': 135.28571428571428},
    'wrist_flex': {   'original goal_pos': -1.7142857142857142,
                      'safe goal_pos': 0.27472527472527464}}
WARNING 2026-10-07 15:47:30 ts/utils.py:121 Relative goal position magnitude had to be clamped to be safe.
{   'elbow_flex': {   'original goal_pos': 167.42857142857142,
                      'safe goal_pos': 4.208791208791209},
    'shoulder_lift': {   'original goal_pos': 154.41758241758242,
                         'safe goal_pos': 135.28571428571428},
    'wrist_flex': {   'original goal_pos': -1.4505494505494505,
                      'safe goal_pos': -1.3076923076923075}}
WARNING 2026-10-07 15:47:30 ts/utils.py:121 Relative goal position magnitude had to be clamped to be safe.
{   'elbow_flex': {   'original goal_pos': 167.42857142857142,
                      'safe goal_pos': 4.208791208791209},
    'shoulder_lift': {   'original goal_pos': 154.32967032967034,
                         'safe goal_pos': 135.28571428571428}}
WARNING 2026-10-07 15:47:30 ts/utils.py:121 Relative goal position magnitude had to be clamped to be safe.
{   'elbow_flex': {   'original goal_pos': 167.42857142857142,
                      'safe goal_pos': 4.208791208791209},
    'shoulder_lift': {   'original goal_pos': 154.06593406593407,
                         'safe goal_pos': 135.28571428571428}}
WARNING 2026-10-07 15:47:30 ts/utils.py:121 Relative goal position magnitude had to be clamped to be safe.
{   'elbow_flex': {   'original goal_pos': 167.42857142857142,
                      'safe goal_pos': 4.208791208791209},
    'shoulder_lift': {   'original goal_pos': 154.24175824175825,
                         'safe goal_pos': 135.28571428571428}}
WARNING 2026-10-07 15:47:30 ts/utils.py:121 Relative goal position magnitude had to be clamped to be safe.
{   'elbow_flex': {   'original goal_pos': 167.5164835164835,
                      'safe goal_pos': 4.208791208791209},
    'shoulder_lift': {   'original goal_pos': 154.85714285714286,
                         'safe goal_pos': 135.28571428571428}}
WARNING 2026-10-07 15:47:30 ts/utils.py:121 Relative goal position magnitude had to be clamped to be safe.
{   'elbow_flex': {   'original goal_pos': 167.6043956043956,
                      'safe goal_pos': 4.208791208791209},
    'shoulder_lift': {   'original goal_pos': 155.82417582417582,
                         'safe goal_pos': 135.28571428571428}}
WARNING 2026-10-07 15:47:30 ts/utils.py:121 Relative goal position magnitude had to be clamped to be safe.
{   'elbow_flex': {   'original goal_pos': 167.6043956043956,
                      'safe goal_pos': 4.208791208791209},
    'shoulder_lift': {   'original goal_pos': 156.87912087912088,
                         'safe goal_pos': 135.28571428571428}}

[1ATeleop loop time: 33.34ms (30 Hz)
[1ATeleop loop time: 33.34ms (30 Hz)
[1ATeleop loop time: 33.34ms (30 Hz)
[1ATeleop loop time: 33.34ms (30 Hz)
[1ATeleop loop time: 33.34ms (30 Hz)
[1ATeleop loop time: 33.34ms (30 Hz)
[1ATeleop loop time: 33.34ms (30 Hz)
[1ATeleop loop time: 33.34ms (30 Hz)
[1ATeleop loop time: 33.34ms (30 Hz)
[1ATeleop loop time: 33.34ms (30 Hz)
[1ATeleop loop time: 33.36ms (30 Hz)
[1ATeleop loop time: 33.34ms (30 Hz)
[1ATeleop loop time: 33.36ms (30 Hz)
[1ATeleop loop time: 33.34ms (30 Hz)
[1ATeleop loop time: 33.34ms (30 Hz)
[1ATeleop loop time: 33.34ms (30 Hz)
[1ATeleop loop time: 33.34ms (30 Hz)
[1ATeleop loop time: 33.34ms (30 Hz)
[1ATeleop loop time: 33.34ms (30 Hz)
[1ATeleop loop time: 33.37ms (30 Hz)
[1ATeleop loop time: 33.34ms (30 Hz)
[1ATeleop loop time: 33.34ms (30 Hz)
[1ATeleop loop time: 33.33ms (30 Hz)
[1ATeleop loop time: 33.36ms (30 Hz)
[1ATeleop loop time: 33.34ms (30 Hz)
[1ATeleop loop time: 33.33ms (30 Hz)
[1ATeleop loop time: 33.38ms (30 Hz)
[1ATeleop loop time: 33.34ms (30 Hz)
[1ATeleop loop time: 33.34ms (30 Hz)
[1ATeleop loop time: 33.34ms (30 Hz)
[1ATeleop loop time: 33.37ms (30 Hz)
[1ATeleop loop time: 33.34ms (30 Hz)
[1ATeleop loop time: 33.36ms (30 Hz)
[1ATeleop loop time: 33.34ms (30 Hz)
[1ATeleop loop time: 33.34ms (30 Hz)
[1ATeleop loop time: 33.34ms (30 Hz)
[1ATeleop loop time: 33.34ms (30 Hz)
[1ATeleop loop time: 33.34ms (30 Hz)
[1ATeleop loop time: 33.34ms (30 Hz)
[1ATeleop loop time: 33.35ms (30 Hz)
[1ATeleop loop time: 33.34ms (30 Hz)
[1ATeleop loop time: 33.34ms (30 Hz)
[1ATeleop loop time: 33.34ms (30 Hz)
[1ATeleop loop time: 33.34ms (30 Hz)
[1ATeleop loop time: 33.34ms (30 Hz)
[1ATeleop loop time: 33.34ms (30 Hz)
[1ATeleop loop time: 33.34ms (30 Hz)
[1ATeleop loop time: 33.34ms (30 Hz)
[1ATeleop loop time: 33.34ms (30 Hz)
[1ATeleop loop time: 33.34ms (30 Hz)
[1ATeleop loop time: 33.34ms (30 Hz)
[1ATeleop loop time: 33.34ms (30 Hz)
[1ATeleop loop time: 33.34ms (30 Hz)
[1ATeleop loop time: 33.34ms (30 Hz)
[1ATeleop loop time: 33.34ms (30 Hz)
[1ATeleop loop time: 33.34ms (30 Hz)
[1ATeleop loop time: 33.34ms (30 Hz)
[1ATeleop loop time: 33.34ms (30 Hz)
[1ATeleop loop time: 33.34ms (30 Hz)
[1ATeleop loop time: 33.34ms (30 Hz)
[1ATeleop loop time: 33.34ms (30 Hz)
[1ATeleop loop time: 33.34ms (30 Hz)
[1ATeleop loop time: 33.35ms (30 Hz)
[1ATeleop loop time: 33.34ms (30 Hz)
[1ATeleop loop time: 33.34ms (30 Hz)
[1ATeleop loop time: 33.35ms (30 Hz)
[1ATeleop loop time: 33.34ms (30 Hz)
[1ATeleop loop time: 33.34ms (30 Hz)
[1ATeleop loop time: 33.34ms (30 Hz)
[1ATeleop loop time: 33.34ms (30 Hz)
[1ATeleop loop time: 33.34ms (30 Hz)
[1ATeleop loop time: 33.34ms (30 Hz)
[1ATeleop loop time: 33.34ms (30 Hz)
[1ATeleop loop time: 33.34ms (30 Hz)
[1ATeleop loop time: 33.34ms (30 Hz)
[1ATeleop loop time: 33.38ms (30 Hz)
[1ATeleop loop time: 33.34ms (30 Hz)
[1ATeleop loop time: 33.37ms (30 Hz)
[1ATeleop loop time: 33.34ms (30 Hz)
[1ATeleop loop time: 33.34ms (30 Hz)
[1ATeleop loop time: 33.46ms (30 Hz)
[1ATeleop loop time: 33.34ms (30 Hz)
[1ATeleop loop time: 33.34ms (30 Hz)
[1ATeleop loop time: 33.34ms (30 Hz)
[1ATeleop loop time: 33.34ms (30 Hz)
[1ATeleop loop time: 33.40ms (30 Hz)
[1ATeleop loop time: 33.36ms (30 Hz)
[1ATeleop loop time: 33.34ms (30 Hz)
[1ATeleop loop time: 33.34ms (30 Hz)
[1ATeleop loop time: 33.34ms (30 Hz)
[1ATeleop loop time: 33.33ms (30 Hz)
[1ATeleop loop time: 33.34ms (30 Hz)
[1ATeleop loop time: 33.34ms (30 Hz)
[1ATeleop loop time: 33.34ms (30 Hz)
[1ATeleop loop time: 33.34ms (30 Hz)
[1ATeleop loop time: 33.34ms (30 Hz)
[1ATeleop loop time: 33.34ms (30 Hz)
[1ATeleop loop time: 33.34ms (30 Hz)
[1ATeleop loop time: 33.34ms (30 Hz)
[1ATeleop loop time: 33.36ms (30 Hz)
[1ATeleop loop time: 33.34ms (30 Hz)
[1ATeleop loop time: 33.34ms (30 Hz)
[1ATeleop loop time: 33.41ms (30 Hz)
[1ATeleop loop time: 33.34ms (30 Hz)
[1ATeleop loop time: 33.34ms (30 Hz)
[1ATeleop loop time: 33.34ms (30 Hz)
[1ATeleop loop time: 33.34ms (30 Hz)
[1ATeleop loop time: 33.34ms (30 Hz)
[1ATeleop loop time: 33.34ms (30 Hz)
[1ATeleop loop time: 33.34ms (30 Hz)
[1ATeleop loop time: 33.34ms (30 Hz)
[1ATeleop loop time: 33.34ms (30 Hz)
[1ATeleop loop time: 33.34ms (30 Hz)
[1ATeleop loop time: 33.36ms (30 Hz)
[1ATeleop loop time: 33.34ms (30 Hz)
[1ATeleop loop time: 33.49ms (30 Hz)
[1ATeleop loop time: 33.36ms (30 Hz)
[1ATeleop loop time: 33.35ms (30 Hz)
[1ATeleop loop time: 33.34ms (30 Hz)
[1ATeleop loop time: 33.34ms (30 Hz)
[1ATeleop loop time: 33.34ms (30 Hz)
[1ATeleop loop time: 33.36ms (30 Hz)
[1ATeleop loop time: 33.34ms (30 Hz)
[1ATeleop loop time: 33.36ms (30 Hz)
[1ATeleop loop time: 33.35ms (30 Hz)
[1ATeleop loop time: 33.37ms (30 Hz)
[1ATeleop loop time: 33.34ms (30 Hz)
[1ATeleop loop time: 33.34ms (30 Hz)
[1ATeleop loop time: 33.34ms (30 Hz)
[1ATeleop loop time: 33.34ms (30 Hz)
[1ATeleop loop time: 33.34ms (30 Hz)
[1ATeleop loop time: 33.36ms (30 Hz)
[1ATeleop loop time: 33.34ms (30 Hz)
[1ATeleop loop time: 33.34ms (30 Hz)
[1ATeleop loop time: 33.34ms (30 Hz)
[1ATeleop loop time: 33.37ms (30 Hz)
[1ATeleop loop time: 33.37ms (30 Hz)
[1ATeleop loop time: 33.37ms (30 Hz)
[1ATeleop loop time: 33.37ms (30 Hz)
[1ATeleop loop time: 33.34ms (30 Hz)
[1ATeleop loop time: 33.36ms (30 Hz)
[1ATeleop loop time: 33.34ms (30 Hz)
[1ATeleop loop time: 33.34ms (30 Hz)
[1ATeleop loop time: 33.34ms (30 Hz)
[1ATeleop loop time: 33.35ms (30 Hz)
[1ATeleop loop time: 33.34ms (30 Hz)
[1ATeleop loop time: 33.34ms (30 Hz)
[1ATeleop loop time: 33.34ms (30 Hz)
[1ATeleop loop time: 33.34ms (30 Hz)
[1ATeleop loop time: 33.34ms (30 Hz)
[1ATeleop loop time: 33.34ms (30 Hz)
[1ATeleop loop time: 33.34ms (30 Hz)
[1ATeleop loop time: 33.34ms (30 Hz)
[1ATeleop loop time: 33.34ms (30 Hz)
[1ATeleop loop time: 33.34ms (30 Hz)
[1ATeleop loop time: 33.34ms (30 Hz)
[1ATeleop loop time: 33.35ms (30 Hz)
[1ATeleop loop time: 33.36ms (30 Hz)
[1ATeleop loop time: 33.34ms (30 Hz)
[1ATeleop loop time: 33.34ms (30 Hz)
[1ATeleop loop time: 33.34ms (30 Hz)
[1ATeleop loop time: 33.34ms (30 Hz)
[1ATeleop loop time: 33.37ms (30 Hz)
[1ATeleop loop time: 33.34ms (30 Hz)
[1ATeleop loop time: 33.34ms (30 Hz)
[1ATeleop loop time: 33.34ms (30 Hz)
[1ATeleop loop time: 33.34ms (30 Hz)
[1ATeleop loop time: 33.34ms (30 Hz)
[1ATeleop loop time: 33.34ms (30 Hz)
[1ATeleop loop time: 33.34ms (30 Hz)
[1ATeleop loop time: 33.34ms (30 Hz)
[1ATeleop loop time: 33.34ms (30 Hz)
[1ATeleop loop time: 33.34ms (30 Hz)
[1ATeleop loop time: 33.34ms (30 Hz)
[1ATeleop loop time: 33.34ms (30 Hz)
[1ATeleop loop time: 33.34ms (30 Hz)
[1ATeleop loop time: 33.36ms (30 Hz)
[1ATeleop loop time: 33.34ms (30 Hz)
[1ATeleop loop time: 33.34ms (30 Hz)
[1ATeleop loop time: 33.34ms (30 Hz)
[1ATeleop loop time: 33.34ms (30 Hz)
[1ATeleop loop time: 33.34ms (30 Hz)
[1ATeleop loop time: 33.34ms (30 Hz)
[1ATeleop loop time: 33.34ms (30 Hz)
[1ATeleop loop time: 33.34ms (30 Hz)
[1ATeleop loop time: 33.34ms (30 Hz)
[1ATeleop loop time: 33.34ms (30 Hz)
[1ATeleop loop time: 33.34ms (30 Hz)
[1ATeleop loop time: 33.34ms (30 Hz)
[1ATeleop loop time: 33.35ms (30 Hz)
[1ATeleop loop time: 33.34ms (30 Hz)
[1ATeleop loop time: 33.34ms (30 Hz)
[1ATeleop loop time: 33.35ms (30 Hz)
[1ATeleop loop time: 33.34ms (30 Hz)
[1ATeleop loop time: 33.36ms (30 Hz)
[1ATeleop loop time: 33.37ms (30 Hz)
[1ATeleop loop time: 33.34ms (30 Hz)
[1ATeleop loop time: 33.34ms (30 Hz)
[1ATeleop loop time: 33.35ms (30 Hz)
[1ATeleop loop time: 33.34ms (30 Hz)
[1ATeleop loop time: 33.35ms (30 Hz)
[1ATeleop loop time: 33.34ms (30 Hz)
[1ATeleop loop time: 33.34ms (30 Hz)
[1ATeleop loop time: 33.34ms (30 Hz)
[1ATeleop loop time: 33.34ms (30 Hz)
[1ATeleop loop time: 33.34ms (30 Hz)
[1ATeleop loop time: 33.35ms (30 Hz)
[1ATeleop loop time: 33.34ms (30 Hz)
[1ATeleop loop time: 33.34ms (30 Hz)
[1ATeleop loop time: 33.34ms (30 Hz)
[1ATeleop loop time: 33.34ms (30 Hz)
[1ATeleop loop time: 33.34ms (30 Hz)
[1ATeleop loop time: 33.34ms (30 Hz)
[1ATeleop loop time: 33.34ms (30 Hz)
[1ATeleop loop time: 33.34ms (30 Hz)
[1ATeleop loop time: 33.39ms (30 Hz)WARNING 2026-10-07 15:47:30 ts/utils.py:121 Relative goal position magnitude had to be clamped to be safe.
{   'elbow_flex': {   'original goal_pos': 167.5164835164835,
                      'safe goal_pos': 4.208791208791209},
    'shoulder_lift': {   'original goal_pos': 157.93406593406593,
                         'safe goal_pos': 135.28571428571428},
    'shoulder_pan': {   'original goal_pos': -46.24175824175824,
                        'safe goal_pos': -47.30769230769231},
    'wrist_roll': {   'original goal_pos': -23.604395604395606,
                      'safe goal_pos': -23.153846153846153}}
WARNING 2026-10-07 15:47:30 ts/utils.py:121 Relative goal position magnitude had to be clamped to be safe.
{   'elbow_flex': {   'original goal_pos': 167.5164835164835,
                      'safe goal_pos': 4.208791208791209},
    'shoulder_lift': {   'original goal_pos': 158.63736263736263,
                         'safe goal_pos': 135.28571428571428},
    'shoulder_pan': {   'original goal_pos': -42.637362637362635,
                        'safe goal_pos': -45.989010989010985},
    'wrist_roll': {   'original goal_pos': -25.978021978021978,
                      'safe goal_pos': -24.64835164835165}}
WARNING 2026-10-07 15:47:30 ts/utils.py:121 Relative goal position magnitude had to be clamped to be safe.
{   'elbow_flex': {   'original goal_pos': 167.5164835164835,
                      'safe goal_pos': 4.208791208791209},
    'shoulder_lift': {   'original goal_pos': 159.16483516483515,
                         'safe goal_pos': 135.28571428571428},
    'shoulder_pan': {   'original goal_pos': -38.417582417582416,
                        'safe goal_pos': -44.582417582417584},
    'wrist_roll': {   'original goal_pos': -28.615384615384617,
                      'safe goal_pos': -26.142857142857142}}
WARNING 2026-10-07 15:47:30 ts/utils.py:121 Relative goal position magnitude had to be clamped to be safe.
{   'elbow_flex': {   'original goal_pos': 167.5164835164835,
                      'safe goal_pos': 4.208791208791209},
    'shoulder_lift': {   'original goal_pos': 159.5164835164835,
                         'safe goal_pos': 135.28571428571428},
    'shoulder_pan': {   'original goal_pos': -34.285714285714285,
                        'safe goal_pos': -43.26373626373626},
    'wrist_roll': {   'original goal_pos': -31.78021978021978,
                      'safe goal_pos': -27.63736263736264}}
WARNING 2026-10-07 15:47:30 ts/utils.py:121 Relative goal position magnitude had to be clamped to be safe.
{   'elbow_flex': {   'original goal_pos': 167.5164835164835,
                      'safe goal_pos': 4.208791208791209},
    'shoulder_lift': {   'original goal_pos': 159.78021978021977,
                         'safe goal_pos': 135.28571428571428},
    'shoulder_pan': {   'original goal_pos': -30.065934065934066,
                        'safe goal_pos': -41.857142857142854},
    'wrist_roll': {   'original goal_pos': -34.94505494505494,
                      'safe goal_pos': -29.13186813186813}}
WARNING 2026-10-07 15:47:30 ts/utils.py:121 Relative goal position magnitude had to be clamped to be safe.
{   'elbow_flex': {   'original goal_pos': 167.5164835164835,
                      'safe goal_pos': 4.208791208791209},
    'shoulder_lift': {   'original goal_pos': 159.86813186813185,
                         'safe goal_pos': 135.28571428571428},
    'shoulder_pan': {   'original goal_pos': -26.021978021978022,
                        'safe goal_pos': -40.45054945054945},
    'wrist_roll': {   'original goal_pos': -37.67032967032967,
                      'safe goal_pos': -30.45054945054945}}
WARNING 2026-10-07 15:47:30 ts/utils.py:121 Relative goal position magnitude had to be clamped to be safe.
{   'elbow_flex': {   'original goal_pos': 167.5164835164835,
                      'safe goal_pos': 4.208791208791209},
    'shoulder_lift': {   'original goal_pos': 159.86813186813185,
                         'safe goal_pos': 135.28571428571428},
    'shoulder_pan': {   'original goal_pos': -21.978021978021978,
                        'safe goal_pos': -39.043956043956044},
    'wrist_roll': {   'original goal_pos': -39.956043956043956,
                      'safe goal_pos': -32.032967032967036}}
WARNING 2026-10-07 15:47:30 ts/utils.py:121 Relative goal position magnitude had to be clamped to be safe.
{   'elbow_flex': {   'original goal_pos': 167.5164835164835,
                      'safe goal_pos': 4.208791208791209},
    'shoulder_lift': {   'original goal_pos': 159.86813186813185,
                         'safe goal_pos': 135.28571428571428},
    'shoulder_pan': {   'original goal_pos': -18.197802197802197,
                        'safe goal_pos': -37.72527472527472},
    'wrist_roll': {   'original goal_pos': -41.362637362637365,
                      'safe goal_pos': -33.35164835164835}}
WARNING 2026-10-07 15:47:30 ts/utils.py:121 Relative goal position magnitude had to be clamped to be safe.
{   'elbow_flex': {   'original goal_pos': 167.5164835164835,
                      'safe goal_pos': 4.208791208791209},
    'shoulder_lift': {   'original goal_pos': 159.78021978021977,
                         'safe goal_pos': 135.28571428571428},
    'shoulder_pan': {   'original goal_pos': -14.417582417582418,
                        'safe goal_pos': -36.31868131868132},
    'wrist_roll': {   'original goal_pos': -42.15384615384615,
                      'safe goal_pos': -34.75824175824176}}
WARNING 2026-10-07 15:47:30 ts/utils.py:121 Relative goal position magnitude had to be clamped to be safe.
{   'elbow_flex': {   'original goal_pos': 167.42857142857142,
                      'safe goal_pos': 4.208791208791209},
    'shoulder_lift': {   'original goal_pos': 159.69230769230768,
                         'safe goal_pos': 135.28571428571428},
    'shoulder_pan': {   'original goal_pos': -10.813186813186814,
                        'safe goal_pos': -35.0},
    'wrist_roll': {   'original goal_pos': -42.32967032967033,
                      'safe goal_pos': -36.16483516483517}}
WARNING 2026-10-07 15:47:30 ts/utils.py:121 Relative goal position magnitude had to be clamped to be safe.
{   'elbow_flex': {   'original goal_pos': 167.42857142857142,
                      'safe goal_pos': 4.208791208791209},
    'shoulder_lift': {   'original goal_pos': 159.6043956043956,
                         'safe goal_pos': 135.28571428571428},
    'shoulder_pan': {   'original goal_pos': -7.1208791208791204,
                        'safe goal_pos': -33.68131868131868},
    'wrist_roll': {   'original goal_pos': -42.417582417582416,
                      'safe goal_pos': -37.57142857142857}}
WARNING 2026-10-07 15:47:30 ts/utils.py:121 Relative goal position magnitude had to be clamped to be safe.
{   'elbow_flex': {   'original goal_pos': 167.42857142857142,
                      'safe goal_pos': 4.208791208791209},
    'shoulder_lift': {   'original goal_pos': 159.5164835164835,
                         'safe goal_pos': 135.28571428571428},
    'shoulder_pan': {   'original goal_pos': -3.6043956043956045,
                        'safe goal_pos': -32.27472527472528},
    'wrist_roll': {   'original goal_pos': -42.417582417582416,
                      'safe goal_pos': -38.97802197802198}}
WARNING 2026-10-07 15:47:30 ts/utils.py:121 Relative goal position magnitude had to be clamped to be safe.
{   'elbow_flex': {   'original goal_pos': 167.42857142857142,
                      'safe goal_pos': 4.208791208791209},
    'shoulder_lift': {   'original goal_pos': 159.5164835164835,
                         'safe goal_pos': 135.28571428571428},
    'shoulder_pan': {   'original goal_pos': -0.17582417582417584,
                        'safe goal_pos': -30.78021978021978},
    'wrist_roll': {   'original goal_pos': -42.417582417582416,
                      'safe goal_pos': -40.472527472527474}}
WARNING 2026-10-07 15:47:30 ts/utils.py:121 Relative goal position magnitude had to be clamped to be safe.
{   'elbow_flex': {   'original goal_pos': 167.42857142857142,
                      'safe goal_pos': 4.208791208791209},
    'shoulder_lift': {   'original goal_pos': 159.5164835164835,
                         'safe goal_pos': 135.28571428571428},
    'shoulder_pan': {   'original goal_pos': 3.1648351648351647,
                        'safe goal_pos': -29.46153846153846},
    'wrist_roll': {   'original goal_pos': -42.417582417582416,
                      'safe goal_pos': -41.879120879120876}}
WARNING 2026-10-07 15:47:30 ts/utils.py:121 Relative goal position magnitude had to be clamped to be safe.
{   'elbow_flex': {   'original goal_pos': 167.42857142857142,
                      'safe goal_pos': 4.208791208791209},
    'shoulder_lift': {   'original goal_pos': 159.5164835164835,
                         'safe goal_pos': 135.28571428571428},
    'shoulder_pan': {   'original goal_pos': 6.329670329670329,
                        'safe goal_pos': -28.05494505494506}}
WARNING 2026-10-07 15:47:30 ts/utils.py:121 Relative goal position magnitude had to be clamped to be safe.
{   'elbow_flex': {   'original goal_pos': 167.42857142857142,
                      'safe goal_pos': 4.208791208791209},
    'shoulder_lift': {   'original goal_pos': 159.5164835164835,
                         'safe goal_pos': 135.28571428571428},
    'shoulder_pan': {   'original goal_pos': 9.582417582417582,
                        'safe goal_pos': -26.736263736263737}}
WARNING 2026-10-07 15:47:30 ts/utils.py:121 Relative goal position magnitude had to be clamped to be safe.
{   'elbow_flex': {   'original goal_pos': 167.42857142857142,
                      'safe goal_pos': 4.208791208791209},
    'shoulder_lift': {   'original goal_pos': 159.5164835164835,
                         'safe goal_pos': 135.28571428571428},
    'shoulder_pan': {   'original goal_pos': 12.571428571428571,
                        'safe goal_pos': -25.32967032967033}}
WARNING 2026-10-07 15:47:30 ts/utils.py:121 Relative goal position magnitude had to be clamped to be safe.
{   'elbow_flex': {   'original goal_pos': 167.42857142857142,
                      'safe goal_pos': 4.208791208791209},
    'shoulder_lift': {   'original goal_pos': 159.5164835164835,
                         'safe goal_pos': 135.28571428571428},
    'shoulder_pan': {   'original goal_pos': 15.384615384615385,
                        'safe goal_pos': -23.923076923076923}}
WARNING 2026-10-07 15:47:30 ts/utils.py:121 Relative goal position magnitude had to be clamped to be safe.
{   'elbow_flex': {   'original goal_pos': 167.42857142857142,
                      'safe goal_pos': 4.208791208791209},
    'shoulder_lift': {   'original goal_pos': 159.5164835164835,
                         'safe goal_pos': 135.28571428571428},
    'shoulder_pan': {   'original goal_pos': 18.373626373626372,
                        'safe goal_pos': -22.604395604395606}}
WARNING 2026-10-07 15:47:30 ts/utils.py:121 Relative goal position magnitude had to be clamped to be safe.
{   'elbow_flex': {   'original goal_pos': 167.42857142857142,
                      'safe goal_pos': 4.208791208791209},
    'shoulder_lift': {   'original goal_pos': 159.5164835164835,
                         'safe goal_pos': 135.28571428571428},
    'shoulder_pan': {   'original goal_pos': 21.274725274725274,
                        'safe goal_pos': -21.197802197802197}}
WARNING 2026-10-07 15:47:30 ts/utils.py:121 Relative goal position magnitude had to be clamped to be safe.
{   'elbow_flex': {   'original goal_pos': 167.42857142857142,
                      'safe goal_pos': 4.208791208791209},
    'shoulder_lift': {   'original goal_pos': 159.5164835164835,
                         'safe goal_pos': 135.28571428571428},
    'shoulder_pan': {   'original goal_pos': 24.087912087912088,
                        'safe goal_pos': -19.791208791208792}}
WARNING 2026-10-07 15:47:31 ts/utils.py:121 Relative goal position magnitude had to be clamped to be safe.
{   'elbow_flex': {   'original goal_pos': 167.42857142857142,
                      'safe goal_pos': 4.208791208791209},
    'shoulder_lift': {   'original goal_pos': 159.5164835164835,
                         'safe goal_pos': 135.28571428571428},
    'shoulder_pan': {   'original goal_pos': 26.98901098901099,
                        'safe goal_pos': -18.560439560439562}}
WARNING 2026-10-07 15:47:31 ts/utils.py:121 Relative goal position magnitude had to be clamped to be safe.
{   'elbow_flex': {   'original goal_pos': 167.5164835164835,
                      'safe goal_pos': 4.208791208791209},
    'shoulder_lift': {   'original goal_pos': 159.5164835164835,
                         'safe goal_pos': 135.28571428571428},
    'shoulder_pan': {   'original goal_pos': 30.065934065934066,
                        'safe goal_pos': -17.153846153846153}}
WARNING 2026-10-07 15:47:31 ts/utils.py:121 Relative goal position magnitude had to be clamped to be safe.
{   'elbow_flex': {   'original goal_pos': 167.5164835164835,
                      'safe goal_pos': 4.208791208791209},
    'shoulder_lift': {   'original goal_pos': 159.5164835164835,
                         'safe goal_pos': 135.28571428571428},
    'shoulder_pan': {   'original goal_pos': 33.40659340659341,
                        'safe goal_pos': -15.747252747252748}}
WARNING 2026-10-07 15:47:31 ts/utils.py:121 Relative goal position magnitude had to be clamped to be safe.
{   'elbow_flex': {   'original goal_pos': 167.5164835164835,
                      'safe goal_pos': 4.208791208791209},
    'shoulder_lift': {   'original goal_pos': 159.5164835164835,
                         'safe goal_pos': 135.28571428571428},
    'shoulder_pan': {   'original goal_pos': 37.18681318681319,
                        'safe goal_pos': -14.516483516483518}}
WARNING 2026-10-07 15:47:31 ts/utils.py:121 Relative goal position magnitude had to be clamped to be safe.
{   'elbow_flex': {   'original goal_pos': 167.5164835164835,
                      'safe goal_pos': 4.208791208791209},
    'shoulder_lift': {   'original goal_pos': 159.5164835164835,
                         'safe goal_pos': 135.28571428571428},
    'shoulder_pan': {   'original goal_pos': 41.05494505494506,
                        'safe goal_pos': -13.021978021978022}}
WARNING 2026-10-07 15:47:31 ts/utils.py:121 Relative goal position magnitude had to be clamped to be safe.
{   'elbow_flex': {   'original goal_pos': 167.5164835164835,
                      'safe goal_pos': 4.208791208791209},
    'shoulder_lift': {   'original goal_pos': 159.69230769230768,
                         'safe goal_pos': 135.28571428571428},
    'shoulder_pan': {   'original goal_pos': 45.18681318681319,
                        'safe goal_pos': -11.703296703296704}}
WARNING 2026-10-07 15:47:31 ts/utils.py:121 Relative goal position magnitude had to be clamped to be safe.
{   'elbow_flex': {   'original goal_pos': 167.6043956043956,
                      'safe goal_pos': 4.208791208791209},
    'shoulder_lift': {   'original goal_pos': 159.86813186813185,
                         'safe goal_pos': 135.28571428571428},
    'shoulder_pan': {   'original goal_pos': 49.142857142857146,
                        'safe goal_pos': -10.384615384615385}}
WARNING 2026-10-07 15:47:31 ts/utils.py:121 Relative goal position magnitude had to be clamped to be safe.
{   'elbow_flex': {   'original goal_pos': 167.6043956043956,
                      'safe goal_pos': 4.208791208791209},
    'shoulder_lift': {   'original goal_pos': 160.04395604395606,
                         'safe goal_pos': 135.28571428571428},
    'shoulder_pan': {   'original goal_pos': 53.0989010989011,
                        'safe goal_pos': -8.978021978021978}}
WARNING 2026-10-07 15:47:31 ts/utils.py:121 Relative goal position magnitude had to be clamped to be safe.
{   'elbow_flex': {   'original goal_pos': 167.6043956043956,
                      'safe goal_pos': 4.208791208791209},
    'shoulder_lift': {   'original goal_pos': 160.13186813186815,
                         'safe goal_pos': 135.28571428571428},
    'shoulder_pan': {   'original goal_pos': 56.79120879120879,
                        'safe goal_pos': -7.659340659340659}}
WARNING 2026-10-07 15:47:31 ts/utils.py:121 Relative goal position magnitude had to be clamped to be safe.
{   'elbow_flex': {   'original goal_pos': 167.69230769230768,
                      'safe goal_pos': 4.208791208791209},
    'shoulder_lift': {   'original goal_pos': 160.21978021978023,
                         'safe goal_pos': 135.28571428571428},
    'shoulder_pan': {   'original goal_pos': 60.57142857142857,
                        'safe goal_pos': -6.252747252747254}}
WARNING 2026-10-07 15:47:31 ts/utils.py:121 Relative goal position magnitude had to be clamped to be safe.
{   'elbow_flex': {   'original goal_pos': 167.69230769230768,
                      'safe goal_pos': 4.208791208791209},
    'shoulder_lift': {   'original goal_pos': 160.4835164835165,
                         'safe goal_pos': 135.28571428571428},
    'shoulder_pan': {   'original goal_pos': 64.26373626373626,
                        'safe goal_pos': -4.846153846153847}}
WARNING 2026-10-07 15:47:31 ts/utils.py:121 Relative goal position magnitude had to be clamped to be safe.
{   'elbow_flex': {   'original goal_pos': 167.69230769230768,
                      'safe goal_pos': 4.208791208791209},
    'shoulder_lift': {   'original goal_pos': 161.27472527472528,
                         'safe goal_pos': 135.28571428571428},
    'shoulder_pan': {   'original goal_pos': 67.6043956043956,
                        'safe goal_pos': -3.615384615384615}}
WARNING 2026-10-07 15:47:31 ts/utils.py:121 Relative goal position magnitude had to be clamped to be safe.
{   'elbow_flex': {   'original goal_pos': 167.69230769230768,
                      'safe goal_pos': 4.208791208791209},
    'shoulder_lift': {   'original goal_pos': 162.32967032967034,
                         'safe goal_pos': 135.28571428571428},
    'shoulder_pan': {   'original goal_pos': 70.68131868131869,
                        'safe goal_pos': -2.208791208791209}}
WARNING 2026-10-07 15:47:31 ts/utils.py:121 Relative goal position magnitude had to be clamped to be safe.
{   'elbow_flex': {   'original goal_pos': 167.69230769230768,
                      'safe goal_pos': 4.208791208791209},
    'shoulder_lift': {   'original goal_pos': 163.47252747252747,
                         'safe goal_pos': 135.28571428571428},
    'shoulder_pan': {   'original goal_pos': 73.23076923076923,
                        'safe goal_pos': -0.8901098901098905}}
WARNING 2026-10-07 15:47:31 ts/utils.py:121 Relative goal position magnitude had to be clamped to be safe.
{   'elbow_flex': {   'original goal_pos': 167.69230769230768,
                      'safe goal_pos': 4.208791208791209},
    'shoulder_lift': {   'original goal_pos': 164.52747252747253,
                         'safe goal_pos': 135.28571428571428},
    'shoulder_pan': {   'original goal_pos': 75.78021978021978,
                        'safe goal_pos': 0.5164835164835164}}
WARNING 2026-10-07 15:47:31 ts/utils.py:121 Relative goal position magnitude had to be clamped to be safe.
{   'elbow_flex': {   'original goal_pos': 167.69230769230768,
                      'safe goal_pos': 4.208791208791209},
    'shoulder_lift': {   'original goal_pos': 165.67032967032966,
                         'safe goal_pos': 135.28571428571428},
    'shoulder_pan': {   'original goal_pos': 77.97802197802197,
                        'safe goal_pos': 1.8351648351648353}}
WARNING 2026-10-07 15:47:31 ts/utils.py:121 Relative goal position magnitude had to be clamped to be safe.
{   'elbow_flex': {   'original goal_pos': 167.69230769230768,
                      'safe goal_pos': 4.208791208791209},
    'shoulder_lift': {   'original goal_pos': 166.9010989010989,
                         'safe goal_pos': 135.28571428571428},
    'shoulder_pan': {   'original goal_pos': 80.26373626373626,
                        'safe goal_pos': 3.1538461538461537}}
WARNING 2026-10-07 15:47:31 ts/utils.py:121 Relative goal position magnitude had to be clamped to be safe.
{   'elbow_flex': {   'original goal_pos': 167.69230769230768,
                      'safe goal_pos': 4.208791208791209},
    'shoulder_lift': {   'original goal_pos': 168.21978021978023,
                         'safe goal_pos': 135.28571428571428},
    'shoulder_pan': {   'original goal_pos': 82.37362637362638,
                        'safe goal_pos': 4.56043956043956}}
WARNING 2026-10-07 15:47:31 ts/utils.py:121 Relative goal position magnitude had to be clamped to be safe.
{   'elbow_flex': {   'original goal_pos': 167.69230769230768,
                      'safe goal_pos': 4.208791208791209},
    'shoulder_lift': {   'original goal_pos': 169.36263736263737,
                         'safe goal_pos': 135.28571428571428},
    'shoulder_pan': {   'original goal_pos': 84.3956043956044,
                        'safe goal_pos': 5.8791208791208796}}
WARNING 2026-10-07 15:47:31 ts/utils.py:121 Relative goal position magnitude had to be clamped to be safe.
{   'elbow_flex': {   'original goal_pos': 167.69230769230768,
                      'safe goal_pos': 4.208791208791209},
    'shoulder_lift': {   'original goal_pos': 170.41758241758242,
                         'safe goal_pos': 135.28571428571428},
    'shoulder_pan': {   'original goal_pos': 86.32967032967034,
                        'safe goal_pos': 7.197802197802198}}
WARNING 2026-10-07 15:47:31 ts/utils.py:121 Relative goal position magnitude had to be clamped to be safe.
{   'elbow_flex': {   'original goal_pos': 167.69230769230768,
                      'safe goal_pos': 4.208791208791209},
    'shoulder_lift': {   'original goal_pos': 171.2967032967033,
                         'safe goal_pos': 135.28571428571428},
    'shoulder_pan': {   'original goal_pos': 88.0,
                        'safe goal_pos': 8.516483516483516}}
WARNING 2026-10-07 15:47:31 ts/utils.py:121 Relative goal position magnitude had to be clamped to be safe.
{   'elbow_flex': {   'original goal_pos': 167.69230769230768,
                      'safe goal_pos': 4.208791208791209},
    'shoulder_lift': {   'original goal_pos': 172.26373626373626,
                         'safe goal_pos': 135.28571428571428},
    'shoulder_pan': {   'original goal_pos': 89.58241758241758,
                        'safe goal_pos': 10.010989010989011}}
WARNING 2026-10-07 15:47:31 ts/utils.py:121 Relative goal position magnitude had to be clamped to be safe.
{   'elbow_flex': {   'original goal_pos': 167.69230769230768,
                      'safe goal_pos': 4.208791208791209},
    'shoulder_lift': {   'original goal_pos': 173.14285714285714,
                         'safe goal_pos': 135.28571428571428},
    'shoulder_pan': {   'original goal_pos': 91.07692307692308,
                        'safe goal_pos': 11.329670329670328}}
WARNING 2026-10-07 15:47:31 ts/utils.py:121 Relative goal position magnitude had to be clamped to be safe.
{   'elbow_flex': {   'original goal_pos': 167.69230769230768,
                      'safe goal_pos': 4.208791208791209},
    'shoulder_lift': {   'original goal_pos': 174.02197802197801,
                         'safe goal_pos': 135.28571428571428},
    'shoulder_pan': {   'original goal_pos': 92.13186813186813,
                        'safe goal_pos': 12.64835164835165}}
WARNING 2026-10-07 15:47:31 ts/utils.py:121 Relative goal position magnitude had to be clamped to be safe.
{   'elbow_flex': {   'original goal_pos': 167.69230769230768,
                      'safe goal_pos': 4.208791208791209},
    'shoulder_lift': {   'original goal_pos': 175.16483516483515,
                         'safe goal_pos': 135.28571428571428},
    'shoulder_pan': {   'original goal_pos': 92.3076923076923,
                        'safe goal_pos': 14.142857142857142}}
WARNING 2026-10-07 15:47:31 ts/utils.py:121 Relative goal position magnitude had to be clamped to be safe.
{   'elbow_flex': {   'original goal_pos': 167.6043956043956,
                      'safe goal_pos': 4.208791208791209},
    'shoulder_lift': {   'original goal_pos': 176.30769230769232,
                         'safe goal_pos': 135.28571428571428},
    'shoulder_pan': {   'original goal_pos': 91.95604395604396,
                        'safe goal_pos': 15.285714285714286}}
WARNING 2026-10-07 15:47:31 ts/utils.py:121 Relative goal position magnitude had to be clamped to be safe.
{   'elbow_flex': {   'original goal_pos': 167.6043956043956,
                      'safe goal_pos': 4.208791208791209},
    'shoulder_lift': {   'original goal_pos': 177.36263736263737,
                         'safe goal_pos': 135.28571428571428},
    'shoulder_pan': {   'original goal_pos': 90.81318681318682,
                        'safe goal_pos': 16.78021978021978}}
WARNING 2026-10-07 15:47:31 ts/utils.py:121 Relative goal position magnitude had to be clamped to be safe.
{   'elbow_flex': {   'original goal_pos': 167.6043956043956,
                      'safe goal_pos': 4.208791208791209},
    'shoulder_lift': {   'original goal_pos': 178.06593406593407,
                         'safe goal_pos': 135.28571428571428},
    'shoulder_pan': {   'original goal_pos': 88.79120879120879,
                        'safe goal_pos': 18.186813186813186}}
WARNING 2026-10-07 15:47:31 ts/utils.py:121 Relative goal position magnitude had to be clamped to be safe.
{   'elbow_flex': {   'original goal_pos': 167.6043956043956,
                      'safe goal_pos': 4.208791208791209},
    'shoulder_lift': {   'original goal_pos': 178.32967032967034,
                         'safe goal_pos': 135.28571428571428},
    'shoulder_pan': {   'original goal_pos': 86.50549450549451,
                        'safe goal_pos': 19.417582417582416}}
WARNING 2026-10-07 15:47:31 ts/utils.py:121 Relative goal position magnitude had to be clamped to be safe.
{   'elbow_flex': {   'original goal_pos': 167.6043956043956,
                      'safe goal_pos': 4.208791208791209},
    'shoulder_lift': {   'original goal_pos': 178.32967032967034,
                         'safe goal_pos': 135.28571428571428},
    'shoulder_pan': {   'original goal_pos': 84.04395604395604,
                        'safe goal_pos': 20.912087912087912}}
WARNING 2026-10-07 15:47:32 ts/utils.py:121 Relative goal position magnitude had to be clamped to be safe.
{   'elbow_flex': {   'original goal_pos': 167.6043956043956,
                      'safe goal_pos': 4.208791208791209},
    'shoulder_lift': {   'original goal_pos': 178.32967032967034,
                         'safe goal_pos': 135.28571428571428},
    'shoulder_pan': {   'original goal_pos': 81.58241758241758,
                        'safe goal_pos': 22.318681318681318}}
WARNING 2026-10-07 15:47:32 ts/utils.py:121 Relative goal position magnitude had to be clamped to be safe.
{   'elbow_flex': {   'original goal_pos': 167.5164835164835,
                      'safe goal_pos': 4.208791208791209},
    'shoulder_lift': {   'original goal_pos': 178.24175824175825,
                         'safe goal_pos': 135.28571428571428},
    'shoulder_pan': {   'original goal_pos': 79.03296703296704,
                        'safe goal_pos': 23.46153846153846}}
WARNING 2026-10-07 15:47:32 ts/utils.py:121 Relative goal position magnitude had to be clamped to be safe.
{   'elbow_flex': {   'original goal_pos': 167.5164835164835,
                      'safe goal_pos': 4.208791208791209},
    'shoulder_lift': {   'original goal_pos': 178.24175824175825,
                         'safe goal_pos': 135.28571428571428},
    'shoulder_pan': {   'original goal_pos': 76.3956043956044,
                        'safe goal_pos': 25.043956043956044}}
WARNING 2026-10-07 15:47:32 ts/utils.py:121 Relative goal position magnitude had to be clamped to be safe.
{   'elbow_flex': {   'original goal_pos': 167.5164835164835,
                      'safe goal_pos': 4.208791208791209},
    'shoulder_lift': {   'original goal_pos': 178.24175824175825,
                         'safe goal_pos': 135.28571428571428},
    'shoulder_pan': {   'original goal_pos': 73.84615384615384,
                        'safe goal_pos': 26.36263736263736}}
WARNING 2026-10-07 15:47:32 ts/utils.py:121 Relative goal position magnitude had to be clamped to be safe.
{   'elbow_flex': {   'original goal_pos': 167.5164835164835,
                      'safe goal_pos': 4.208791208791209},
    'shoulder_lift': {   'original goal_pos': 178.24175824175825,
                         'safe goal_pos': 135.28571428571428},
    'shoulder_pan': {   'original goal_pos': 71.47252747252747,
                        'safe goal_pos': 27.593406593406595}}
WARNING 2026-10-07 15:47:32 ts/utils.py:121 Relative goal position magnitude had to be clamped to be safe.
{   'elbow_flex': {   'original goal_pos': 167.5164835164835,
                      'safe goal_pos': 4.208791208791209},
    'shoulder_lift': {   'original goal_pos': 178.32967032967034,
                         'safe goal_pos': 135.28571428571428},
    'shoulder_pan': {   'original goal_pos': 69.18681318681318,
                        'safe goal_pos': 29.087912087912088}}
WARNING 2026-10-07 15:47:32 ts/utils.py:121 Relative goal position magnitude had to be clamped to be safe.
{   'elbow_flex': {   'original goal_pos': 167.5164835164835,
                      'safe goal_pos': 4.208791208791209},
    'shoulder_lift': {   'original goal_pos': 178.5054945054945,
                         'safe goal_pos': 135.28571428571428},
    'shoulder_pan': {   'original goal_pos': 67.07692307692308,
                        'safe goal_pos': 30.582417582417584}}
WARNING 2026-10-07 15:47:32 ts/utils.py:121 Relative goal position magnitude had to be clamped to be safe.
{   'elbow_flex': {   'original goal_pos': 167.5164835164835,
                      'safe goal_pos': 4.208791208791209},
    'shoulder_lift': {   'original goal_pos': 178.5054945054945,
                         'safe goal_pos': 135.28571428571428},
    'shoulder_pan': {   'original goal_pos': 64.96703296703296,
                        'safe goal_pos': 31.725274725274726}}
WARNING 2026-10-07 15:47:32 ts/utils.py:121 Relative goal position magnitude had to be clamped to be safe.
{   'elbow_flex': {   'original goal_pos': 167.5164835164835,
                      'safe goal_pos': 4.208791208791209},
    'shoulder_lift': {   'original goal_pos': 178.5054945054945,
                         'safe goal_pos': 135.28571428571428},
    'shoulder_pan': {   'original goal_pos': 63.120879120879124,
                        'safe goal_pos': 33.13186813186813}}
WARNING 2026-10-07 15:47:32 ts/utils.py:121 Relative goal position magnitude had to be clamped to be safe.
{   'elbow_flex': {   'original goal_pos': 167.5164835164835,
                      'safe goal_pos': 4.208791208791209},
    'shoulder_lift': {   'original goal_pos': 178.5054945054945,
                         'safe goal_pos': 135.28571428571428},
    'shoulder_pan': {   'original goal_pos': 61.18681318681319,
                        'safe goal_pos': 34.714285714285715}}
WARNING 2026-10-07 15:47:32 ts/utils.py:121 Relative goal position magnitude had to be clamped to be safe.
{   'elbow_flex': {   'original goal_pos': 167.5164835164835,
                      'safe goal_pos': 4.208791208791209},
    'shoulder_lift': {   'original goal_pos': 178.5054945054945,
                         'safe goal_pos': 135.28571428571428},
    'shoulder_pan': {   'original goal_pos': 59.34065934065934,
                        'safe goal_pos': 35.85714285714286}}
WARNING 2026-10-07 15:47:32 ts/utils.py:121 Relative goal position magnitude had to be clamped to be safe.
{   'elbow_flex': {   'original goal_pos': 167.5164835164835,
                      'safe goal_pos': 4.208791208791209},
    'shoulder_lift': {   'original goal_pos': 178.41758241758242,
                         'safe goal_pos': 135.28571428571428},
    'shoulder_pan': {   'original goal_pos': 57.84615384615385,
                        'safe goal_pos': 37.26373626373626}}
WARNING 2026-10-07 15:47:32 ts/utils.py:121 Relative goal position magnitude had to be clamped to be safe.
{   'elbow_flex': {   'original goal_pos': 167.5164835164835,
                      'safe goal_pos': 4.208791208791209},
    'shoulder_lift': {   'original goal_pos': 178.32967032967034,
                         'safe goal_pos': 135.28571428571428},
    'shoulder_pan': {   'original goal_pos': 56.26373626373626,
                        'safe goal_pos': 38.84615384615385}}
WARNING 2026-10-07 15:47:32 ts/utils.py:121 Relative goal position magnitude had to be clamped to be safe.
{   'elbow_flex': {   'original goal_pos': 167.5164835164835,
                      'safe goal_pos': 4.208791208791209},
    'shoulder_lift': {   'original goal_pos': 178.24175824175825,
                         'safe goal_pos': 135.28571428571428},
    'shoulder_pan': {   'original goal_pos': 54.417582417582416,
                        'safe goal_pos': 40.07692307692308}}
WARNING 2026-10-07 15:47:32 ts/utils.py:121 Relative goal position magnitude had to be clamped to be safe.
{   'elbow_flex': {   'original goal_pos': 167.5164835164835,
                      'safe goal_pos': 4.208791208791209},
    'shoulder_lift': {   'original goal_pos': 178.24175824175825,
                         'safe goal_pos': 135.28571428571428},
    'shoulder_pan': {   'original goal_pos': 52.92307692307692,
                        'safe goal_pos': 41.30769230769231}}
WARNING 2026-10-07 15:47:32 ts/utils.py:121 Relative goal position magnitude had to be clamped to be safe.
{   'elbow_flex': {   'original goal_pos': 167.5164835164835,
                      'safe goal_pos': 4.208791208791209},
    'shoulder_lift': {   'original goal_pos': 178.15384615384616,
                         'safe goal_pos': 135.28571428571428},
    'shoulder_pan': {   'original goal_pos': 51.34065934065934,
                        'safe goal_pos': 42.97802197802198}}
WARNING 2026-10-07 15:47:32 ts/utils.py:121 Relative goal position magnitude had to be clamped to be safe.
{   'elbow_flex': {   'original goal_pos': 167.5164835164835,
                      'safe goal_pos': 4.208791208791209},
    'shoulder_lift': {   'original goal_pos': 177.8021978021978,
                         'safe goal_pos': 135.28571428571428},
    'shoulder_pan': {   'original goal_pos': 49.31868131868132,
                        'safe goal_pos': 44.2967032967033}}
WARNING 2026-10-07 15:47:32 ts/utils.py:121 Relative goal position magnitude had to be clamped to be safe.
{   'elbow_flex': {   'original goal_pos': 167.5164835164835,
                      'safe goal_pos': 4.208791208791209},
    'shoulder_lift': {   'original goal_pos': 177.0989010989011,
                         'safe goal_pos': 135.28571428571428},
    'shoulder_pan': {   'original goal_pos': 46.94505494505494,
                        'safe goal_pos': 45.527472527472526}}
WARNING 2026-10-07 15:47:32 ts/utils.py:121 Relative goal position magnitude had to be clamped to be safe.
{   'elbow_flex': {   'original goal_pos': 167.5164835164835,
                      'safe goal_pos': 4.208791208791209},
    'shoulder_lift': {   'original goal_pos': 176.21978021978023,
                         'safe goal_pos': 135.28571428571428}}
WARNING 2026-10-07 15:47:32 ts/utils.py:121 Relative goal position magnitude had to be clamped to be safe.
{   'elbow_flex': {   'original goal_pos': 167.5164835164835,
                      'safe goal_pos': 4.208791208791209},
    'shoulder_lift': {   'original goal_pos': 175.34065934065933,
                         'safe goal_pos': 135.28571428571428}}
WARNING 2026-10-07 15:47:32 ts/utils.py:121 Relative goal position magnitude had to be clamped to be safe.
{   'elbow_flex': {   'original goal_pos': 167.5164835164835,
                      'safe goal_pos': 4.208791208791209},
    'shoulder_lift': {   'original goal_pos': 174.54945054945054,
                         'safe goal_pos': 135.28571428571428}}
WARNING 2026-10-07 15:47:32 ts/utils.py:121 Relative goal position magnitude had to be clamped to be safe.
{   'elbow_flex': {   'original goal_pos': 167.5164835164835,
                      'safe goal_pos': 4.208791208791209},
    'shoulder_lift': {   'original goal_pos': 173.84615384615384,
                         'safe goal_pos': 135.28571428571428},
    'shoulder_pan': {   'original goal_pos': 37.89010989010989,
                        'safe goal_pos': 38.42857142857143}}
WARNING 2026-10-07 15:47:32 ts/utils.py:121 Relative goal position magnitude had to be clamped to be safe.
{   'elbow_flex': {   'original goal_pos': 167.5164835164835,
                      'safe goal_pos': 4.208791208791209},
    'shoulder_lift': {   'original goal_pos': 173.3186813186813,
                         'safe goal_pos': 135.28571428571428},
    'shoulder_pan': {   'original goal_pos': 35.86813186813187,
                        'safe goal_pos': 37.10989010989011}}
WARNING 2026-10-07 15:47:32 ts/utils.py:121 Relative goal position magnitude had to be clamped to be safe.
{   'elbow_flex': {   'original goal_pos': 167.5164835164835,
                      'safe goal_pos': 4.208791208791209},
    'shoulder_lift': {   'original goal_pos': 172.96703296703296,
                         'safe goal_pos': 135.28571428571428},
    'shoulder_pan': {   'original goal_pos': 34.10989010989011,
                        'safe goal_pos': 35.43956043956044}}
WARNING 2026-10-07 15:47:32 ts/utils.py:121 Relative goal position magnitude had to be clamped to be safe.
{   'elbow_flex': {   'original goal_pos': 167.5164835164835,
                      'safe goal_pos': 4.208791208791209},
    'shoulder_lift': {   'original goal_pos': 172.7032967032967,
                         'safe goal_pos': 135.28571428571428},
    'shoulder_pan': {   'original goal_pos': 31.912087912087912,
                        'safe goal_pos': 33.857142857142854}}
WARNING 2026-10-07 15:47:32 ts/utils.py:121 Relative goal position magnitude had to be clamped to be safe.
{   'elbow_flex': {   'original goal_pos': 167.5164835164835,
                      'safe goal_pos': 4.208791208791209},
    'shoulder_lift': {   'original goal_pos': 172.43956043956044,
                         'safe goal_pos': 135.28571428571428},
    'shoulder_pan': {   'original goal_pos': 29.626373626373628,
                        'safe goal_pos': 32.62637362637363}}
WARNING 2026-10-07 15:47:32 ts/utils.py:121 Relative goal position magnitude had to be clamped to be safe.
{   'elbow_flex': {   'original goal_pos': 167.5164835164835,
                      'safe goal_pos': 4.208791208791209},
    'shoulder_lift': {   'original goal_pos': 172.35164835164835,
                         'safe goal_pos': 135.28571428571428},
    'shoulder_pan': {   'original goal_pos': 27.516483516483518,
                        'safe goal_pos': 31.21978021978022}}
WARNING 2026-10-07 15:47:32 ts/utils.py:121 Relative goal position magnitude had to be clamped to be safe.
{   'elbow_flex': {   'original goal_pos': 167.5164835164835,
                      'safe goal_pos': 4.208791208791209},
    'shoulder_lift': {   'original goal_pos': 172.26373626373626,
                         'safe goal_pos': 135.28571428571428},
    'shoulder_pan': {   'original goal_pos': 25.582417582417584,
                        'safe goal_pos': 29.549450549450547}}
WARNING 2026-10-07 15:47:32 ts/utils.py:121 Relative goal position magnitude had to be clamped to be safe.
{   'elbow_flex': {   'original goal_pos': 167.5164835164835,
                      'safe goal_pos': 4.208791208791209},
    'shoulder_lift': {   'original goal_pos': 172.26373626373626,
                         'safe goal_pos': 135.28571428571428},
    'shoulder_pan': {   'original goal_pos': 23.47252747252747,
                        'safe goal_pos': 28.31868131868132}}
WARNING 2026-10-07 15:47:32 ts/utils.py:121 Relative goal position magnitude had to be clamped to be safe.
{   'elbow_flex': {   'original goal_pos': 167.5164835164835,
                      'safe goal_pos': 4.208791208791209},
    'shoulder_lift': {   'original goal_pos': 172.26373626373626,
                         'safe goal_pos': 135.28571428571428},
    'shoulder_pan': {   'original goal_pos': 21.274725274725274,
                        'safe goal_pos': 26.824175824175825},
    'wrist_roll': {   'original goal_pos': -38.37362637362637,
                      'safe goal_pos': -40.934065934065934}}
WARNING 2026-10-07 15:47:33 ts/utils.py:121 Relative goal position magnitude had to be clamped to be safe.
{   'elbow_flex': {   'original goal_pos': 167.5164835164835,
                      'safe goal_pos': 4.208791208791209},
    'shoulder_lift': {   'original goal_pos': 172.26373626373626,
                         'safe goal_pos': 135.28571428571428},
    'shoulder_pan': {   'original goal_pos': 19.516483516483518,
                        'safe goal_pos': 25.24175824175824},
    'wrist_roll': {   'original goal_pos': -33.89010989010989,
                      'safe goal_pos': -39.35164835164835}}
WARNING 2026-10-07 15:47:33 ts/utils.py:121 Relative goal position magnitude had to be clamped to be safe.
{   'elbow_flex': {   'original goal_pos': 167.5164835164835,
                      'safe goal_pos': 4.208791208791209},
    'shoulder_lift': {   'original goal_pos': 172.35164835164835,
                         'safe goal_pos': 135.28571428571428},
    'shoulder_pan': {   'original goal_pos': 17.846153846153847,
                        'safe goal_pos': 24.01098901098901},
    'wrist_roll': {   'original goal_pos': -28.791208791208792,
                      'safe goal_pos': -37.94505494505494}}
WARNING 2026-10-07 15:47:33 ts/utils.py:121 Relative goal position magnitude had to be clamped to be safe.
{   'elbow_flex': {   'original goal_pos': 167.5164835164835,
                      'safe goal_pos': 4.208791208791209},
    'shoulder_lift': {   'original goal_pos': 172.35164835164835,
                         'safe goal_pos': 135.28571428571428},
    'shoulder_pan': {   'original goal_pos': 15.736263736263735,
                        'safe goal_pos': 22.516483516483518},
    'wrist_roll': {   'original goal_pos': -24.307692307692307,
                      'safe goal_pos': -36.62637362637363}}
WARNING 2026-10-07 15:47:33 ts/utils.py:121 Relative goal position magnitude had to be clamped to be safe.
{   'elbow_flex': {   'original goal_pos': 167.5164835164835,
                      'safe goal_pos': 4.208791208791209},
    'shoulder_lift': {   'original goal_pos': 172.35164835164835,
                         'safe goal_pos': 135.28571428571428},
    'shoulder_pan': {   'original goal_pos': 13.714285714285714,
                        'safe goal_pos': 20.934065934065934},
    'wrist_roll': {   'original goal_pos': -20.175824175824175,
                      'safe goal_pos': -35.21978021978022}}
WARNING 2026-10-07 15:47:33 ts/utils.py:121 Relative goal position magnitude had to be clamped to be safe.
{   'elbow_flex': {   'original goal_pos': 167.42857142857142,
                      'safe goal_pos': 4.208791208791209},
    'shoulder_lift': {   'original goal_pos': 172.35164835164835,
                         'safe goal_pos': 135.28571428571428},
    'shoulder_pan': {   'original goal_pos': 12.043956043956044,
                        'safe goal_pos': 19.703296703296704},
    'wrist_roll': {   'original goal_pos': -16.571428571428573,
                      'safe goal_pos': -33.9010989010989}}
WARNING 2026-10-07 15:47:33 ts/utils.py:121 Relative goal position magnitude had to be clamped to be safe.
{   'elbow_flex': {   'original goal_pos': 167.42857142857142,
                      'safe goal_pos': 4.208791208791209},
    'shoulder_lift': {   'original goal_pos': 172.35164835164835,
                         'safe goal_pos': 135.28571428571428},
    'shoulder_pan': {   'original goal_pos': 10.637362637362637,
                        'safe goal_pos': 18.384615384615383},
    'wrist_roll': {   'original goal_pos': -13.758241758241759,
                      'safe goal_pos': -32.582417582417584}}
WARNING 2026-10-07 15:47:33 ts/utils.py:121 Relative goal position magnitude had to be clamped to be safe.
{   'elbow_flex': {   'original goal_pos': 167.42857142857142,
                      'safe goal_pos': 4.208791208791209},
    'shoulder_lift': {   'original goal_pos': 172.26373626373626,
                         'safe goal_pos': 135.28571428571428},
    'shoulder_pan': {   'original goal_pos': 9.406593406593407,
                        'safe goal_pos': 16.626373626373628},
    'wrist_roll': {   'original goal_pos': -11.56043956043956,
                      'safe goal_pos': -31.175824175824175}}
WARNING 2026-10-07 15:47:33 ts/utils.py:121 Relative goal position magnitude had to be clamped to be safe.
{   'elbow_flex': {   'original goal_pos': 167.42857142857142,
                      'safe goal_pos': 4.208791208791209},
    'shoulder_lift': {   'original goal_pos': 172.26373626373626,
                         'safe goal_pos': 135.28571428571428},
    'shoulder_pan': {   'original goal_pos': 8.615384615384615,
                        'safe goal_pos': 15.307692307692307},
    'wrist_roll': {   'original goal_pos': -9.89010989010989,
                      'safe goal_pos': -29.857142857142854}}
WARNING 2026-10-07 15:47:33 ts/utils.py:121 Relative goal position magnitude had to be clamped to be safe.
{   'elbow_flex': {   'original goal_pos': 167.42857142857142,
                      'safe goal_pos': 4.208791208791209},
    'shoulder_lift': {   'original goal_pos': 172.26373626373626,
                         'safe goal_pos': 135.28571428571428},
    'shoulder_pan': {   'original goal_pos': 8.175824175824175,
                        'safe goal_pos': 13.989010989010989},
    'wrist_roll': {   'original goal_pos': -8.747252747252746,
                      'safe goal_pos': -28.450549450549453}}
WARNING 2026-10-07 15:47:33 ts/utils.py:121 Relative goal position magnitude had to be clamped to be safe.
{   'elbow_flex': {   'original goal_pos': 167.42857142857142,
                      'safe goal_pos': 4.208791208791209},
    'shoulder_lift': {   'original goal_pos': 172.26373626373626,
                         'safe goal_pos': 135.28571428571428},
    'shoulder_pan': {   'original goal_pos': 8.175824175824175,
                        'safe goal_pos': 12.494505494505493},
    'wrist_roll': {   'original goal_pos': -7.78021978021978,
                      'safe goal_pos': -27.13186813186813}}
WARNING 2026-10-07 15:47:33 ts/utils.py:121 Relative goal position magnitude had to be clamped to be safe.
{   'elbow_flex': {   'original goal_pos': 167.42857142857142,
                      'safe goal_pos': 4.208791208791209},
    'shoulder_lift': {   'original goal_pos': 172.0879120879121,
                         'safe goal_pos': 135.28571428571428},
    'shoulder_pan': {   'original goal_pos': 8.175824175824175,
                        'safe goal_pos': 10.912087912087912},
    'wrist_roll': {   'original goal_pos': -7.34065934065934,
                      'safe goal_pos': -25.725274725274726}}
WARNING 2026-10-07 15:47:33 ts/utils.py:121 Relative goal position magnitude had to be clamped to be safe.
{   'elbow_flex': {   'original goal_pos': 167.34065934065933,
                      'safe goal_pos': 4.208791208791209},
    'shoulder_lift': {   'original goal_pos': 171.56043956043956,
                         'safe goal_pos': 135.28571428571428},
    'shoulder_pan': {   'original goal_pos': 8.175824175824175,
                        'safe goal_pos': 9.68131868131868},
    'wrist_roll': {   'original goal_pos': -7.164835164835165,
                      'safe goal_pos': -24.406593406593405}}
WARNING 2026-10-07 15:47:33 ts/utils.py:121 Relative goal position magnitude had to be clamped to be safe.
{   'elbow_flex': {   'original goal_pos': 167.34065934065933,
                      'safe goal_pos': 4.208791208791209},
    'shoulder_lift': {   'original goal_pos': 170.5934065934066,
                         'safe goal_pos': 135.28571428571428},
    'wrist_roll': {   'original goal_pos': -7.164835164835165,
                      'safe goal_pos': -23.087912087912088}}
WARNING 2026-10-07 15:47:33 ts/utils.py:121 Relative goal position magnitude had to be clamped to be safe.
{   'elbow_flex': {   'original goal_pos': 167.34065934065933,
                      'safe goal_pos': 4.208791208791209},
    'shoulder_lift': {   'original goal_pos': 169.53846153846155,
                         'safe goal_pos': 135.28571428571428},
    'wrist_roll': {   'original goal_pos': -7.164835164835165,
                      'safe goal_pos': -21.593406593406595}}
WARNING 2026-10-07 15:47:33 ts/utils.py:121 Relative goal position magnitude had to be clamped to be safe.
{   'elbow_flex': {   'original goal_pos': 167.34065934065933,
                      'safe goal_pos': 4.208791208791209},
    'shoulder_lift': {   'original goal_pos': 168.4835164835165,
                         'safe goal_pos': 135.28571428571428},
    'wrist_roll': {   'original goal_pos': -7.076923076923077,
                      'safe goal_pos': -20.274725274725274}}
WARNING 2026-10-07 15:47:33 ts/utils.py:121 Relative goal position magnitude had to be clamped to be safe.
{   'elbow_flex': {   'original goal_pos': 167.42857142857142,
                      'safe goal_pos': 4.208791208791209},
    'shoulder_lift': {   'original goal_pos': 167.42857142857142,
                         'safe goal_pos': 135.28571428571428},
    'wrist_roll': {   'original goal_pos': -7.076923076923077,
                      'safe goal_pos': -18.86813186813187}}
WARNING 2026-10-07 15:47:33 ts/utils.py:121 Relative goal position magnitude had to be clamped to be safe.
{   'elbow_flex': {   'original goal_pos': 167.42857142857142,
                      'safe goal_pos': 4.208791208791209},
    'shoulder_lift': {   'original goal_pos': 166.28571428571428,
                         'safe goal_pos': 135.28571428571428},
    'wrist_roll': {   'original goal_pos': -7.076923076923077,
                      'safe goal_pos': -17.46153846153846}}
WARNING 2026-10-07 15:47:33 ts/utils.py:121 Relative goal position magnitude had to be clamped to be safe.
{   'elbow_flex': {   'original goal_pos': 167.42857142857142,
                      'safe goal_pos': 4.208791208791209},
    'shoulder_lift': {   'original goal_pos': 165.05494505494505,
                         'safe goal_pos': 135.28571428571428},
    'wrist_roll': {   'original goal_pos': -7.076923076923077,
                      'safe goal_pos': -16.142857142857142}}
WARNING 2026-10-07 15:47:33 ts/utils.py:121 Relative goal position magnitude had to be clamped to be safe.
{   'elbow_flex': {   'original goal_pos': 167.42857142857142,
                      'safe goal_pos': 4.208791208791209},
    'shoulder_lift': {   'original goal_pos': 163.82417582417582,
                         'safe goal_pos': 135.28571428571428},
    'wrist_roll': {   'original goal_pos': -7.076923076923077,
                      'safe goal_pos': -14.64835164835165}}
WARNING 2026-10-07 15:47:33 ts/utils.py:121 Relative goal position magnitude had to be clamped to be safe.
{   'elbow_flex': {   'original goal_pos': 167.42857142857142,
                      'safe goal_pos': 4.208791208791209},
    'shoulder_lift': {   'original goal_pos': 162.32967032967034,
                         'safe goal_pos': 135.28571428571428},
    'wrist_roll': {   'original goal_pos': -7.076923076923077,
                      'safe goal_pos': -13.329670329670328}}
WARNING 2026-10-07 15:47:33 ts/utils.py:121 Relative goal position magnitude had to be clamped to be safe.
{   'elbow_flex': {   'original goal_pos': 167.42857142857142,
                      'safe goal_pos': 4.208791208791209},
    'shoulder_lift': {   'original goal_pos': 160.83516483516485,
                         'safe goal_pos': 135.28571428571428},
    'wrist_roll': {   'original goal_pos': -7.164835164835165,
                      'safe goal_pos': -11.923076923076923}}
WARNING 2026-10-07 15:47:33 ts/utils.py:121 Relative goal position magnitude had to be clamped to be safe.
{   'elbow_flex': {   'original goal_pos': 167.42857142857142,
                      'safe goal_pos': 4.208791208791209},
    'shoulder_lift': {   'original goal_pos': 158.98901098901098,
                         'safe goal_pos': 135.28571428571428},
    'wrist_roll': {   'original goal_pos': -7.164835164835165,
                      'safe goal_pos': -10.516483516483516}}
WARNING 2026-10-07 15:47:33 ts/utils.py:121 Relative goal position magnitude had to be clamped to be safe.
{   'elbow_flex': {   'original goal_pos': 167.42857142857142,
                      'safe goal_pos': 4.208791208791209},
    'shoulder_lift': {   'original goal_pos': 157.05494505494505,
                         'safe goal_pos': 135.28571428571428},
    'wrist_roll': {   'original goal_pos': -7.076923076923077,
                      'safe goal_pos': -9.197802197802197}}
WARNING 2026-10-07 15:47:33 ts/utils.py:121 Relative goal position magnitude had to be clamped to be safe.
{   'elbow_flex': {   'original goal_pos': 167.42857142857142,
                      'safe goal_pos': 4.208791208791209},
    'shoulder_lift': {   'original goal_pos': 155.12087912087912,
                         'safe goal_pos': 135.28571428571428},
    'wrist_roll': {   'original goal_pos': -7.252747252747253,
                      'safe goal_pos': -7.791208791208792}}
WARNING 2026-10-07 15:47:33 ts/utils.py:121 Relative goal position magnitude had to be clamped to be safe.
{   'elbow_flex': {   'original goal_pos': 167.42857142857142,
                      'safe goal_pos': 4.208791208791209},
    'shoulder_lift': {   'original goal_pos': 153.1868131868132,
                         'safe goal_pos': 135.28571428571428}}
WARNING 2026-10-07 15:47:33 ts/utils.py:121 Relative goal position magnitude had to be clamped to be safe.
{   'elbow_flex': {   'original goal_pos': 167.42857142857142,
                      'safe goal_pos': 4.208791208791209},
    'shoulder_lift': {   'original goal_pos': 151.25274725274724,
                         'safe goal_pos': 135.28571428571428}}
WARNING 2026-10-07 15:47:33 ts/utils.py:121 Relative goal position magnitude had to be clamped to be safe.
{   'elbow_flex': {   'original goal_pos': 167.42857142857142,
                      'safe goal_pos': 4.208791208791209},
    'shoulder_lift': {   'original goal_pos': 149.23076923076923,
                         'safe goal_pos': 135.28571428571428},
    'wrist_flex': {   'original goal_pos': 6.989010989010989,
                      'safe goal_pos': 6.406593406593407}}
WARNING 2026-10-07 15:47:33 ts/utils.py:121 Relative goal position magnitude had to be clamped to be safe.
{   'elbow_flex': {   'original goal_pos': 167.42857142857142,
                      'safe goal_pos': 4.208791208791209},
    'shoulder_lift': {   'original goal_pos': 147.03296703296704,
                         'safe goal_pos': 135.28571428571428},
    'wrist_flex': {   'original goal_pos': 9.362637362637363,
                      'safe goal_pos': 7.813186813186814}}
WARNING 2026-10-07 15:47:33 ts/utils.py:121 Relative goal position magnitude had to be clamped to be safe.
{   'elbow_flex': {   'original goal_pos': 167.42857142857142,
                      'safe goal_pos': 4.208791208791209},
    'shoulder_lift': {   'original goal_pos': 144.74725274725276,
                         'safe goal_pos': 135.28571428571428},
    'wrist_flex': {   'original goal_pos': 11.384615384615385,
                      'safe goal_pos': 9.307692307692307}}
WARNING 2026-10-07 15:47:34 ts/utils.py:121 Relative goal position magnitude had to be clamped to be safe.
{   'elbow_flex': {   'original goal_pos': 167.42857142857142,
                      'safe goal_pos': 4.208791208791209},
    'shoulder_lift': {   'original goal_pos': 142.54945054945054,
                         'safe goal_pos': 135.28571428571428},
    'wrist_flex': {   'original goal_pos': 13.142857142857142,
                      'safe goal_pos': 10.89010989010989}}
WARNING 2026-10-07 15:47:34 ts/utils.py:121 Relative goal position magnitude had to be clamped to be safe.
{   'elbow_flex': {   'original goal_pos': 167.42857142857142,
                      'safe goal_pos': 4.208791208791209},
    'shoulder_lift': {   'original goal_pos': 140.52747252747253,
                         'safe goal_pos': 135.28571428571428},
    'wrist_flex': {   'original goal_pos': 14.989010989010989,
                      'safe goal_pos': 12.384615384615385}}
WARNING 2026-10-07 15:47:34 ts/utils.py:121 Relative goal position magnitude had to be clamped to be safe.
{   'elbow_flex': {   'original goal_pos': 167.42857142857142,
                      'safe goal_pos': 4.208791208791209},
    'shoulder_lift': {   'original goal_pos': 138.5054945054945,
                         'safe goal_pos': 135.28571428571428},
    'wrist_flex': {   'original goal_pos': 16.571428571428573,
                      'safe goal_pos': 13.87912087912088}}
WARNING 2026-10-07 15:47:34 ts/utils.py:121 Relative goal position magnitude had to be clamped to be safe.
{   'elbow_flex': {   'original goal_pos': 167.42857142857142,
                      'safe goal_pos': 4.208791208791209},
    'shoulder_lift': {   'original goal_pos': 136.4835164835165,
                         'safe goal_pos': 135.28571428571428},
    'wrist_flex': {   'original goal_pos': 17.89010989010989,
                      'safe goal_pos': 15.373626373626374}}
WARNING 2026-10-07 15:47:34 ts/utils.py:121 Relative goal position magnitude had to be clamped to be safe.
{   'elbow_flex': {   'original goal_pos': 167.42857142857142,
                      'safe goal_pos': 4.208791208791209},
    'wrist_flex': {   'original goal_pos': 18.857142857142858,
                      'safe goal_pos': 16.86813186813187}}
WARNING 2026-10-07 15:47:34 ts/utils.py:121 Relative goal position magnitude had to be clamped to be safe.
{   'elbow_flex': {   'original goal_pos': 167.42857142857142,
                      'safe goal_pos': 4.208791208791209},
    'wrist_flex': {   'original goal_pos': 19.64835164835165,
                      'safe goal_pos': 18.362637362637365}}
WARNING 2026-10-07 15:47:34 ts/utils.py:121 Relative goal position magnitude had to be clamped to be safe.
{   'elbow_flex': {   'original goal_pos': 167.42857142857142,
                      'safe goal_pos': 4.208791208791209},
    'wrist_flex': {   'original goal_pos': 20.791208791208792,
                      'safe goal_pos': 19.857142857142858}}
WARNING 2026-10-07 15:47:34 ts/utils.py:121 Relative goal position magnitude had to be clamped to be safe.
{   'elbow_flex': {   'original goal_pos': 167.42857142857142,
                      'safe goal_pos': 4.208791208791209},
    'wrist_flex': {   'original goal_pos': 22.373626373626372,
                      'safe goal_pos': 21.263736263736263}}
WARNING 2026-10-07 15:47:34 ts/utils.py:121 Relative goal position magnitude had to be clamped to be safe.
{   'elbow_flex': {   'original goal_pos': 167.42857142857142,
                      'safe goal_pos': 4.208791208791209},
    'wrist_flex': {   'original goal_pos': 24.043956043956044,
                      'safe goal_pos': 22.934065934065934}}
WARNING 2026-10-07 15:47:34 ts/utils.py:121 Relative goal position magnitude had to be clamped to be safe.
{   'elbow_flex': {   'original goal_pos': 167.42857142857142,
                      'safe goal_pos': 4.2967032967032965},
    'shoulder_lift': {   'original goal_pos': 122.50549450549451,
                         'safe goal_pos': 123.0},
    'wrist_flex': {   'original goal_pos': 25.45054945054945,
                      'safe goal_pos': 24.34065934065934}}
WARNING 2026-10-07 15:47:34 ts/utils.py:121 Relative goal position magnitude had to be clamped to be safe.
{   'elbow_flex': {   'original goal_pos': 167.42857142857142,
                      'safe goal_pos': 4.384615384615385},
    'shoulder_lift': {   'original goal_pos': 120.3956043956044,
                         'safe goal_pos': 121.24175824175825},
    'wrist_flex': {   'original goal_pos': 26.945054945054945,
                      'safe goal_pos': 25.923076923076923}}
WARNING 2026-10-07 15:47:34 ts/utils.py:121 Relative goal position magnitude had to be clamped to be safe.
{   'elbow_flex': {   'original goal_pos': 167.42857142857142,
                      'safe goal_pos': 4.472527472527473},
    'shoulder_lift': {   'original goal_pos': 118.1978021978022,
                         'safe goal_pos': 119.65934065934066},
    'wrist_flex': {   'original goal_pos': 28.263736263736263,
                      'safe goal_pos': 27.32967032967033}}
WARNING 2026-10-07 15:47:34 ts/utils.py:121 Relative goal position magnitude had to be clamped to be safe.
{   'elbow_flex': {   'original goal_pos': 167.42857142857142,
                      'safe goal_pos': 4.648351648351649},
    'shoulder_lift': {   'original goal_pos': 116.26373626373626,
                         'safe goal_pos': 118.16483516483517},
    'wrist_flex': {   'original goal_pos': 29.318681318681318,
                      'safe goal_pos': 28.912087912087912}}
WARNING 2026-10-07 15:47:34 ts/utils.py:121 Relative goal position magnitude had to be clamped to be safe.
{   'elbow_flex': {   'original goal_pos': 167.42857142857142,
                      'safe goal_pos': 4.736263736263736},
    'shoulder_lift': {   'original goal_pos': 114.50549450549451,
                         'safe goal_pos': 116.58241758241758}}
WARNING 2026-10-07 15:47:34 ts/utils.py:121 Relative goal position magnitude had to be clamped to be safe.
{   'elbow_flex': {   'original goal_pos': 167.42857142857142,
                      'safe goal_pos': 4.824175824175824},
    'shoulder_lift': {   'original goal_pos': 113.01098901098901,
                         'safe goal_pos': 115.35164835164835}}
WARNING 2026-10-07 15:47:34 ts/utils.py:121 Relative goal position magnitude had to be clamped to be safe.
{   'elbow_flex': {   'original goal_pos': 167.42857142857142,
                      'safe goal_pos': 4.912087912087912},
    'shoulder_lift': {   'original goal_pos': 111.78021978021978,
                         'safe goal_pos': 113.94505494505495}}
WARNING 2026-10-07 15:47:34 ts/utils.py:121 Relative goal position magnitude had to be clamped to be safe.
{   'elbow_flex': {   'original goal_pos': 167.42857142857142,
                      'safe goal_pos': 5.175824175824176},
    'shoulder_lift': {   'original goal_pos': 110.81318681318682,
                         'safe goal_pos': 112.53846153846153}}
WARNING 2026-10-07 15:47:34 ts/utils.py:121 Relative goal position magnitude had to be clamped to be safe.
{   'elbow_flex': {   'original goal_pos': 167.42857142857142,
                      'safe goal_pos': 5.43956043956044},
    'shoulder_lift': {   'original goal_pos': 109.93406593406593,
                         'safe goal_pos': 111.13186813186813}}
WARNING 2026-10-07 15:47:34 ts/utils.py:121 Relative goal position magnitude had to be clamped to be safe.
{   'elbow_flex': {   'original goal_pos': 167.42857142857142,
                      'safe goal_pos': 5.791208791208791},
    'shoulder_lift': {   'original goal_pos': 109.05494505494505,
                         'safe goal_pos': 109.72527472527473}}
WARNING 2026-10-07 15:47:34 ts/utils.py:121 Relative goal position magnitude had to be clamped to be safe.
{   'elbow_flex': {   'original goal_pos': 167.42857142857142,
                      'safe goal_pos': 6.142857142857142},
    'shoulder_lift': {   'original goal_pos': 108.26373626373626,
                         'safe goal_pos': 108.4065934065934}}
WARNING 2026-10-07 15:47:34 ts/utils.py:121 Relative goal position magnitude had to be clamped to be safe.
{   'elbow_flex': {   'original goal_pos': 167.42857142857142,
                      'safe goal_pos': 6.406593406593407}}
WARNING 2026-10-07 15:47:34 ts/utils.py:121 Relative goal position magnitude had to be clamped to be safe.
{   'elbow_flex': {   'original goal_pos': 167.42857142857142,
                      'safe goal_pos': 6.670329670329671}}
WARNING 2026-10-07 15:47:34 ts/utils.py:121 Relative goal position magnitude had to be clamped to be safe.
{   'elbow_flex': {   'original goal_pos': 167.42857142857142,
                      'safe goal_pos': 7.021978021978022}}
WARNING 2026-10-07 15:47:34 ts/utils.py:121 Relative goal position magnitude had to be clamped to be safe.
{   'elbow_flex': {   'original goal_pos': 167.42857142857142,
                      'safe goal_pos': 7.285714285714286},
    'shoulder_lift': {   'original goal_pos': 103.07692307692308,
                         'safe goal_pos': 103.13186813186813}}
WARNING 2026-10-07 15:47:34 ts/utils.py:121 Relative goal position magnitude had to be clamped to be safe.
{   'elbow_flex': {   'original goal_pos': 167.42857142857142,
                      'safe goal_pos': 7.461538461538462},
    'shoulder_lift': {   'original goal_pos': 101.23076923076923,
                         'safe goal_pos': 101.81318681318682},
    'wrist_flex': {   'original goal_pos': 36.26373626373626,
                      'safe goal_pos': 36.20879120879121}}
WARNING 2026-10-07 15:47:34 ts/utils.py:121 Relative goal position magnitude had to be clamped to be safe.
{   'elbow_flex': {   'original goal_pos': 167.42857142857142,
                      'safe goal_pos': 7.549450549450549},
    'shoulder_lift': {   'original goal_pos': 99.2967032967033,
                         'safe goal_pos': 100.58241758241758},
    'wrist_flex': {   'original goal_pos': 39.252747252747255,
                      'safe goal_pos': 37.527472527472526}}
WARNING 2026-10-07 15:47:34 ts/utils.py:121 Relative goal position magnitude had to be clamped to be safe.
{   'elbow_flex': {   'original goal_pos': 167.42857142857142,
                      'safe goal_pos': 7.549450549450549},
    'shoulder_lift': {   'original goal_pos': 97.18681318681318,
                         'safe goal_pos': 99.52747252747253},
    'wrist_flex': {   'original goal_pos': 42.065934065934066,
                      'safe goal_pos': 39.10989010989011}}
WARNING 2026-10-07 15:47:34 ts/utils.py:121 Relative goal position magnitude had to be clamped to be safe.
{   'elbow_flex': {   'original goal_pos': 167.42857142857142,
                      'safe goal_pos': 7.549450549450549},
    'shoulder_lift': {   'original goal_pos': 95.16483516483517,
                         'safe goal_pos': 98.47252747252747},
    'wrist_flex': {   'original goal_pos': 44.967032967032964,
                      'safe goal_pos': 40.604395604395606}}
WARNING 2026-10-07 15:47:34 ts/utils.py:121 Relative goal position magnitude had to be clamped to be safe.
{   'elbow_flex': {   'original goal_pos': 167.42857142857142,
                      'safe goal_pos': 7.549450549450549},
    'shoulder_lift': {   'original goal_pos': 93.14285714285714,
                         'safe goal_pos': 97.41758241758242},
    'wrist_flex': {   'original goal_pos': 47.51648351648352,
                      'safe goal_pos': 42.0989010989011}}
WARNING 2026-10-07 15:47:34 ts/utils.py:121 Relative goal position magnitude had to be clamped to be safe.
{   'elbow_flex': {   'original goal_pos': 167.42857142857142,
                      'safe goal_pos': 7.549450549450549},
    'shoulder_lift': {   'original goal_pos': 91.38461538461539,
                         'safe goal_pos': 96.36263736263736},
    'wrist_flex': {   'original goal_pos': 49.714285714285715,
                      'safe goal_pos': 43.59340659340659}}
WARNING 2026-10-07 15:47:35 ts/utils.py:121 Relative goal position magnitude had to be clamped to be safe.
{   'elbow_flex': {   'original goal_pos': 167.42857142857142,
                      'safe goal_pos': 7.549450549450549},
    'shoulder_lift': {   'original goal_pos': 89.62637362637362,
                         'safe goal_pos': 95.3076923076923},
    'wrist_flex': {   'original goal_pos': 51.73626373626374,
                      'safe goal_pos': 45.08791208791209}}
WARNING 2026-10-07 15:47:35 ts/utils.py:121 Relative goal position magnitude had to be clamped to be safe.
{   'elbow_flex': {   'original goal_pos': 167.42857142857142,
                      'safe goal_pos': 7.549450549450549},
    'shoulder_lift': {   'original goal_pos': 87.95604395604396,
                         'safe goal_pos': 94.25274725274726},
    'wrist_flex': {   'original goal_pos': 53.582417582417584,
                      'safe goal_pos': 46.67032967032967}}
WARNING 2026-10-07 15:47:35 ts/utils.py:121 Relative goal position magnitude had to be clamped to be safe.
{   'elbow_flex': {   'original goal_pos': 167.42857142857142,
                      'safe goal_pos': 7.549450549450549},
    'shoulder_lift': {   'original goal_pos': 86.28571428571429,
                         'safe goal_pos': 93.1978021978022},
    'wrist_flex': {   'original goal_pos': 55.07692307692308,
                      'safe goal_pos': 48.16483516483517}}
WARNING 2026-10-07 15:47:35 ts/utils.py:121 Relative goal position magnitude had to be clamped to be safe.
{   'elbow_flex': {   'original goal_pos': 167.42857142857142,
                      'safe goal_pos': 7.549450549450549},
    'shoulder_lift': {   'original goal_pos': 84.61538461538461,
                         'safe goal_pos': 92.23076923076923},
    'wrist_flex': {   'original goal_pos': 56.13186813186813,
                      'safe goal_pos': 49.65934065934066}}
WARNING 2026-10-07 15:47:35 ts/utils.py:121 Relative goal position magnitude had to be clamped to be safe.
{   'elbow_flex': {   'original goal_pos': 167.42857142857142,
                      'safe goal_pos': 7.549450549450549},
    'shoulder_lift': {   'original goal_pos': 82.94505494505495,
                         'safe goal_pos': 91.17582417582418},
    'wrist_flex': {   'original goal_pos': 57.0989010989011,
                      'safe goal_pos': 51.065934065934066}}
WARNING 2026-10-07 15:47:35 ts/utils.py:121 Relative goal position magnitude had to be clamped to be safe.
{   'elbow_flex': {   'original goal_pos': 167.5164835164835,
                      'safe goal_pos': 7.549450549450549},
    'shoulder_lift': {   'original goal_pos': 81.36263736263736,
                         'safe goal_pos': 90.12087912087912},
    'wrist_flex': {   'original goal_pos': 58.24175824175824,
                      'safe goal_pos': 52.64835164835165}}
WARNING 2026-10-07 15:47:35 ts/utils.py:121 Relative goal position magnitude had to be clamped to be safe.
{   'elbow_flex': {   'original goal_pos': 167.5164835164835,
                      'safe goal_pos': 7.549450549450549},
    'shoulder_lift': {   'original goal_pos': 79.86813186813187,
                         'safe goal_pos': 88.97802197802197},
    'wrist_flex': {   'original goal_pos': 59.120879120879124,
                      'safe goal_pos': 54.142857142857146}}
WARNING 2026-10-07 15:47:35 ts/utils.py:121 Relative goal position magnitude had to be clamped to be safe.
{   'elbow_flex': {   'original goal_pos': 167.5164835164835,
                      'safe goal_pos': 7.461538461538462},
    'shoulder_lift': {   'original goal_pos': 78.54945054945055,
                         'safe goal_pos': 88.01098901098901},
    'wrist_flex': {   'original goal_pos': 59.472527472527474,
                      'safe goal_pos': 55.637362637362635}}
WARNING 2026-10-07 15:47:35 ts/utils.py:121 Relative goal position magnitude had to be clamped to be safe.
{   'elbow_flex': {   'original goal_pos': 167.5164835164835,
                      'safe goal_pos': 7.461538461538462},
    'shoulder_lift': {   'original goal_pos': 77.14285714285714,
                         'safe goal_pos': 86.86813186813187},
    'wrist_flex': {   'original goal_pos': 59.64835164835165,
                      'safe goal_pos': 57.13186813186813}}
WARNING 2026-10-07 15:47:35 ts/utils.py:121 Relative goal position magnitude had to be clamped to be safe.
{   'elbow_flex': {   'original goal_pos': 167.5164835164835,
                      'safe goal_pos': 7.461538461538462},
    'shoulder_lift': {   'original goal_pos': 75.64835164835165,
                         'safe goal_pos': 85.81318681318682},
    'wrist_flex': {   'original goal_pos': 59.73626373626374,
                      'safe goal_pos': 58.62637362637363}}
WARNING 2026-10-07 15:47:35 ts/utils.py:121 Relative goal position magnitude had to be clamped to be safe.
{   'elbow_flex': {   'original goal_pos': 167.5164835164835,
                      'safe goal_pos': 7.461538461538462},
    'shoulder_lift': {   'original goal_pos': 73.97802197802197,
                         'safe goal_pos': 84.75824175824175}}
WARNING 2026-10-07 15:47:35 ts/utils.py:121 Relative goal position magnitude had to be clamped to be safe.
{   'elbow_flex': {   'original goal_pos': 167.5164835164835,
                      'safe goal_pos': 7.461538461538462},
    'shoulder_lift': {   'original goal_pos': 72.21978021978022,
                         'safe goal_pos': 83.61538461538461}}
WARNING 2026-10-07 15:47:35 ts/utils.py:121 Relative goal position magnitude had to be clamped to be safe.
{   'elbow_flex': {   'original goal_pos': 167.5164835164835,
                      'safe goal_pos': 7.461538461538462},
    'shoulder_lift': {   'original goal_pos': 70.54945054945055,
                         'safe goal_pos': 82.64835164835165}}
WARNING 2026-10-07 15:47:35 ts/utils.py:121 Relative goal position magnitude had to be clamped to be safe.
{   'elbow_flex': {   'original goal_pos': 167.5164835164835,
                      'safe goal_pos': 7.461538461538462},
    'shoulder_lift': {   'original goal_pos': 68.87912087912088,
                         'safe goal_pos': 81.50549450549451}}
WARNING 2026-10-07 15:47:35 ts/utils.py:121 Relative goal position magnitude had to be clamped to be safe.
{   'elbow_flex': {   'original goal_pos': 167.5164835164835,
                      'safe goal_pos': 7.461538461538462},
    'shoulder_lift': {   'original goal_pos': 67.2967032967033,
                         'safe goal_pos': 80.45054945054945}}
WARNING 2026-10-07 15:47:35 ts/utils.py:121 Relative goal position magnitude had to be clamped to be safe.
{   'elbow_flex': {   'original goal_pos': 167.5164835164835,
                      'safe goal_pos': 7.373626373626374},
    'shoulder_lift': {   'original goal_pos': 65.8021978021978,
                         'safe goal_pos': 79.3076923076923}}
WARNING 2026-10-07 15:47:35 ts/utils.py:121 Relative goal position magnitude had to be clamped to be safe.
{   'elbow_flex': {   'original goal_pos': 167.5164835164835,
                      'safe goal_pos': 7.373626373626374},
    'shoulder_lift': {   'original goal_pos': 64.3956043956044,
                         'safe goal_pos': 78.16483516483517}}
WARNING 2026-10-07 15:47:35 ts/utils.py:121 Relative goal position magnitude had to be clamped to be safe.
{   'elbow_flex': {   'original goal_pos': 167.5164835164835,
                      'safe goal_pos': 7.373626373626374},
    'shoulder_lift': {   'original goal_pos': 62.989010989010985,
                         'safe goal_pos': 77.10989010989012}}
WARNING 2026-10-07 15:47:35 ts/utils.py:121 Relative goal position magnitude had to be clamped to be safe.
{   'elbow_flex': {   'original goal_pos': 167.5164835164835,
                      'safe goal_pos': 7.373626373626374},
    'shoulder_lift': {   'original goal_pos': 61.75824175824176,
                         'safe goal_pos': 75.96703296703296}}
WARNING 2026-10-07 15:47:35 ts/utils.py:121 Relative goal position magnitude had to be clamped to be safe.
{   'elbow_flex': {   'original goal_pos': 167.5164835164835,
                      'safe goal_pos': 7.373626373626374},
    'shoulder_lift': {   'original goal_pos': 60.79120879120879,
                         'safe goal_pos': 74.82417582417582}}
WARNING 2026-10-07 15:47:35 ts/utils.py:121 Relative goal position magnitude had to be clamped to be safe.
{   'elbow_flex': {   'original goal_pos': 167.5164835164835,
                      'safe goal_pos': 7.373626373626374},
    'shoulder_lift': {   'original goal_pos': 59.56043956043956,
                         'safe goal_pos': 73.76923076923077}}
WARNING 2026-10-07 15:47:35 ts/utils.py:121 Relative goal position magnitude had to be clamped to be safe.
{   'elbow_flex': {   'original goal_pos': 167.5164835164835,
                      'safe goal_pos': 7.373626373626374},
    'shoulder_lift': {   'original goal_pos': 58.76923076923077,
                         'safe goal_pos': 72.62637362637362}}
WARNING 2026-10-07 15:47:35 ts/utils.py:121 Relative goal position magnitude had to be clamped to be safe.
{   'elbow_flex': {   'original goal_pos': 167.5164835164835,
                      'safe goal_pos': 7.373626373626374},
    'shoulder_lift': {   'original goal_pos': 58.15384615384615,
                         'safe goal_pos': 71.3956043956044},
    'wrist_flex': {   'original goal_pos': 53.67032967032967,
                      'safe goal_pos': 54.07692307692308}}
WARNING 2026-10-07 15:47:35 ts/utils.py:121 Relative goal position magnitude had to be clamped to be safe.
{   'elbow_flex': {   'original goal_pos': 167.5164835164835,
                      'safe goal_pos': 7.373626373626374},
    'shoulder_lift': {   'original goal_pos': 57.62637362637363,
                         'safe goal_pos': 70.34065934065934},
    'wrist_flex': {   'original goal_pos': 51.032967032967036,
                      'safe goal_pos': 53.02197802197802}}
WARNING 2026-10-07 15:47:35 ts/utils.py:121 Relative goal position magnitude had to be clamped to be safe.
{   'elbow_flex': {   'original goal_pos': 167.5164835164835,
                      'safe goal_pos': 7.373626373626374},
    'shoulder_lift': {   'original goal_pos': 57.362637362637365,
                         'safe goal_pos': 69.1978021978022},
    'wrist_flex': {   'original goal_pos': 48.13186813186813,
                      'safe goal_pos': 51.527472527472526}}
WARNING 2026-10-07 15:47:35 ts/utils.py:121 Relative goal position magnitude had to be clamped to be safe.
{   'elbow_flex': {   'original goal_pos': 167.5164835164835,
                      'safe goal_pos': 7.373626373626374},
    'shoulder_lift': {   'original goal_pos': 57.18681318681319,
                         'safe goal_pos': 67.96703296703296},
    'wrist_flex': {   'original goal_pos': 45.494505494505496,
                      'safe goal_pos': 50.2967032967033}}
WARNING 2026-10-07 15:47:35 ts/utils.py:121 Relative goal position magnitude had to be clamped to be safe.
{   'elbow_flex': {   'original goal_pos': 167.5164835164835,
                      'safe goal_pos': 7.373626373626374},
    'shoulder_lift': {   'original goal_pos': 57.0989010989011,
                         'safe goal_pos': 66.82417582417582},
    'wrist_flex': {   'original goal_pos': 43.20879120879121,
                      'safe goal_pos': 49.065934065934066}}
WARNING 2026-10-07 15:47:35 ts/utils.py:121 Relative goal position magnitude had to be clamped to be safe.
{   'elbow_flex': {   'original goal_pos': 167.5164835164835,
                      'safe goal_pos': 7.373626373626374},
    'shoulder_lift': {   'original goal_pos': 57.0989010989011,
                         'safe goal_pos': 65.5934065934066},
    'wrist_flex': {   'original goal_pos': 41.27472527472528,
                      'safe goal_pos': 47.65934065934066}}
WARNING 2026-10-07 15:47:35 ts/utils.py:121 Relative goal position magnitude had to be clamped to be safe.
{   'elbow_flex': {   'original goal_pos': 167.5164835164835,
                      'safe goal_pos': 7.373626373626374},
    'shoulder_lift': {   'original goal_pos': 57.18681318681319,
                         'safe goal_pos': 64.45054945054945},
    'wrist_flex': {   'original goal_pos': 39.604395604395606,
                      'safe goal_pos': 46.42857142857143}}
WARNING 2026-10-07 15:47:35 ts/utils.py:121 Relative goal position magnitude had to be clamped to be safe.
{   'elbow_flex': {   'original goal_pos': 167.5164835164835,
                      'safe goal_pos': 7.373626373626374},
    'shoulder_lift': {   'original goal_pos': 57.27472527472528,
                         'safe goal_pos': 63.21978021978022},
    'wrist_flex': {   'original goal_pos': 38.10989010989011,
                      'safe goal_pos': 45.02197802197802}}
WARNING 2026-10-07 15:47:36 ts/utils.py:121 Relative goal position magnitude had to be clamped to be safe.
{   'elbow_flex': {   'original goal_pos': 167.5164835164835,
                      'safe goal_pos': 7.373626373626374},
    'shoulder_lift': {   'original goal_pos': 57.362637362637365,
                         'safe goal_pos': 61.98901098901099},
    'wrist_flex': {   'original goal_pos': 36.43956043956044,
                      'safe goal_pos': 43.7032967032967}}
WARNING 2026-10-07 15:47:36 ts/utils.py:121 Relative goal position magnitude had to be clamped to be safe.
{   'elbow_flex': {   'original goal_pos': 167.5164835164835,
                      'safe goal_pos': 7.373626373626374},
    'shoulder_lift': {   'original goal_pos': 57.362637362637365,
                         'safe goal_pos': 60.670329670329664},
    'wrist_flex': {   'original goal_pos': 34.857142857142854,
                      'safe goal_pos': 42.472527472527474}}
WARNING 2026-10-07 15:47:36 ts/utils.py:121 Relative goal position magnitude had to be clamped to be safe.
{   'elbow_flex': {   'original goal_pos': 167.5164835164835,
                      'safe goal_pos': 7.373626373626374},
    'shoulder_lift': {   'original goal_pos': 57.45054945054945,
                         'safe goal_pos': 59.527472527472526},
    'wrist_flex': {   'original goal_pos': 33.27472527472528,
                      'safe goal_pos': 41.065934065934066}}
WARNING 2026-10-07 15:47:36 ts/utils.py:121 Relative goal position magnitude had to be clamped to be safe.
{   'elbow_flex': {   'original goal_pos': 167.5164835164835,
                      'safe goal_pos': 7.373626373626374},
    'shoulder_lift': {   'original goal_pos': 57.714285714285715,
                         'safe goal_pos': 58.20879120879121},
    'wrist_flex': {   'original goal_pos': 31.076923076923077,
                      'safe goal_pos': 39.83516483516483}}
WARNING 2026-10-07 15:47:36 ts/utils.py:121 Relative goal position magnitude had to be clamped to be safe.
{   'elbow_flex': {   'original goal_pos': 167.5164835164835,
                      'safe goal_pos': 7.373626373626374},
    'wrist_flex': {   'original goal_pos': 28.35164835164835,
                      'safe goal_pos': 38.51648351648352}}
WARNING 2026-10-07 15:47:36 ts/utils.py:121 Relative goal position magnitude had to be clamped to be safe.
{   'elbow_flex': {   'original goal_pos': 167.5164835164835,
                      'safe goal_pos': 7.373626373626374},
    'wrist_flex': {   'original goal_pos': 25.53846153846154,
                      'safe goal_pos': 37.1978021978022}}
WARNING 2026-10-07 15:47:36 ts/utils.py:121 Relative goal position magnitude had to be clamped to be safe.
{   'elbow_flex': {   'original goal_pos': 167.5164835164835,
                      'safe goal_pos': 7.373626373626374},
    'wrist_flex': {   'original goal_pos': 23.076923076923077,
                      'safe goal_pos': 35.879120879120876}}
WARNING 2026-10-07 15:47:36 ts/utils.py:121 Relative goal position magnitude had to be clamped to be safe.
{   'elbow_flex': {   'original goal_pos': 167.5164835164835,
                      'safe goal_pos': 7.373626373626374},
    'wrist_flex': {   'original goal_pos': 20.703296703296704,
                      'safe goal_pos': 34.472527472527474}}
WARNING 2026-10-07 15:47:36 ts/utils.py:121 Relative goal position magnitude had to be clamped to be safe.
{   'elbow_flex': {   'original goal_pos': 167.5164835164835,
                      'safe goal_pos': 7.373626373626374},
    'wrist_flex': {   'original goal_pos': 18.417582417582416,
                      'safe goal_pos': 33.24175824175824}}
WARNING 2026-10-07 15:47:36 ts/utils.py:121 Relative goal position magnitude had to be clamped to be safe.
{   'elbow_flex': {   'original goal_pos': 167.5164835164835,
                      'safe goal_pos': 7.373626373626374},
    'wrist_flex': {   'original goal_pos': 16.21978021978022,
                      'safe goal_pos': 31.835164835164832}}
WARNING 2026-10-07 15:47:36 ts/utils.py:121 Relative goal position magnitude had to be clamped to be safe.
{   'elbow_flex': {   'original goal_pos': 167.5164835164835,
                      'safe goal_pos': 7.373626373626374},
    'wrist_flex': {   'original goal_pos': 14.461538461538462,
                      'safe goal_pos': 30.516483516483518}}
WARNING 2026-10-07 15:47:36 ts/utils.py:121 Relative goal position magnitude had to be clamped to be safe.
{   'elbow_flex': {   'original goal_pos': 167.5164835164835,
                      'safe goal_pos': 7.373626373626374},
    'wrist_flex': {   'original goal_pos': 12.87912087912088,
                      'safe goal_pos': 29.10989010989011}}
WARNING 2026-10-07 15:47:36 ts/utils.py:121 Relative goal position magnitude had to be clamped to be safe.
{   'elbow_flex': {   'original goal_pos': 167.5164835164835,
                      'safe goal_pos': 7.373626373626374},
    'wrist_flex': {   'original goal_pos': 11.472527472527473,
                      'safe goal_pos': 27.79120879120879}}
WARNING 2026-10-07 15:47:36 ts/utils.py:121 Relative goal position magnitude had to be clamped to be safe.
{   'elbow_flex': {   'original goal_pos': 167.5164835164835,
                      'safe goal_pos': 7.373626373626374},
    'wrist_flex': {   'original goal_pos': 9.45054945054945,
                      'safe goal_pos': 26.47252747252747}}
WARNING 2026-10-07 15:47:36 ts/utils.py:121 Relative goal position magnitude had to be clamped to be safe.
{   'elbow_flex': {   'original goal_pos': 167.5164835164835,
                      'safe goal_pos': 7.373626373626374},
    'wrist_flex': {   'original goal_pos': 6.285714285714286,
                      'safe goal_pos': 25.065934065934066}}
WARNING 2026-10-07 15:47:36 ts/utils.py:121 Relative goal position magnitude had to be clamped to be safe.
{   'elbow_flex': {   'original goal_pos': 167.5164835164835,
                      'safe goal_pos': 7.373626373626374},
    'wrist_flex': {   'original goal_pos': 3.208791208791209,
                      'safe goal_pos': 23.835164835164836}}
WARNING 2026-10-07 15:47:36 ts/utils.py:121 Relative goal position magnitude had to be clamped to be safe.
{   'elbow_flex': {   'original goal_pos': 167.5164835164835,
                      'safe goal_pos': 7.373626373626374},
    'wrist_flex': {   'original goal_pos': 0.4835164835164835,
                      'safe goal_pos': 22.428571428571427}}
WARNING 2026-10-07 15:47:36 ts/utils.py:121 Relative goal position magnitude had to be clamped to be safe.
{   'elbow_flex': {   'original goal_pos': 167.5164835164835,
                      'safe goal_pos': 7.373626373626374},
    'wrist_flex': {   'original goal_pos': -1.3626373626373627,
                      'safe goal_pos': 21.10989010989011}}
WARNING 2026-10-07 15:47:36 ts/utils.py:121 Relative goal position magnitude had to be clamped to be safe.
{   'elbow_flex': {   'original goal_pos': 167.42857142857142,
                      'safe goal_pos': 7.373626373626374},
    'wrist_flex': {   'original goal_pos': -1.6263736263736264,
                      'safe goal_pos': 19.87912087912088}}
WARNING 2026-10-07 15:47:36 ts/utils.py:121 Relative goal position magnitude had to be clamped to be safe.
{   'elbow_flex': {   'original goal_pos': 167.42857142857142,
                      'safe goal_pos': 7.373626373626374},
    'wrist_flex': {   'original goal_pos': -0.9230769230769231,
                      'safe goal_pos': 18.384615384615383}}
WARNING 2026-10-07 15:47:36 ts/utils.py:121 Relative goal position magnitude had to be clamped to be safe.
{   'elbow_flex': {   'original goal_pos': 167.42857142857142,
                      'safe goal_pos': 7.373626373626374},
    'wrist_flex': {   'original goal_pos': -0.5714285714285714,
                      'safe goal_pos': 17.153846153846153}}
WARNING 2026-10-07 15:47:36 ts/utils.py:121 Relative goal position magnitude had to be clamped to be safe.
{   'elbow_flex': {   'original goal_pos': 167.42857142857142,
                      'safe goal_pos': 7.373626373626374},
    'wrist_flex': {   'original goal_pos': -0.5714285714285714,
                      'safe goal_pos': 15.747252747252748}}
WARNING 2026-10-07 15:47:36 ts/utils.py:121 Relative goal position magnitude had to be clamped to be safe.
{   'elbow_flex': {   'original goal_pos': 167.42857142857142,
                      'safe goal_pos': 7.373626373626374},
    'wrist_flex': {   'original goal_pos': -0.5714285714285714,
                      'safe goal_pos': 14.428571428571427}}
WARNING 2026-10-07 15:47:36 ts/utils.py:121 Relative goal position magnitude had to be clamped to be safe.
{   'elbow_flex': {   'original goal_pos': 167.42857142857142,
                      'safe goal_pos': 7.373626373626374},
    'wrist_flex': {   'original goal_pos': -0.5714285714285714,
                      'safe goal_pos': 13.10989010989011}}
WARNING 2026-10-07 15:47:36 ts/utils.py:121 Relative goal position magnitude had to be clamped to be safe.
{   'elbow_flex': {   'original goal_pos': 167.42857142857142,
                      'safe goal_pos': 7.373626373626374},
    'wrist_flex': {   'original goal_pos': -0.5714285714285714,
                      'safe goal_pos': 11.703296703296704}}
WARNING 2026-10-07 15:47:36 ts/utils.py:121 Relative goal position magnitude had to be clamped to be safe.
{   'elbow_flex': {   'original goal_pos': 167.42857142857142,
                      'safe goal_pos': 7.373626373626374},
    'wrist_flex': {   'original goal_pos': -0.5714285714285714,
                      'safe goal_pos': 10.384615384615385}}
WARNING 2026-10-07 15:47:36 ts/utils.py:121 Relative goal position magnitude had to be clamped to be safe.
{   'elbow_flex': {   'original goal_pos': 167.42857142857142,
                      'safe goal_pos': 7.373626373626374},
    'wrist_flex': {   'original goal_pos': -0.5714285714285714,
                      'safe goal_pos': 9.065934065934066}}
WARNING 2026-10-07 15:47:36 ts/utils.py:121 Relative goal position magnitude had to be clamped to be safe.
{   'elbow_flex': {   'original goal_pos': 167.42857142857142,
                      'safe goal_pos': 7.373626373626374},
    'wrist_flex': {   'original goal_pos': -0.5714285714285714,
                      'safe goal_pos': 7.659340659340659}}
WARNING 2026-10-07 15:47:36 ts/utils.py:121 Relative goal position magnitude had to be clamped to be safe.
{   'elbow_flex': {   'original goal_pos': 167.42857142857142,
                      'safe goal_pos': 7.373626373626374},
    'wrist_flex': {   'original goal_pos': -0.5714285714285714,
                      'safe goal_pos': 6.340659340659341}}
WARNING 2026-10-07 15:47:36 ts/utils.py:121 Relative goal position magnitude had to be clamped to be safe.
{   'elbow_flex': {   'original goal_pos': 167.42857142857142,
                      'safe goal_pos': 7.373626373626374},
    'wrist_flex': {   'original goal_pos': -0.5714285714285714,
                      'safe goal_pos': 5.021978021978022}}
WARNING 2026-10-07 15:47:37 ts/utils.py:121 Relative goal position magnitude had to be clamped to be safe.
{   'elbow_flex': {   'original goal_pos': 167.42857142857142,
                      'safe goal_pos': 7.373626373626374},
    'wrist_flex': {   'original goal_pos': -0.5714285714285714,
                      'safe goal_pos': 3.615384615384615}}
WARNING 2026-10-07 15:47:37 ts/utils.py:121 Relative goal position magnitude had to be clamped to be safe.
{   'elbow_flex': {   'original goal_pos': 167.42857142857142,
                      'safe goal_pos': 7.373626373626374},
    'wrist_flex': {   'original goal_pos': -0.5714285714285714,
                      'safe goal_pos': 2.2967032967032965}}
WARNING 2026-10-07 15:47:37 ts/utils.py:121 Relative goal position magnitude had to be clamped to be safe.
{   'elbow_flex': {   'original goal_pos': 167.42857142857142,
                      'safe goal_pos': 7.373626373626374},
    'wrist_flex': {   'original goal_pos': -0.5714285714285714,
                      'safe goal_pos': 0.9780219780219781}}
WARNING 2026-10-07 15:47:37 ts/utils.py:121 Relative goal position magnitude had to be clamped to be safe.
{   'elbow_flex': {   'original goal_pos': 167.42857142857142,
                      'safe goal_pos': 7.373626373626374},
    'wrist_flex': {   'original goal_pos': -0.5714285714285714,
                      'safe goal_pos': -0.4285714285714288}}
WARNING 2026-10-07 15:47:37 ts/utils.py:121 Relative goal position magnitude had to be clamped to be safe.
{   'elbow_flex': {   'original goal_pos': 167.42857142857142,
                      'safe goal_pos': 7.373626373626374}}
WARNING 2026-10-07 15:47:37 ts/utils.py:121 Relative goal position magnitude had to be clamped to be safe.
{   'elbow_flex': {   'original goal_pos': 167.42857142857142,
                      'safe goal_pos': 7.373626373626374}}
WARNING 2026-10-07 15:47:37 ts/utils.py:121 Relative goal position magnitude had to be clamped to be safe.
{   'elbow_flex': {   'original goal_pos': 167.42857142857142,
                      'safe goal_pos': 7.373626373626374}}
WARNING 2026-10-07 15:47:37 ts/utils.py:121 Relative goal position magnitude had to be clamped to be safe.
{   'elbow_flex': {   'original goal_pos': 167.5164835164835,
                      'safe goal_pos': 7.373626373626374}}
WARNING 2026-10-07 15:47:37 ts/utils.py:121 Relative goal position magnitude had to be clamped to be safe.
{   'elbow_flex': {   'original goal_pos': 167.6043956043956,
                      'safe goal_pos': 7.373626373626374}}
WARNING 2026-10-07 15:47:37 ts/utils.py:121 Relative goal position magnitude had to be clamped to be safe.
{   'elbow_flex': {   'original goal_pos': 167.6043956043956,
                      'safe goal_pos': 7.373626373626374}}
WARNING 2026-10-07 15:47:37 ts/utils.py:121 Relative goal position magnitude had to be clamped to be safe.
{   'elbow_flex': {   'original goal_pos': 167.6043956043956,
                      'safe goal_pos': 7.373626373626374},
    'wrist_flex': {   'original goal_pos': 6.285714285714286,
                      'safe goal_pos': 5.615384615384615}}
WARNING 2026-10-07 15:47:37 ts/utils.py:121 Relative goal position magnitude had to be clamped to be safe.
{   'elbow_flex': {   'original goal_pos': 167.5164835164835,
                      'safe goal_pos': 7.373626373626374},
    'wrist_flex': {   'original goal_pos': 8.923076923076923,
                      'safe goal_pos': 6.582417582417582}}
WARNING 2026-10-07 15:47:37 ts/utils.py:121 Relative goal position magnitude had to be clamped to be safe.
{   'elbow_flex': {   'original goal_pos': 167.5164835164835,
                      'safe goal_pos': 7.373626373626374},
    'wrist_flex': {   'original goal_pos': 11.296703296703297,
                      'safe goal_pos': 8.252747252747252}}
WARNING 2026-10-07 15:47:37 ts/utils.py:121 Relative goal position magnitude had to be clamped to be safe.
{   'elbow_flex': {   'original goal_pos': 167.5164835164835,
                      'safe goal_pos': 7.373626373626374},
    'wrist_flex': {   'original goal_pos': 13.054945054945055,
                      'safe goal_pos': 9.835164835164836}}
WARNING 2026-10-07 15:47:37 ts/utils.py:121 Relative goal position magnitude had to be clamped to be safe.
{   'elbow_flex': {   'original goal_pos': 167.5164835164835,
                      'safe goal_pos': 7.373626373626374},
    'wrist_flex': {   'original goal_pos': 14.373626373626374,
                      'safe goal_pos': 11.241758241758241}}
WARNING 2026-10-07 15:47:37 ts/utils.py:121 Relative goal position magnitude had to be clamped to be safe.
{   'elbow_flex': {   'original goal_pos': 167.5164835164835,
                      'safe goal_pos': 7.373626373626374},
    'wrist_flex': {   'original goal_pos': 15.076923076923077,
                      'safe goal_pos': 12.824175824175825}}

[1ATeleop loop time: 33.34ms (30 Hz)
[1ATeleop loop time: 33.36ms (30 Hz)
[1ATeleop loop time: 33.34ms (30 Hz)
[1ATeleop loop time: 33.35ms (30 Hz)
[1ATeleop loop time: 33.34ms (30 Hz)
[1ATeleop loop time: 33.36ms (30 Hz)
[1ATeleop loop time: 33.36ms (30 Hz)
[1ATeleop loop time: 33.35ms (30 Hz)
[1ATeleop loop time: 33.34ms (30 Hz)
[1ATeleop loop time: 33.34ms (30 Hz)
[1ATeleop loop time: 33.34ms (30 Hz)
[1ATeleop loop time: 33.34ms (30 Hz)
[1ATeleop loop time: 33.34ms (30 Hz)
[1ATeleop loop time: 33.34ms (30 Hz)
[1ATeleop loop time: 33.34ms (30 Hz)
[1ATeleop loop time: 33.34ms (30 Hz)
[1ATeleop loop time: 33.34ms (30 Hz)
[1ATeleop loop time: 33.34ms (30 Hz)
[1ATeleop loop time: 33.34ms (30 Hz)
[1ATeleop loop time: 33.34ms (30 Hz)
[1ATeleop loop time: 33.36ms (30 Hz)
[1ATeleop loop time: 33.34ms (30 Hz)
[1ATeleop loop time: 33.34ms (30 Hz)
[1ATeleop loop time: 33.34ms (30 Hz)
[1ATeleop loop time: 33.34ms (30 Hz)
[1ATeleop loop time: 33.34ms (30 Hz)
[1ATeleop loop time: 33.34ms (30 Hz)
[1ATeleop loop time: 33.34ms (30 Hz)
[1ATeleop loop time: 33.34ms (30 Hz)
[1ATeleop loop time: 33.34ms (30 Hz)
[1ATeleop loop time: 33.34ms (30 Hz)
[1ATeleop loop time: 33.35ms (30 Hz)
[1ATeleop loop time: 33.34ms (30 Hz)
[1ATeleop loop time: 33.36ms (30 Hz)
[1ATeleop loop time: 33.36ms (30 Hz)
[1ATeleop loop time: 33.37ms (30 Hz)
[1ATeleop loop time: 33.34ms (30 Hz)
[1ATeleop loop time: 33.34ms (30 Hz)
[1ATeleop loop time: 33.40ms (30 Hz)
[1ATeleop loop time: 33.34ms (30 Hz)
[1ATeleop loop time: 33.34ms (30 Hz)
[1ATeleop loop time: 33.34ms (30 Hz)
[1ATeleop loop time: 33.34ms (30 Hz)
[1ATeleop loop time: 33.34ms (30 Hz)
[1ATeleop loop time: 33.36ms (30 Hz)
[1ATeleop loop time: 33.35ms (30 Hz)
[1ATeleop loop time: 33.34ms (30 Hz)
[1ATeleop loop time: 33.34ms (30 Hz)
[1ATeleop loop time: 33.34ms (30 Hz)
[1ATeleop loop time: 33.34ms (30 Hz)
[1ATeleop loop time: 33.34ms (30 Hz)
[1ATeleop loop time: 33.34ms (30 Hz)
[1ATeleop loop time: 33.34ms (30 Hz)
[1ATeleop loop time: 33.35ms (30 Hz)
[1ATeleop loop time: 33.34ms (30 Hz)
[1ATeleop loop time: 33.34ms (30 Hz)
[1ATeleop loop time: 33.35ms (30 Hz)
[1ATeleop loop time: 33.34ms (30 Hz)
[1ATeleop loop time: 33.34ms (30 Hz)
[1ATeleop loop time: 33.34ms (30 Hz)
[1ATeleop loop time: 33.36ms (30 Hz)
[1ATeleop loop time: 33.35ms (30 Hz)
[1ATeleop loop time: 33.37ms (30 Hz)
[1ATeleop loop time: 33.34ms (30 Hz)
[1ATeleop loop time: 33.34ms (30 Hz)
[1ATeleop loop time: 33.34ms (30 Hz)
[1ATeleop loop time: 33.34ms (30 Hz)
[1ATeleop loop time: 33.34ms (30 Hz)
[1ATeleop loop time: 33.36ms (30 Hz)
[1ATeleop loop time: 33.34ms (30 Hz)
[1ATeleop loop time: 33.37ms (30 Hz)
[1ATeleop loop time: 33.37ms (30 Hz)
[1ATeleop loop time: 33.36ms (30 Hz)
[1ATeleop loop time: 33.34ms (30 Hz)
[1ATeleop loop time: 33.34ms (30 Hz)
[1ATeleop loop time: 33.35ms (30 Hz)
[1ATeleop loop time: 33.34ms (30 Hz)
[1ATeleop loop time: 33.34ms (30 Hz)
[1ATeleop loop time: 33.35ms (30 Hz)
[1ATeleop loop time: 33.34ms (30 Hz)
[1ATeleop loop time: 33.34ms (30 Hz)
[1ATeleop loop time: 33.34ms (30 Hz)
[1ATeleop loop time: 33.36ms (30 Hz)
[1ATeleop loop time: 33.34ms (30 Hz)
[1ATeleop loop time: 33.34ms (30 Hz)
[1ATeleop loop time: 33.34ms (30 Hz)
[1ATeleop loop time: 33.34ms (30 Hz)
[1ATeleop loop time: 33.36ms (30 Hz)
[1ATeleop loop time: 33.34ms (30 Hz)
[1ATeleop loop time: 33.34ms (30 Hz)
[1ATeleop loop time: 33.34ms (30 Hz)
[1ATeleop loop time: 33.36ms (30 Hz)
[1ATeleop loop time: 33.35ms (30 Hz)
[1ATeleop loop time: 33.34ms (30 Hz)
[1ATeleop loop time: 33.34ms (30 Hz)
[1ATeleop loop time: 33.36ms (30 Hz)
[1ATeleop loop time: 33.36ms (30 Hz)
[1ATeleop loop time: 33.34ms (30 Hz)
[1ATeleop loop time: 33.40ms (30 Hz)
[1ATeleop loop time: 33.35ms (30 Hz)
[1ATeleop loop time: 33.34ms (30 Hz)
[1ATeleop loop time: 33.37ms (30 Hz)
[1ATeleop loop time: 33.34ms (30 Hz)
[1ATeleop loop time: 33.34ms (30 Hz)
[1ATeleop loop time: 33.34ms (30 Hz)
[1ATeleop loop time: 33.34ms (30 Hz)
[1ATeleop loop time: 33.34ms (30 Hz)
[1ATeleop loop time: 33.36ms (30 Hz)
[1ATeleop loop time: 33.37ms (30 Hz)
[1ATeleop loop time: 33.36ms (30 Hz)
[1ATeleop loop time: 33.34ms (30 Hz)
[1ATeleop loop time: 33.34ms (30 Hz)
[1ATeleop loop time: 33.34ms (30 Hz)
[1ATeleop loop time: 33.34ms (30 Hz)
[1ATeleop loop time: 33.34ms (30 Hz)
[1ATeleop loop time: 33.36ms (30 Hz)
[1ATeleop loop time: 33.34ms (30 Hz)
[1ATeleop loop time: 33.34ms (30 Hz)
[1ATeleop loop time: 33.34ms (30 Hz)
[1ATeleop loop time: 33.34ms (30 Hz)
[1ATeleop loop time: 33.34ms (30 Hz)
[1ATeleop loop time: 33.34ms (30 Hz)
[1ATeleop loop time: 33.33ms (30 Hz)
[1ATeleop loop time: 33.34ms (30 Hz)
[1ATeleop loop time: 33.34ms (30 Hz)
[1ATeleop loop time: 33.34ms (30 Hz)
[1ATeleop loop time: 33.34ms (30 Hz)
[1ATeleop loop time: 33.36ms (30 Hz)
[1ATeleop loop time: 33.34ms (30 Hz)
[1ATeleop loop time: 33.34ms (30 Hz)
[1ATeleop loop time: 33.34ms (30 Hz)
[1ATeleop loop time: 33.34ms (30 Hz)
[1ATeleop loop time: 33.34ms (30 Hz)
[1ATeleop loop time: 33.34ms (30 Hz)
[1ATeleop loop time: 33.34ms (30 Hz)
[1ATeleop loop time: 33.34ms (30 Hz)
[1ATeleop loop time: 33.34ms (30 Hz)
[1ATeleop loop time: 33.34ms (30 Hz)
[1ATeleop loop time: 33.34ms (30 Hz)
[1ATeleop loop time: 33.36ms (30 Hz)
[1ATeleop loop time: 33.34ms (30 Hz)
[1ATeleop loop time: 33.34ms (30 Hz)
[1ATeleop loop time: 33.34ms (30 Hz)
[1ATeleop loop time: 33.35ms (30 Hz)
[1ATeleop loop time: 33.34ms (30 Hz)
[1ATeleop loop time: 33.34ms (30 Hz)
[1ATeleop loop time: 33.36ms (30 Hz)
[1ATeleop loop time: 33.34ms (30 Hz)
[1ATeleop loop time: 33.38ms (30 Hz)
[1ATeleop loop time: 33.34ms (30 Hz)
[1ATeleop loop time: 33.36ms (30 Hz)
[1ATeleop loop time: 33.34ms (30 Hz)
[1ATeleop loop time: 33.33ms (30 Hz)
[1ATeleop loop time: 33.34ms (30 Hz)
[1ATeleop loop time: 33.34ms (30 Hz)
[1ATeleop loop time: 33.34ms (30 Hz)
[1ATeleop loop time: 33.34ms (30 Hz)
[1ATeleop loop time: 33.34ms (30 Hz)
[1ATeleop loop time: 33.34ms (30 Hz)
[1ATeleop loop time: 33.34ms (30 Hz)
[1ATeleop loop time: 33.34ms (30 Hz)
[1ATeleop loop time: 33.34ms (30 Hz)
[1ATeleop loop time: 33.34ms (30 Hz)
[1ATeleop loop time: 33.34ms (30 Hz)
[1ATeleop loop time: 33.34ms (30 Hz)
[1ATeleop loop time: 33.34ms (30 Hz)
[1ATeleop loop time: 33.34ms (30 Hz)
[1ATeleop loop time: 33.34ms (30 Hz)
[1ATeleop loop time: 33.35ms (30 Hz)
[1ATeleop loop time: 33.34ms (30 Hz)
[1ATeleop loop time: 33.34ms (30 Hz)
[1ATeleop loop time: 33.34ms (30 Hz)
[1ATeleop loop time: 33.38ms (30 Hz)
[1ATeleop loop time: 33.34ms (30 Hz)
[1ATeleop loop time: 33.34ms (30 Hz)
[1ATeleop loop time: 33.36ms (30 Hz)
[1ATeleop loop time: 33.34ms (30 Hz)
[1ATeleop loop time: 33.34ms (30 Hz)
[1ATeleop loop time: 33.34ms (30 Hz)
[1ATeleop loop time: 33.34ms (30 Hz)
[1ATeleop loop time: 33.34ms (30 Hz)
[1ATeleop loop time: 33.34ms (30 Hz)
[1ATeleop loop time: 33.34ms (30 Hz)
[1ATeleop loop time: 33.34ms (30 Hz)
[1ATeleop loop time: 33.34ms (30 Hz)
[1ATeleop loop time: 33.34ms (30 Hz)
[1ATeleop loop time: 33.34ms (30 Hz)
[1ATeleop loop time: 33.34ms (30 Hz)
[1ATeleop loop time: 33.34ms (30 Hz)
[1ATeleop loop time: 33.34ms (30 Hz)
[1ATeleop loop time: 33.35ms (30 Hz)
[1ATeleop loop time: 33.34ms (30 Hz)
[1ATeleop loop time: 33.34ms (30 Hz)
[1ATeleop loop time: 33.36ms (30 Hz)
[1ATeleop loop time: 33.34ms (30 Hz)
[1ATeleop loop time: 33.34ms (30 Hz)
[1ATeleop loop time: 33.34ms (30 Hz)
[1ATeleop loop time: 33.34ms (30 Hz)
[1ATeleop loop time: 33.34ms (30 Hz)
[1ATeleop loop time: 33.37ms (30 Hz)
[1ATeleop loop time: 33.34ms (30 Hz)
[1ATeleop loop time: 33.34ms (30 Hz)
[1ATeleop loop time: 33.34ms (30 Hz)
[1ATeleop loop time: 33.34ms (30 Hz)
[1ATeleop loop time: 33.34ms (30 Hz)
[1ATeleop loop time: 33.34ms (30 Hz)
[1ATeleop loop time: 33.34ms (30 Hz)
[1ATeleop loop time: 33.36ms (30 Hz)
[1ATeleop loop time: 33.34ms (30 Hz)
[1ATeleop loop time: 33.34ms (30 Hz)
[1ATeleop loop time: 33.34ms (30 Hz)
[1ATeleop loop time: 33.34ms (30 Hz)
[1ATeleop loop time: 33.34ms (30 Hz)
[1ATeleop loop time: 33.34ms (30 Hz)
[1ATeleop loop time: 33.34ms (30 Hz)
[1ATeleop loop time: 33.34ms (30 Hz)WARNING 2026-10-07 15:47:37 ts/utils.py:121 Relative goal position magnitude had to be clamped to be safe.
{   'elbow_flex': {   'original goal_pos': 167.5164835164835,
                      'safe goal_pos': 7.373626373626374},
    'wrist_flex': {   'original goal_pos': 15.164835164835164,
                      'safe goal_pos': 14.31868131868132}}
WARNING 2026-10-07 15:47:37 ts/utils.py:121 Relative goal position magnitude had to be clamped to be safe.
{   'elbow_flex': {   'original goal_pos': 167.5164835164835,
                      'safe goal_pos': 7.373626373626374}}
WARNING 2026-10-07 15:47:37 ts/utils.py:121 Relative goal position magnitude had to be clamped to be safe.
{   'elbow_flex': {   'original goal_pos': 167.5164835164835,
                      'safe goal_pos': 7.373626373626374}}
WARNING 2026-10-07 15:47:37 ts/utils.py:121 Relative goal position magnitude had to be clamped to be safe.
{   'elbow_flex': {   'original goal_pos': 167.5164835164835,
                      'safe goal_pos': 7.373626373626374}}
WARNING 2026-10-07 15:47:37 ts/utils.py:121 Relative goal position magnitude had to be clamped to be safe.
{   'elbow_flex': {   'original goal_pos': 167.5164835164835,
                      'safe goal_pos': 7.373626373626374}}
WARNING 2026-10-07 15:47:37 ts/utils.py:121 Relative goal position magnitude had to be clamped to be safe.
{   'elbow_flex': {   'original goal_pos': 167.6043956043956,
                      'safe goal_pos': 7.373626373626374}}
WARNING 2026-10-07 15:47:37 ts/utils.py:121 Relative goal position magnitude had to be clamped to be safe.
{   'elbow_flex': {   'original goal_pos': 167.6043956043956,
                      'safe goal_pos': 7.373626373626374}}
WARNING 2026-10-07 15:47:37 ts/utils.py:121 Relative goal position magnitude had to be clamped to be safe.
{   'elbow_flex': {   'original goal_pos': 167.6043956043956,
                      'safe goal_pos': 7.373626373626374}}
WARNING 2026-10-07 15:47:37 ts/utils.py:121 Relative goal position magnitude had to be clamped to be safe.
{   'elbow_flex': {   'original goal_pos': 167.6043956043956,
                      'safe goal_pos': 7.373626373626374}}
WARNING 2026-10-07 15:47:37 ts/utils.py:121 Relative goal position magnitude had to be clamped to be safe.
{   'elbow_flex': {   'original goal_pos': 167.6043956043956,
                      'safe goal_pos': 7.373626373626374}}
WARNING 2026-10-07 15:47:37 ts/utils.py:121 Relative goal position magnitude had to be clamped to be safe.
{   'elbow_flex': {   'original goal_pos': 167.86813186813185,
                      'safe goal_pos': 7.461538461538462}}
WARNING 2026-10-07 15:47:37 ts/utils.py:121 Relative goal position magnitude had to be clamped to be safe.
{   'elbow_flex': {   'original goal_pos': 168.57142857142858,
                      'safe goal_pos': 7.461538461538462}}
WARNING 2026-10-07 15:47:37 ts/utils.py:121 Relative goal position magnitude had to be clamped to be safe.
{   'elbow_flex': {   'original goal_pos': 169.45054945054946,
                      'safe goal_pos': 7.461538461538462}}
WARNING 2026-10-07 15:47:37 ts/utils.py:121 Relative goal position magnitude had to be clamped to be safe.
{   'elbow_flex': {   'original goal_pos': 170.5054945054945,
                      'safe goal_pos': 7.461538461538462}}
WARNING 2026-10-07 15:47:38 ts/utils.py:121 Relative goal position magnitude had to be clamped to be safe.
{   'elbow_flex': {   'original goal_pos': 172.0879120879121,
                      'safe goal_pos': 7.461538461538462}}
WARNING 2026-10-07 15:47:38 ts/utils.py:121 Relative goal position magnitude had to be clamped to be safe.
{   'elbow_flex': {   'original goal_pos': 174.54945054945054,
                      'safe goal_pos': 7.461538461538462}}
WARNING 2026-10-07 15:47:38 ts/utils.py:121 Relative goal position magnitude had to be clamped to be safe.
{   'elbow_flex': {   'original goal_pos': 177.71428571428572,
                      'safe goal_pos': 7.461538461538462},
    'wrist_roll': {   'original goal_pos': -13.67032967032967,
                      'safe goal_pos': -13.131868131868131}}
WARNING 2026-10-07 15:47:38 ts/utils.py:121 Relative goal position magnitude had to be clamped to be safe.
{   'elbow_flex': {   'original goal_pos': -178.85714285714286,
                      'safe goal_pos': -2.5384615384615383},
    'wrist_flex': {   'original goal_pos': 6.461538461538462,
                      'safe goal_pos': 8.802197802197803},
    'wrist_roll': {   'original goal_pos': -16.21978021978022,
                      'safe goal_pos': -14.45054945054945}}
WARNING 2026-10-07 15:47:38 ts/utils.py:121 Relative goal position magnitude had to be clamped to be safe.
{   'elbow_flex': {   'original goal_pos': -174.63736263736263,
                      'safe goal_pos': -2.5384615384615383},
    'wrist_flex': {   'original goal_pos': 2.5054945054945055,
                      'safe goal_pos': 7.307692307692308},
    'wrist_roll': {   'original goal_pos': -18.505494505494507,
                      'safe goal_pos': -16.032967032967033}}
WARNING 2026-10-07 15:47:38 ts/utils.py:121 Relative goal position magnitude had to be clamped to be safe.
{   'elbow_flex': {   'original goal_pos': -171.03296703296704,
                      'safe goal_pos': -2.6263736263736264},
    'wrist_flex': {   'original goal_pos': -0.9230769230769231,
                      'safe goal_pos': 5.989010989010989},
    'wrist_roll': {   'original goal_pos': -20.263736263736263,
                      'safe goal_pos': -17.439560439560438}}
WARNING 2026-10-07 15:47:38 ts/utils.py:121 Relative goal position magnitude had to be clamped to be safe.
{   'elbow_flex': {   'original goal_pos': -168.57142857142858,
                      'safe goal_pos': -3.857142857142857},
    'wrist_flex': {   'original goal_pos': -2.32967032967033,
                      'safe goal_pos': 4.758241758241759},
    'wrist_roll': {   'original goal_pos': -22.021978021978022,
                      'safe goal_pos': -18.934065934065934}}
WARNING 2026-10-07 15:47:38 ts/utils.py:121 Relative goal position magnitude had to be clamped to be safe.
{   'elbow_flex': {   'original goal_pos': -166.72527472527472,
                      'safe goal_pos': -5.351648351648351},
    'wrist_flex': {   'original goal_pos': -1.010989010989011,
                      'safe goal_pos': 3.351648351648352},
    'wrist_roll': {   'original goal_pos': -23.076923076923077,
                      'safe goal_pos': -20.340659340659343}}
WARNING 2026-10-07 15:47:38 ts/utils.py:121 Relative goal position magnitude had to be clamped to be safe.
{   'elbow_flex': {   'original goal_pos': -164.35164835164835,
                      'safe goal_pos': -6.4945054945054945},
    'wrist_flex': {   'original goal_pos': -0.13186813186813187,
                      'safe goal_pos': 2.032967032967033},
    'wrist_roll': {   'original goal_pos': -24.043956043956044,
                      'safe goal_pos': -21.835164835164836}}
WARNING 2026-10-07 15:47:38 ts/utils.py:121 Relative goal position magnitude had to be clamped to be safe.
{   'elbow_flex': {   'original goal_pos': -161.45054945054946,
                      'safe goal_pos': -7.637362637362637},
    'wrist_flex': {   'original goal_pos': 0.13186813186813187,
                      'safe goal_pos': 0.802197802197802},
    'wrist_roll': {   'original goal_pos': -24.747252747252748,
                      'safe goal_pos': -23.24175824175824}}
WARNING 2026-10-07 15:47:38 ts/utils.py:121 Relative goal position magnitude had to be clamped to be safe.
{   'elbow_flex': {   'original goal_pos': -158.54945054945054,
                      'safe goal_pos': -8.868131868131869},
    'wrist_roll': {   'original goal_pos': -25.36263736263736,
                      'safe goal_pos': -24.736263736263737}}
WARNING 2026-10-07 15:47:38 ts/utils.py:121 Relative goal position magnitude had to be clamped to be safe.
{   'elbow_flex': {   'original goal_pos': -155.73626373626374,
                      'safe goal_pos': -10.010989010989011}}
WARNING 2026-10-07 15:47:38 ts/utils.py:121 Relative goal position magnitude had to be clamped to be safe.
{   'elbow_flex': {   'original goal_pos': -153.27472527472528,
                      'safe goal_pos': -11.153846153846153}}
WARNING 2026-10-07 15:47:38 ts/utils.py:121 Relative goal position magnitude had to be clamped to be safe.
{   'elbow_flex': {   'original goal_pos': -151.07692307692307,
                      'safe goal_pos': -12.296703296703296}}
WARNING 2026-10-07 15:47:38 ts/utils.py:121 Relative goal position magnitude had to be clamped to be safe.
{   'elbow_flex': {   'original goal_pos': -148.87912087912088,
                      'safe goal_pos': -13.43956043956044}}
WARNING 2026-10-07 15:47:38 ts/utils.py:121 Relative goal position magnitude had to be clamped to be safe.
{   'elbow_flex': {   'original goal_pos': -146.6813186813187,
                      'safe goal_pos': -14.582417582417582}}
WARNING 2026-10-07 15:47:38 ts/utils.py:121 Relative goal position magnitude had to be clamped to be safe.
{   'elbow_flex': {   'original goal_pos': -144.30769230769232,
                      'safe goal_pos': -15.725274725274724}}
WARNING 2026-10-07 15:47:38 ts/utils.py:121 Relative goal position magnitude had to be clamped to be safe.
{   'elbow_flex': {   'original goal_pos': -141.67032967032966,
                      'safe goal_pos': -16.78021978021978}}
WARNING 2026-10-07 15:47:38 ts/utils.py:121 Relative goal position magnitude had to be clamped to be safe.
{   'elbow_flex': {   'original goal_pos': -139.3846153846154,
                      'safe goal_pos': -18.01098901098901}}
WARNING 2026-10-07 15:47:38 ts/utils.py:121 Relative goal position magnitude had to be clamped to be safe.
{   'elbow_flex': {   'original goal_pos': -137.27472527472528,
                      'safe goal_pos': -19.065934065934066}}
WARNING 2026-10-07 15:47:38 ts/utils.py:121 Relative goal position magnitude had to be clamped to be safe.
{   'elbow_flex': {   'original goal_pos': -134.98901098901098,
                      'safe goal_pos': -20.208791208791208}}
WARNING 2026-10-07 15:47:38 ts/utils.py:121 Relative goal position magnitude had to be clamped to be safe.
{   'elbow_flex': {   'original goal_pos': -132.35164835164835,
                      'safe goal_pos': -21.175824175824175}}
WARNING 2026-10-07 15:47:38 ts/utils.py:121 Relative goal position magnitude had to be clamped to be safe.
{   'elbow_flex': {   'original goal_pos': -129.62637362637363,
                      'safe goal_pos': -22.318681318681318}}
WARNING 2026-10-07 15:47:38 ts/utils.py:121 Relative goal position magnitude had to be clamped to be safe.
{   'elbow_flex': {   'original goal_pos': -126.98901098901099,
                      'safe goal_pos': -23.373626373626372}}
WARNING 2026-10-07 15:47:38 ts/utils.py:121 Relative goal position magnitude had to be clamped to be safe.
{   'elbow_flex': {   'original goal_pos': -124.17582417582418,
                      'safe goal_pos': -24.428571428571427}}
WARNING 2026-10-07 15:47:38 ts/utils.py:121 Relative goal position magnitude had to be clamped to be safe.
{   'elbow_flex': {   'original goal_pos': -121.18681318681318,
                      'safe goal_pos': -25.571428571428573}}
WARNING 2026-10-07 15:47:38 ts/utils.py:121 Relative goal position magnitude had to be clamped to be safe.
{   'elbow_flex': {   'original goal_pos': -118.1978021978022,
                      'safe goal_pos': -26.626373626373628}}
WARNING 2026-10-07 15:47:38 ts/utils.py:121 Relative goal position magnitude had to be clamped to be safe.
{   'elbow_flex': {   'original goal_pos': -115.12087912087912,
                      'safe goal_pos': -27.681318681318682}}
WARNING 2026-10-07 15:47:38 ts/utils.py:121 Relative goal position magnitude had to be clamped to be safe.
{   'elbow_flex': {   'original goal_pos': -112.21978021978022,
                      'safe goal_pos': -28.736263736263737}}
WARNING 2026-10-07 15:47:38 ts/utils.py:121 Relative goal position magnitude had to be clamped to be safe.
{   'elbow_flex': {   'original goal_pos': -108.7032967032967,
                      'safe goal_pos': -29.791208791208792}}
WARNING 2026-10-07 15:47:39 ts/utils.py:121 Relative goal position magnitude had to be clamped to be safe.
{   'elbow_flex': {   'original goal_pos': -104.74725274725274,
                      'safe goal_pos': -30.75824175824176}}
WARNING 2026-10-07 15:47:39 ts/utils.py:121 Relative goal position magnitude had to be clamped to be safe.
{   'elbow_flex': {   'original goal_pos': -100.87912087912088,
                      'safe goal_pos': -31.813186813186814}}
WARNING 2026-10-07 15:47:39 ts/utils.py:121 Relative goal position magnitude had to be clamped to be safe.
{   'elbow_flex': {   'original goal_pos': -96.83516483516483,
                      'safe goal_pos': -32.86813186813187}}
WARNING 2026-10-07 15:47:39 ts/utils.py:121 Relative goal position magnitude had to be clamped to be safe.
{   'elbow_flex': {   'original goal_pos': -92.7032967032967,
                      'safe goal_pos': -33.83516483516483},
    'shoulder_lift': {   'original goal_pos': 85.67032967032966,
                         'safe goal_pos': 86.16483516483517}}
WARNING 2026-10-07 15:47:39 ts/utils.py:121 Relative goal position magnitude had to be clamped to be safe.
{   'elbow_flex': {   'original goal_pos': -87.95604395604396,
                      'safe goal_pos': -34.89010989010989},
    'shoulder_lift': {   'original goal_pos': 84.08791208791209,
                         'safe goal_pos': 85.10989010989012}}
WARNING 2026-10-07 15:47:39 ts/utils.py:121 Relative goal position magnitude had to be clamped to be safe.
{   'elbow_flex': {   'original goal_pos': -83.12087912087912,
                      'safe goal_pos': -35.85714285714286},
    'shoulder_lift': {   'original goal_pos': 82.32967032967034,
                         'safe goal_pos': 84.05494505494505}}
WARNING 2026-10-07 15:47:39 ts/utils.py:121 Relative goal position magnitude had to be clamped to be safe.
{   'elbow_flex': {   'original goal_pos': -78.37362637362638,
                      'safe goal_pos': -36.91208791208791},
    'shoulder_lift': {   'original goal_pos': 80.48351648351648,
                         'safe goal_pos': 83.0}}
WARNING 2026-10-07 15:47:39 ts/utils.py:121 Relative goal position magnitude had to be clamped to be safe.
{   'elbow_flex': {   'original goal_pos': -73.71428571428571,
                      'safe goal_pos': -37.879120879120876},
    'shoulder_lift': {   'original goal_pos': 78.46153846153847,
                         'safe goal_pos': 81.94505494505495}}
WARNING 2026-10-07 15:47:39 ts/utils.py:121 Relative goal position magnitude had to be clamped to be safe.
{   'elbow_flex': {   'original goal_pos': -69.14285714285714,
                      'safe goal_pos': -38.84615384615385},
    'shoulder_lift': {   'original goal_pos': 76.43956043956044,
                         'safe goal_pos': 80.89010989010988}}
WARNING 2026-10-07 15:47:39 ts/utils.py:121 Relative goal position magnitude had to be clamped to be safe.
{   'elbow_flex': {   'original goal_pos': -64.3956043956044,
                      'safe goal_pos': -39.9010989010989},
    'shoulder_lift': {   'original goal_pos': 74.32967032967034,
                         'safe goal_pos': 79.83516483516483}}
WARNING 2026-10-07 15:47:39 ts/utils.py:121 Relative goal position magnitude had to be clamped to be safe.
{   'elbow_flex': {   'original goal_pos': -59.824175824175825,
                      'safe goal_pos': -40.86813186813187},
    'shoulder_lift': {   'original goal_pos': 71.95604395604396,
                         'safe goal_pos': 78.6923076923077}}
WARNING 2026-10-07 15:47:39 ts/utils.py:121 Relative goal position magnitude had to be clamped to be safe.
{   'elbow_flex': {   'original goal_pos': -55.42857142857143,
                      'safe goal_pos': -41.83516483516483},
    'shoulder_lift': {   'original goal_pos': 69.58241758241758,
                         'safe goal_pos': 77.63736263736264}}
WARNING 2026-10-07 15:47:39 ts/utils.py:121 Relative goal position magnitude had to be clamped to be safe.
{   'elbow_flex': {   'original goal_pos': -50.68131868131868,
                      'safe goal_pos': -42.89010989010989},
    'shoulder_lift': {   'original goal_pos': 67.20879120879121,
                         'safe goal_pos': 76.58241758241758}}
WARNING 2026-10-07 15:47:39 ts/utils.py:121 Relative goal position magnitude had to be clamped to be safe.
{   'elbow_flex': {   'original goal_pos': -45.934065934065934,
                      'safe goal_pos': -43.76923076923077},
    'shoulder_lift': {   'original goal_pos': 64.83516483516483,
                         'safe goal_pos': 75.43956043956044}}
WARNING 2026-10-07 15:47:39 ts/utils.py:121 Relative goal position magnitude had to be clamped to be safe.
{   'shoulder_lift': {   'original goal_pos': 62.46153846153846,
                         'safe goal_pos': 74.38461538461539}}
WARNING 2026-10-07 15:47:39 ts/utils.py:121 Relative goal position magnitude had to be clamped to be safe.
{   'shoulder_lift': {   'original goal_pos': 60.08791208791209,
                         'safe goal_pos': 73.24175824175825}}
WARNING 2026-10-07 15:47:39 ts/utils.py:121 Relative goal position magnitude had to be clamped to be safe.
{   'elbow_flex': {   'original goal_pos': -31.86813186813187,
                      'safe goal_pos': -35.527472527472526},
    'shoulder_lift': {   'original goal_pos': 57.62637362637363,
                         'safe goal_pos': 72.01098901098901}}
WARNING 2026-10-07 15:47:39 ts/utils.py:121 Relative goal position magnitude had to be clamped to be safe.
{   'elbow_flex': {   'original goal_pos': -27.64835164835165,
                      'safe goal_pos': -34.032967032967036},
    'shoulder_lift': {   'original goal_pos': 55.34065934065934,
                         'safe goal_pos': 70.6923076923077}}
WARNING 2026-10-07 15:47:39 ts/utils.py:121 Relative goal position magnitude had to be clamped to be safe.
{   'elbow_flex': {   'original goal_pos': -23.692307692307693,
                      'safe goal_pos': -32.0989010989011},
    'shoulder_lift': {   'original goal_pos': 53.142857142857146,
                         'safe goal_pos': 69.46153846153847}}
WARNING 2026-10-07 15:47:39 ts/utils.py:121 Relative goal position magnitude had to be clamped to be safe.
{   'elbow_flex': {   'original goal_pos': -19.824175824175825,
                      'safe goal_pos': -30.42857142857143},
    'shoulder_lift': {   'original goal_pos': 51.120879120879124,
                         'safe goal_pos': 68.4065934065934}}
WARNING 2026-10-07 15:47:39 ts/utils.py:121 Relative goal position magnitude had to be clamped to be safe.
{   'elbow_flex': {   'original goal_pos': -16.21978021978022,
                      'safe goal_pos': -28.846153846153847},
    'shoulder_lift': {   'original goal_pos': 49.27472527472528,
                         'safe goal_pos': 67.17582417582418}}
WARNING 2026-10-07 15:47:39 ts/utils.py:121 Relative goal position magnitude had to be clamped to be safe.
{   'elbow_flex': {   'original goal_pos': -13.054945054945055,
                      'safe goal_pos': -27.175824175824175},
    'shoulder_lift': {   'original goal_pos': 47.51648351648352,
                         'safe goal_pos': 65.94505494505495}}
WARNING 2026-10-07 15:47:39 ts/utils.py:121 Relative goal position magnitude had to be clamped to be safe.
{   'elbow_flex': {   'original goal_pos': -9.978021978021978,
                      'safe goal_pos': -25.505494505494507},
    'shoulder_lift': {   'original goal_pos': 45.84615384615385,
                         'safe goal_pos': 64.71428571428571}}
WARNING 2026-10-07 15:47:39 ts/utils.py:121 Relative goal position magnitude had to be clamped to be safe.
{   'elbow_flex': {   'original goal_pos': -7.164835164835165,
                      'safe goal_pos': -23.747252747252748},
    'shoulder_lift': {   'original goal_pos': 44.35164835164835,
                         'safe goal_pos': 63.48351648351648}}
WARNING 2026-10-07 15:47:39 ts/utils.py:121 Relative goal position magnitude had to be clamped to be safe.
{   'elbow_flex': {   'original goal_pos': -4.791208791208791,
                      'safe goal_pos': -22.164835164835164},
    'shoulder_lift': {   'original goal_pos': 43.032967032967036,
                         'safe goal_pos': 62.252747252747255}}
WARNING 2026-10-07 15:47:39 ts/utils.py:121 Relative goal position magnitude had to be clamped to be safe.
{   'elbow_flex': {   'original goal_pos': -2.5054945054945055,
                      'safe goal_pos': -20.494505494505493},
    'shoulder_lift': {   'original goal_pos': 41.8021978021978,
                         'safe goal_pos': 60.93406593406593}}
WARNING 2026-10-07 15:47:39 ts/utils.py:121 Relative goal position magnitude had to be clamped to be safe.
{   'elbow_flex': {   'original goal_pos': -0.8351648351648352,
                      'safe goal_pos': -18.736263736263737},
    'shoulder_lift': {   'original goal_pos': 40.65934065934066,
                         'safe goal_pos': 59.7032967032967}}
WARNING 2026-10-07 15:47:39 ts/utils.py:121 Relative goal position magnitude had to be clamped to be safe.
{   'elbow_flex': {   'original goal_pos': -0.3956043956043956,
                      'safe goal_pos': -17.153846153846153},
    'shoulder_lift': {   'original goal_pos': 39.78021978021978,
                         'safe goal_pos': 58.472527472527474},
    'wrist_roll': {   'original goal_pos': -28.615384615384617,
                      'safe goal_pos': -29.59340659340659}}
WARNING 2026-10-07 15:47:39 ts/utils.py:121 Relative goal position magnitude had to be clamped to be safe.
{   'elbow_flex': {   'original goal_pos': -0.5714285714285714,
                      'safe goal_pos': -15.483516483516482},
    'shoulder_lift': {   'original goal_pos': 39.16483516483517,
                         'safe goal_pos': 57.15384615384615},
    'wrist_roll': {   'original goal_pos': -24.923076923076923,
                      'safe goal_pos': -28.53846153846154}}
WARNING 2026-10-07 15:47:39 ts/utils.py:121 Relative goal position magnitude had to be clamped to be safe.
{   'elbow_flex': {   'original goal_pos': -0.5714285714285714,
                      'safe goal_pos': -13.813186813186814},
    'shoulder_lift': {   'original goal_pos': 38.46153846153846,
                         'safe goal_pos': 55.83516483516483},
    'wrist_roll': {   'original goal_pos': -21.054945054945055,
                      'safe goal_pos': -26.956043956043956}}
WARNING 2026-10-07 15:47:40 ts/utils.py:121 Relative goal position magnitude had to be clamped to be safe.
{   'elbow_flex': {   'original goal_pos': -0.5714285714285714,
                      'safe goal_pos': -12.142857142857142},
    'shoulder_lift': {   'original goal_pos': 37.75824175824176,
                         'safe goal_pos': 54.51648351648352},
    'wrist_roll': {   'original goal_pos': -17.45054945054945,
                      'safe goal_pos': -25.63736263736264}}
WARNING 2026-10-07 15:47:40 ts/utils.py:121 Relative goal position magnitude had to be clamped to be safe.
{   'elbow_flex': {   'original goal_pos': -0.5714285714285714,
                      'safe goal_pos': -10.56043956043956},
    'shoulder_lift': {   'original goal_pos': 37.40659340659341,
                         'safe goal_pos': 53.10989010989011},
    'wrist_roll': {   'original goal_pos': -14.021978021978022,
                      'safe goal_pos': -24.23076923076923}}
WARNING 2026-10-07 15:47:40 ts/utils.py:121 Relative goal position magnitude had to be clamped to be safe.
{   'elbow_flex': {   'original goal_pos': -0.4835164835164835,
                      'safe goal_pos': -8.802197802197803},
    'shoulder_lift': {   'original goal_pos': 37.05494505494506,
                         'safe goal_pos': 51.79120879120879},
    'wrist_roll': {   'original goal_pos': -10.505494505494505,
                      'safe goal_pos': -22.824175824175825}}
WARNING 2026-10-07 15:47:40 ts/utils.py:121 Relative goal position magnitude had to be clamped to be safe.
{   'elbow_flex': {   'original goal_pos': -0.4835164835164835,
                      'safe goal_pos': -7.219780219780219},
    'shoulder_lift': {   'original goal_pos': 36.7032967032967,
                         'safe goal_pos': 50.38461538461539},
    'wrist_roll': {   'original goal_pos': -6.989010989010989,
                      'safe goal_pos': -21.417582417582416}}
WARNING 2026-10-07 15:47:40 ts/utils.py:121 Relative goal position magnitude had to be clamped to be safe.
{   'elbow_flex': {   'original goal_pos': -0.4835164835164835,
                      'safe goal_pos': -5.549450549450549},
    'shoulder_lift': {   'original goal_pos': 36.35164835164835,
                         'safe goal_pos': 49.065934065934066},
    'wrist_roll': {   'original goal_pos': -4.351648351648351,
                      'safe goal_pos': -19.923076923076923}}
WARNING 2026-10-07 15:47:40 ts/utils.py:121 Relative goal position magnitude had to be clamped to be safe.
{   'elbow_flex': {   'original goal_pos': -0.4835164835164835,
                      'safe goal_pos': -3.8791208791208796},
    'shoulder_lift': {   'original goal_pos': 35.64835164835165,
                         'safe goal_pos': 47.747252747252745},
    'wrist_roll': {   'original goal_pos': -2.32967032967033,
                      'safe goal_pos': -18.604395604395606}}
WARNING 2026-10-07 15:47:40 ts/utils.py:121 Relative goal position magnitude had to be clamped to be safe.
{   'elbow_flex': {   'original goal_pos': -0.4835164835164835,
                      'safe goal_pos': -2.208791208791209},
    'shoulder_lift': {   'original goal_pos': 34.76923076923077,
                         'safe goal_pos': 46.252747252747255},
    'wrist_roll': {   'original goal_pos': -1.098901098901099,
                      'safe goal_pos': -17.197802197802197}}
WARNING 2026-10-07 15:47:40 ts/utils.py:121 Relative goal position magnitude had to be clamped to be safe.
{   'elbow_flex': {   'original goal_pos': -0.4835164835164835,
                      'safe goal_pos': -0.6263736263736268},
    'shoulder_lift': {   'original goal_pos': 33.362637362637365,
                         'safe goal_pos': 44.934065934065934},
    'wrist_roll': {   'original goal_pos': -0.3956043956043956,
                      'safe goal_pos': -15.791208791208792}}
WARNING 2026-10-07 15:47:40 ts/utils.py:121 Relative goal position magnitude had to be clamped to be safe.
{   'shoulder_lift': {   'original goal_pos': 31.78021978021978,
                         'safe goal_pos': 43.43956043956044},
    'wrist_roll': {   'original goal_pos': -0.13186813186813187,
                      'safe goal_pos': -14.384615384615383}}
WARNING 2026-10-07 15:47:40 ts/utils.py:121 Relative goal position magnitude had to be clamped to be safe.
{   'shoulder_lift': {   'original goal_pos': 29.75824175824176,
                         'safe goal_pos': 41.94505494505494},
    'wrist_roll': {   'original goal_pos': -0.21978021978021978,
                      'safe goal_pos': -12.978021978021978}}
WARNING 2026-10-07 15:47:40 ts/utils.py:121 Relative goal position magnitude had to be clamped to be safe.
{   'shoulder_lift': {   'original goal_pos': 27.64835164835165,
                         'safe goal_pos': 40.62637362637363},
    'wrist_roll': {   'original goal_pos': -0.21978021978021978,
                      'safe goal_pos': -11.571428571428573}}
WARNING 2026-10-07 15:47:40 ts/utils.py:121 Relative goal position magnitude had to be clamped to be safe.
{   'shoulder_lift': {   'original goal_pos': 25.45054945054945,
                         'safe goal_pos': 39.13186813186813},
    'wrist_roll': {   'original goal_pos': -0.4835164835164835,
                      'safe goal_pos': -10.164835164835164}}
WARNING 2026-10-07 15:47:40 ts/utils.py:121 Relative goal position magnitude had to be clamped to be safe.
{   'shoulder_lift': {   'original goal_pos': 23.428571428571427,
                         'safe goal_pos': 37.72527472527472},
    'wrist_roll': {   'original goal_pos': -0.5714285714285714,
                      'safe goal_pos': -8.758241758241759}}
WARNING 2026-10-07 15:47:40 ts/utils.py:121 Relative goal position magnitude had to be clamped to be safe.
{   'shoulder_lift': {   'original goal_pos': 21.494505494505493,
                         'safe goal_pos': 36.23076923076923},
    'wrist_roll': {   'original goal_pos': -0.6593406593406593,
                      'safe goal_pos': -7.527472527472527}}
WARNING 2026-10-07 15:47:40 ts/utils.py:121 Relative goal position magnitude had to be clamped to be safe.
{   'shoulder_lift': {   'original goal_pos': 19.64835164835165,
                         'safe goal_pos': 34.73626373626374},
    'wrist_roll': {   'original goal_pos': -0.6593406593406593,
                      'safe goal_pos': -5.945054945054945}}
WARNING 2026-10-07 15:47:40 ts/utils.py:121 Relative goal position magnitude had to be clamped to be safe.
{   'shoulder_lift': {   'original goal_pos': 17.89010989010989,
                         'safe goal_pos': 33.24175824175824},
    'wrist_roll': {   'original goal_pos': -0.6593406593406593,
                      'safe goal_pos': -4.626373626373626}}
WARNING 2026-10-07 15:47:40 ts/utils.py:121 Relative goal position magnitude had to be clamped to be safe.
{   'shoulder_lift': {   'original goal_pos': 16.307692307692307,
                         'safe goal_pos': 31.747252747252745},
    'wrist_roll': {   'original goal_pos': -0.5714285714285714,
                      'safe goal_pos': -3.3076923076923084}}
WARNING 2026-10-07 15:47:40 ts/utils.py:121 Relative goal position magnitude had to be clamped to be safe.
{   'shoulder_lift': {   'original goal_pos': 15.164835164835164,
                         'safe goal_pos': 30.252747252747255},
    'wrist_roll': {   'original goal_pos': -0.5714285714285714,
                      'safe goal_pos': -1.9010989010989015}}
WARNING 2026-10-07 15:47:40 ts/utils.py:121 Relative goal position magnitude had to be clamped to be safe.
{   'shoulder_lift': {   'original goal_pos': 14.021978021978022,
                         'safe goal_pos': 28.67032967032967},
    'wrist_roll': {   'original goal_pos': -0.21978021978021978,
                      'safe goal_pos': -0.5824175824175821}}
WARNING 2026-10-07 15:47:40 ts/utils.py:121 Relative goal position magnitude had to be clamped to be safe.
{   'shoulder_lift': {   'original goal_pos': 12.87912087912088,
                         'safe goal_pos': 27.087912087912088}}
WARNING 2026-10-07 15:47:40 ts/utils.py:121 Relative goal position magnitude had to be clamped to be safe.
{   'shoulder_lift': {   'original goal_pos': 11.824175824175825,
                         'safe goal_pos': 25.593406593406595}}
WARNING 2026-10-07 15:47:40 ts/utils.py:121 Relative goal position magnitude had to be clamped to be safe.
{   'shoulder_lift': {   'original goal_pos': 11.032967032967033,
                         'safe goal_pos': 24.01098901098901}}
WARNING 2026-10-07 15:47:40 ts/utils.py:121 Relative goal position magnitude had to be clamped to be safe.
{   'shoulder_lift': {   'original goal_pos': 10.153846153846153,
                         'safe goal_pos': 22.516483516483518}}
WARNING 2026-10-07 15:47:40 ts/utils.py:121 Relative goal position magnitude had to be clamped to be safe.
{   'shoulder_lift': {   'original goal_pos': 9.186813186813186,
                         'safe goal_pos': 21.021978021978022}}
WARNING 2026-10-07 15:47:40 ts/utils.py:121 Relative goal position magnitude had to be clamped to be safe.
{   'shoulder_lift': {   'original goal_pos': 8.043956043956044,
                         'safe goal_pos': 19.439560439560438}}
WARNING 2026-10-07 15:47:40 ts/utils.py:121 Relative goal position magnitude had to be clamped to be safe.
{   'shoulder_lift': {   'original goal_pos': 6.813186813186813,
                         'safe goal_pos': 17.945054945054945}}
WARNING 2026-10-07 15:47:40 ts/utils.py:121 Relative goal position magnitude had to be clamped to be safe.
{   'shoulder_lift': {   'original goal_pos': 5.582417582417582,
                         'safe goal_pos': 16.36263736263736}}
WARNING 2026-10-07 15:47:40 ts/utils.py:121 Relative goal position magnitude had to be clamped to be safe.
{   'shoulder_lift': {   'original goal_pos': 4.351648351648351,
                         'safe goal_pos': 14.780219780219781}}
WARNING 2026-10-07 15:47:40 ts/utils.py:121 Relative goal position magnitude had to be clamped to be safe.
{   'shoulder_lift': {   'original goal_pos': 3.208791208791209,
                         'safe goal_pos': 13.285714285714285}}
WARNING 2026-10-07 15:47:40 ts/utils.py:121 Relative goal position magnitude had to be clamped to be safe.
{   'shoulder_lift': {   'original goal_pos': 2.065934065934066,
                         'safe goal_pos': 11.703296703296704}}
WARNING 2026-10-07 15:47:41 ts/utils.py:121 Relative goal position magnitude had to be clamped to be safe.
{   'shoulder_lift': {   'original goal_pos': 0.9230769230769231,
                         'safe goal_pos': 10.208791208791208}}
WARNING 2026-10-07 15:47:41 ts/utils.py:121 Relative goal position magnitude had to be clamped to be safe.
{   'shoulder_lift': {   'original goal_pos': 0.3076923076923077,
                         'safe goal_pos': 8.626373626373626}}
WARNING 2026-10-07 15:47:41 ts/utils.py:121 Relative goal position magnitude had to be clamped to be safe.
{   'shoulder_lift': {   'original goal_pos': -0.3076923076923077,
                         'safe goal_pos': 7.043956043956044}}
WARNING 2026-10-07 15:47:41 ts/utils.py:121 Relative goal position magnitude had to be clamped to be safe.
{   'shoulder_lift': {   'original goal_pos': -0.3956043956043956,
                         'safe goal_pos': 5.549450549450549}}
WARNING 2026-10-07 15:47:41 ts/utils.py:121 Relative goal position magnitude had to be clamped to be safe.
{   'shoulder_lift': {   'original goal_pos': -0.4835164835164835,
                         'safe goal_pos': 3.967032967032967}}
WARNING 2026-10-07 15:47:41 ts/utils.py:121 Relative goal position magnitude had to be clamped to be safe.
{   'shoulder_lift': {   'original goal_pos': -0.5714285714285714,
                         'safe goal_pos': 2.384615384615385}}
WARNING 2026-10-07 15:47:41 ts/utils.py:121 Relative goal position magnitude had to be clamped to be safe.
{   'shoulder_lift': {   'original goal_pos': -0.5714285714285714,
                         'safe goal_pos': 0.802197802197802}}
WARNING 2026-10-07 15:47:41 ts/utils.py:121 Relative goal position magnitude had to be clamped to be safe.
{   'elbow_flex': {   'original goal_pos': -10.68131868131868,
                      'safe goal_pos': -10.362637362637361}}
WARNING 2026-10-07 15:47:41 ts/utils.py:121 Relative goal position magnitude had to be clamped to be safe.
{   'elbow_flex': {   'original goal_pos': -12.791208791208792,
                      'safe goal_pos': -11.417582417582418}}
WARNING 2026-10-07 15:47:41 ts/utils.py:121 Relative goal position magnitude had to be clamped to be safe.
{   'elbow_flex': {   'original goal_pos': -14.901098901098901,
                      'safe goal_pos': -12.56043956043956}}
WARNING 2026-10-07 15:47:41 ts/utils.py:121 Relative goal position magnitude had to be clamped to be safe.
{   'elbow_flex': {   'original goal_pos': -17.01098901098901,
                      'safe goal_pos': -13.791208791208792}}
WARNING 2026-10-07 15:47:41 ts/utils.py:121 Relative goal position magnitude had to be clamped to be safe.
{   'elbow_flex': {   'original goal_pos': -18.945054945054945,
                      'safe goal_pos': -14.846153846153847}}
WARNING 2026-10-07 15:47:41 ts/utils.py:121 Relative goal position magnitude had to be clamped to be safe.
{   'elbow_flex': {   'original goal_pos': -20.87912087912088,
                      'safe goal_pos': -16.076923076923077}}
WARNING 2026-10-07 15:47:41 ts/utils.py:121 Relative goal position magnitude had to be clamped to be safe.
{   'elbow_flex': {   'original goal_pos': -22.98901098901099,
                      'safe goal_pos': -17.13186813186813}}
WARNING 2026-10-07 15:47:41 ts/utils.py:121 Relative goal position magnitude had to be clamped to be safe.
{   'elbow_flex': {   'original goal_pos': -25.274725274725274,
                      'safe goal_pos': -18.362637362637365}}
WARNING 2026-10-07 15:47:41 ts/utils.py:121 Relative goal position magnitude had to be clamped to be safe.
{   'elbow_flex': {   'original goal_pos': -27.736263736263737,
                      'safe goal_pos': -19.505494505494504}}
WARNING 2026-10-07 15:47:41 ts/utils.py:121 Relative goal position magnitude had to be clamped to be safe.
{   'elbow_flex': {   'original goal_pos': -30.197802197802197,
                      'safe goal_pos': -20.64835164835165}}
WARNING 2026-10-07 15:47:41 ts/utils.py:121 Relative goal position magnitude had to be clamped to be safe.
{   'elbow_flex': {   'original goal_pos': -32.57142857142857,
                      'safe goal_pos': -21.791208791208792}}
WARNING 2026-10-07 15:47:41 ts/utils.py:121 Relative goal position magnitude had to be clamped to be safe.
{   'elbow_flex': {   'original goal_pos': -34.94505494505494,
                      'safe goal_pos': -23.021978021978022},
    'wrist_flex': {   'original goal_pos': 5.846153846153846,
                      'safe goal_pos': 5.43956043956044}}
WARNING 2026-10-07 15:47:41 ts/utils.py:121 Relative goal position magnitude had to be clamped to be safe.
{   'elbow_flex': {   'original goal_pos': -37.67032967032967,
                      'safe goal_pos': -24.164835164835164},
    'wrist_flex': {   'original goal_pos': 8.483516483516484,
                      'safe goal_pos': 6.318681318681318}}
WARNING 2026-10-07 15:47:41 ts/utils.py:121 Relative goal position magnitude had to be clamped to be safe.
{   'elbow_flex': {   'original goal_pos': -40.48351648351648,
                      'safe goal_pos': -25.483516483516482},
    'wrist_flex': {   'original goal_pos': 11.12087912087912,
                      'safe goal_pos': 7.9010989010989015}}
WARNING 2026-10-07 15:47:41 ts/utils.py:121 Relative goal position magnitude had to be clamped to be safe.
{   'elbow_flex': {   'original goal_pos': -43.032967032967036,
                      'safe goal_pos': -26.626373626373628},
    'wrist_flex': {   'original goal_pos': 13.582417582417582,
                      'safe goal_pos': 9.043956043956044}}
WARNING 2026-10-07 15:47:41 ts/utils.py:121 Relative goal position magnitude had to be clamped to be safe.
{   'elbow_flex': {   'original goal_pos': -45.40659340659341,
                      'safe goal_pos': -27.945054945054945},
    'wrist_flex': {   'original goal_pos': 16.13186813186813,
                      'safe goal_pos': 10.274725274725274}}
WARNING 2026-10-07 15:47:42 ts/utils.py:121 Relative goal position magnitude had to be clamped to be safe.
{   'elbow_flex': {   'original goal_pos': -47.252747252747255,
                      'safe goal_pos': -29.175824175824175},
    'wrist_flex': {   'original goal_pos': 18.065934065934066,
                      'safe goal_pos': 11.76923076923077}}
WARNING 2026-10-07 15:47:42 ts/utils.py:121 Relative goal position magnitude had to be clamped to be safe.
{   'elbow_flex': {   'original goal_pos': -48.57142857142857,
                      'safe goal_pos': -30.318681318681318},
    'wrist_flex': {   'original goal_pos': 19.64835164835165,
                      'safe goal_pos': 13.0}}
WARNING 2026-10-07 15:47:42 ts/utils.py:121 Relative goal position magnitude had to be clamped to be safe.
{   'elbow_flex': {   'original goal_pos': -49.0989010989011,
                      'safe goal_pos': -31.63736263736264},
    'wrist_flex': {   'original goal_pos': 20.615384615384617,
                      'safe goal_pos': 14.23076923076923}}
WARNING 2026-10-07 15:47:42 ts/utils.py:121 Relative goal position magnitude had to be clamped to be safe.
{   'elbow_flex': {   'original goal_pos': -48.92307692307692,
                      'safe goal_pos': -32.956043956043956},
    'wrist_flex': {   'original goal_pos': 20.87912087912088,
                      'safe goal_pos': 15.637362637362637}}
WARNING 2026-10-07 15:47:42 ts/utils.py:121 Relative goal position magnitude had to be clamped to be safe.
{   'elbow_flex': {   'original goal_pos': -48.57142857142857,
                      'safe goal_pos': -34.098901098901095},
    'wrist_flex': {   'original goal_pos': 20.791208791208792,
                      'safe goal_pos': 16.86813186813187}}
WARNING 2026-10-07 15:47:42 ts/utils.py:121 Relative goal position magnitude had to be clamped to be safe.
{   'elbow_flex': {   'original goal_pos': -47.956043956043956,
                      'safe goal_pos': -35.417582417582416},
    'wrist_flex': {   'original goal_pos': 20.703296703296704,
                      'safe goal_pos': 18.0989010989011}}
WARNING 2026-10-07 15:47:42 ts/utils.py:121 Relative goal position magnitude had to be clamped to be safe.
{   'elbow_flex': {   'original goal_pos': -47.42857142857143,
                      'safe goal_pos': -36.73626373626374},
    'wrist_flex': {   'original goal_pos': 20.615384615384617,
                      'safe goal_pos': 19.505494505494504}}
WARNING 2026-10-07 15:47:42 ts/utils.py:121 Relative goal position magnitude had to be clamped to be safe.
{   'elbow_flex': {   'original goal_pos': -47.252747252747255,
                      'safe goal_pos': -37.967032967032964}}
WARNING 2026-10-07 15:47:42 ts/utils.py:121 Relative goal position magnitude had to be clamped to be safe.
{   'elbow_flex': {   'original goal_pos': -47.07692307692308,
                      'safe goal_pos': -39.285714285714285}}
WARNING 2026-10-07 15:47:42 ts/utils.py:121 Relative goal position magnitude had to be clamped to be safe.
{   'elbow_flex': {   'original goal_pos': -46.989010989010985,
                      'safe goal_pos': -40.51648351648352}}
WARNING 2026-10-07 15:47:42 ts/utils.py:121 Relative goal position magnitude had to be clamped to be safe.
{   'elbow_flex': {   'original goal_pos': -46.81318681318681,
                      'safe goal_pos': -41.92307692307692}}
WARNING 2026-10-07 15:47:42 ts/utils.py:121 Relative goal position magnitude had to be clamped to be safe.
{   'elbow_flex': {   'original goal_pos': -46.72527472527472,
                      'safe goal_pos': -43.24175824175824}}
WARNING 2026-10-07 15:47:42 ts/utils.py:121 Relative goal position magnitude had to be clamped to be safe.
{   'elbow_flex': {   'original goal_pos': -46.54945054945055,
                      'safe goal_pos': -44.56043956043956}}
WARNING 2026-10-07 15:47:42 ts/utils.py:121 Relative goal position magnitude had to be clamped to be safe.
{   'elbow_flex': {   'original goal_pos': -46.637362637362635,
                      'safe goal_pos': -45.967032967032964}}
WARNING 2026-10-07 15:47:44 ts/utils.py:121 Relative goal position magnitude had to be clamped to be safe.
{   'elbow_flex': {   'original goal_pos': -17.36263736263736,
                      'safe goal_pos': -17.417582417582416}}
WARNING 2026-10-07 15:47:44 ts/utils.py:121 Relative goal position magnitude had to be clamped to be safe.
{   'elbow_flex': {   'original goal_pos': -15.604395604395604,
                      'safe goal_pos': -15.923076923076923}}
WARNING 2026-10-07 15:47:44 ts/utils.py:121 Relative goal position magnitude had to be clamped to be safe.
{   'elbow_flex': {   'original goal_pos': -13.934065934065934,
                      'safe goal_pos': -14.34065934065934}}
WARNING 2026-10-07 15:47:44 ts/utils.py:121 Relative goal position magnitude had to be clamped to be safe.
{   'elbow_flex': {   'original goal_pos': -12.527472527472527,
                      'safe goal_pos': -12.846153846153847}}
WARNING 2026-10-07 15:47:44 ts/utils.py:121 Relative goal position magnitude had to be clamped to be safe.
{   'elbow_flex': {   'original goal_pos': -11.208791208791208,
                      'safe goal_pos': -11.263736263736263}}

[1ATeleop loop time: 33.34ms (30 Hz)
[1ATeleop loop time: 33.34ms (30 Hz)
[1ATeleop loop time: 33.34ms (30 Hz)
[1ATeleop loop time: 33.34ms (30 Hz)
[1ATeleop loop time: 33.34ms (30 Hz)
[1ATeleop loop time: 33.34ms (30 Hz)
[1ATeleop loop time: 33.34ms (30 Hz)
[1ATeleop loop time: 33.34ms (30 Hz)
[1ATeleop loop time: 33.36ms (30 Hz)
[1ATeleop loop time: 33.34ms (30 Hz)
[1ATeleop loop time: 33.34ms (30 Hz)
[1ATeleop loop time: 33.34ms (30 Hz)
[1ATeleop loop time: 33.34ms (30 Hz)
[1ATeleop loop time: 33.36ms (30 Hz)
[1ATeleop loop time: 33.34ms (30 Hz)
[1ATeleop loop time: 33.34ms (30 Hz)
[1ATeleop loop time: 33.34ms (30 Hz)
[1ATeleop loop time: 33.34ms (30 Hz)
[1ATeleop loop time: 33.34ms (30 Hz)
[1ATeleop loop time: 33.34ms (30 Hz)
[1ATeleop loop time: 33.34ms (30 Hz)
[1ATeleop loop time: 33.34ms (30 Hz)
[1ATeleop loop time: 33.34ms (30 Hz)
[1ATeleop loop time: 33.34ms (30 Hz)
[1ATeleop loop time: 33.34ms (30 Hz)
[1ATeleop loop time: 33.34ms (30 Hz)
[1ATeleop loop time: 33.35ms (30 Hz)
[1ATeleop loop time: 33.36ms (30 Hz)
[1ATeleop loop time: 33.34ms (30 Hz)
[1ATeleop loop time: 33.34ms (30 Hz)
[1ATeleop loop time: 33.37ms (30 Hz)
[1ATeleop loop time: 33.34ms (30 Hz)
[1ATeleop loop time: 33.37ms (30 Hz)
[1ATeleop loop time: 33.34ms (30 Hz)
[1ATeleop loop time: 33.37ms (30 Hz)
[1ATeleop loop time: 33.34ms (30 Hz)
[1ATeleop loop time: 33.34ms (30 Hz)
[1ATeleop loop time: 33.34ms (30 Hz)
[1ATeleop loop time: 33.34ms (30 Hz)
[1ATeleop loop time: 33.35ms (30 Hz)
[1ATeleop loop time: 33.33ms (30 Hz)
[1ATeleop loop time: 33.36ms (30 Hz)
[1ATeleop loop time: 33.34ms (30 Hz)
[1ATeleop loop time: 33.35ms (30 Hz)
[1ATeleop loop time: 33.34ms (30 Hz)
[1ATeleop loop time: 33.34ms (30 Hz)
[1ATeleop loop time: 33.34ms (30 Hz)
[1ATeleop loop time: 33.34ms (30 Hz)
[1ATeleop loop time: 33.34ms (30 Hz)
[1ATeleop loop time: 33.34ms (30 Hz)
[1ATeleop loop time: 33.34ms (30 Hz)
[1ATeleop loop time: 33.34ms (30 Hz)
[1ATeleop loop time: 33.34ms (30 Hz)
[1ATeleop loop time: 33.34ms (30 Hz)
[1ATeleop loop time: 33.34ms (30 Hz)
[1ATeleop loop time: 33.34ms (30 Hz)
[1ATeleop loop time: 33.34ms (30 Hz)
[1ATeleop loop time: 33.34ms (30 Hz)
[1ATeleop loop time: 33.34ms (30 Hz)
[1ATeleop loop time: 33.34ms (30 Hz)
[1ATeleop loop time: 33.34ms (30 Hz)
[1ATeleop loop time: 33.36ms (30 Hz)
[1ATeleop loop time: 33.34ms (30 Hz)
[1ATeleop loop time: 33.36ms (30 Hz)
[1ATeleop loop time: 33.34ms (30 Hz)
[1ATeleop loop time: 33.34ms (30 Hz)
[1ATeleop loop time: 33.35ms (30 Hz)
[1ATeleop loop time: 33.34ms (30 Hz)
[1ATeleop loop time: 33.34ms (30 Hz)
[1ATeleop loop time: 33.36ms (30 Hz)
[1ATeleop loop time: 33.34ms (30 Hz)
[1ATeleop loop time: 33.34ms (30 Hz)
[1ATeleop loop time: 33.36ms (30 Hz)
[1ATeleop loop time: 33.34ms (30 Hz)
[1ATeleop loop time: 33.34ms (30 Hz)
[1ATeleop loop time: 33.34ms (30 Hz)
[1ATeleop loop time: 33.34ms (30 Hz)
[1ATeleop loop time: 33.37ms (30 Hz)
[1ATeleop loop time: 33.36ms (30 Hz)
[1ATeleop loop time: 33.34ms (30 Hz)
[1ATeleop loop time: 33.34ms (30 Hz)
[1ATeleop loop time: 33.35ms (30 Hz)
[1ATeleop loop time: 33.34ms (30 Hz)
[1ATeleop loop time: 33.38ms (30 Hz)
[1ATeleop loop time: 33.34ms (30 Hz)
[1ATeleop loop time: 33.34ms (30 Hz)
[1ATeleop loop time: 33.34ms (30 Hz)
[1ATeleop loop time: 33.34ms (30 Hz)
[1ATeleop loop time: 33.34ms (30 Hz)
[1ATeleop loop time: 33.34ms (30 Hz)
[1ATeleop loop time: 33.35ms (30 Hz)
[1ATeleop loop time: 33.34ms (30 Hz)
[1ATeleop loop time: 33.34ms (30 Hz)
[1ATeleop loop time: 33.34ms (30 Hz)
[1ATeleop loop time: 33.33ms (30 Hz)
[1ATeleop loop time: 33.34ms (30 Hz)
[1ATeleop loop time: 33.34ms (30 Hz)
[1ATeleop loop time: 33.34ms (30 Hz)
[1ATeleop loop time: 33.36ms (30 Hz)
[1ATeleop loop time: 33.36ms (30 Hz)
[1ATeleop loop time: 33.34ms (30 Hz)
[1ATeleop loop time: 33.34ms (30 Hz)
[1ATeleop loop time: 33.34ms (30 Hz)
[1ATeleop loop time: 33.34ms (30 Hz)
[1ATeleop loop time: 33.34ms (30 Hz)
[1ATeleop loop time: 33.34ms (30 Hz)
[1ATeleop loop time: 33.34ms (30 Hz)
[1ATeleop loop time: 33.34ms (30 Hz)
[1ATeleop loop time: 33.38ms (30 Hz)
[1ATeleop loop time: 33.34ms (30 Hz)
[1ATeleop loop time: 33.34ms (30 Hz)
[1ATeleop loop time: 33.36ms (30 Hz)
[1ATeleop loop time: 33.36ms (30 Hz)
[1ATeleop loop time: 33.35ms (30 Hz)
[1ATeleop loop time: 33.34ms (30 Hz)
[1ATeleop loop time: 33.36ms (30 Hz)
[1ATeleop loop time: 33.36ms (30 Hz)
[1ATeleop loop time: 33.38ms (30 Hz)
[1ATeleop loop time: 33.36ms (30 Hz)
[1ATeleop loop time: 33.34ms (30 Hz)
[1ATeleop loop time: 33.36ms (30 Hz)
[1ATeleop loop time: 33.35ms (30 Hz)
[1ATeleop loop time: 33.34ms (30 Hz)
[1ATeleop loop time: 33.36ms (30 Hz)
[1ATeleop loop time: 33.35ms (30 Hz)
[1ATeleop loop time: 33.37ms (30 Hz)
[1ATeleop loop time: 33.34ms (30 Hz)
[1ATeleop loop time: 33.34ms (30 Hz)
[1ATeleop loop time: 33.34ms (30 Hz)
[1ATeleop loop time: 33.36ms (30 Hz)
[1ATeleop loop time: 33.39ms (30 Hz)
[1ATeleop loop time: 33.37ms (30 Hz)
[1ATeleop loop time: 33.35ms (30 Hz)
[1ATeleop loop time: 33.34ms (30 Hz)
[1ATeleop loop time: 33.38ms (30 Hz)
[1ATeleop loop time: 33.37ms (30 Hz)
[1ATeleop loop time: 33.34ms (30 Hz)
[1ATeleop loop time: 33.34ms (30 Hz)
[1ATeleop loop time: 33.34ms (30 Hz)
[1ATeleop loop time: 33.36ms (30 Hz)
[1ATeleop loop time: 33.34ms (30 Hz)
[1ATeleop loop time: 33.34ms (30 Hz)
[1ATeleop loop time: 33.35ms (30 Hz)
[1ATeleop loop time: 33.36ms (30 Hz)
[1ATeleop loop time: 33.36ms (30 Hz)
[1ATeleop loop time: 33.34ms (30 Hz)
[1ATeleop loop time: 33.37ms (30 Hz)
[1ATeleop loop time: 33.34ms (30 Hz)
[1ATeleop loop time: 33.44ms (30 Hz)
[1ATeleop loop time: 33.34ms (30 Hz)
[1ATeleop loop time: 33.34ms (30 Hz)
[1ATeleop loop time: 33.37ms (30 Hz)
[1ATeleop loop time: 33.37ms (30 Hz)
[1ATeleop loop time: 33.34ms (30 Hz)
[1ATeleop loop time: 33.36ms (30 Hz)
[1ATeleop loop time: 33.36ms (30 Hz)
[1ATeleop loop time: 33.38ms (30 Hz)
[1ATeleop loop time: 33.34ms (30 Hz)
[1ATeleop loop time: 33.35ms (30 Hz)
[1ATeleop loop time: 33.34ms (30 Hz)
[1ATeleop loop time: 33.36ms (30 Hz)
[1ATeleop loop time: 33.34ms (30 Hz)
[1ATeleop loop time: 33.34ms (30 Hz)
[1ATeleop loop time: 33.34ms (30 Hz)
[1ATeleop loop time: 33.34ms (30 Hz)
[1ATeleop loop time: 33.37ms (30 Hz)
[1ATeleop loop time: 33.34ms (30 Hz)
[1ATeleop loop time: 33.34ms (30 Hz)
[1ATeleop loop time: 33.34ms (30 Hz)
[1ATeleop loop time: 33.34ms (30 Hz)
[1ATeleop loop time: 33.34ms (30 Hz)
[1ATeleop loop time: 33.34ms (30 Hz)
[1ATeleop loop time: 33.34ms (30 Hz)
[1ATeleop loop time: 33.36ms (30 Hz)
[1ATeleop loop time: 33.36ms (30 Hz)
[1ATeleop loop time: 33.35ms (30 Hz)
[1ATeleop loop time: 33.34ms (30 Hz)
[1ATeleop loop time: 33.37ms (30 Hz)
[1ATeleop loop time: 33.34ms (30 Hz)
[1ATeleop loop time: 33.36ms (30 Hz)
[1ATeleop loop time: 33.34ms (30 Hz)
[1ATeleop loop time: 33.34ms (30 Hz)
[1ATeleop loop time: 33.34ms (30 Hz)
[1ATeleop loop time: 33.49ms (30 Hz)
[1ATeleop loop time: 33.34ms (30 Hz)
[1ATeleop loop time: 33.34ms (30 Hz)
[1ATeleop loop time: 33.34ms (30 Hz)
[1ATeleop loop time: 33.34ms (30 Hz)
[1ATeleop loop time: 33.36ms (30 Hz)
[1ATeleop loop time: 33.34ms (30 Hz)
[1ATeleop loop time: 33.34ms (30 Hz)
[1ATeleop loop time: 33.33ms (30 Hz)
[1ATeleop loop time: 33.34ms (30 Hz)
[1ATeleop loop time: 33.34ms (30 Hz)
[1ATeleop loop time: 33.34ms (30 Hz)
[1ATeleop loop time: 33.38ms (30 Hz)
[1ATeleop loop time: 33.34ms (30 Hz)
[1ATeleop loop time: 33.34ms (30 Hz)
[1ATeleop loop time: 33.34ms (30 Hz)
[1ATeleop loop time: 33.35ms (30 Hz)
[1ATeleop loop time: 33.34ms (30 Hz)
[1ATeleop loop time: 33.35ms (30 Hz)
[1ATeleop loop time: 33.35ms (30 Hz)
[1ATeleop loop time: 33.34ms (30 Hz)
[1ATeleop loop time: 33.34ms (30 Hz)
[1ATeleop loop time: 33.34ms (30 Hz)
[1ATeleop loop time: 33.34ms (30 Hz)
[1ATeleop loop time: 33.34ms (30 Hz)
[1ATeleop loop time: 33.35ms (30 Hz)
[1ATeleop loop time: 33.34ms (30 Hz)
[1ATeleop loop time: 33.34ms (30 Hz)
[1ATeleop loop time: 33.35ms (30 Hz)
[1ATeleop loop time: 33.34ms (30 Hz)
[1ATeleop loop time: 33.36ms (30 Hz)
[1ATeleop loop time: 33.34ms (30 Hz)
[1ATeleop loop time: 33.34ms (30 Hz)WARNING 2026-10-07 15:47:45 ts/utils.py:121 Relative goal position magnitude had to be clamped to be safe.
{   'elbow_flex': {   'original goal_pos': -6.373626373626373,
                      'safe goal_pos': -5.791208791208791}}
WARNING 2026-10-07 15:47:45 ts/utils.py:121 Relative goal position magnitude had to be clamped to be safe.
{   'elbow_flex': {   'original goal_pos': -8.307692307692308,
                      'safe goal_pos': -6.758241758241758}}
WARNING 2026-10-07 15:47:45 ts/utils.py:121 Relative goal position magnitude had to be clamped to be safe.
{   'elbow_flex': {   'original goal_pos': -10.32967032967033,
                      'safe goal_pos': -7.989010989010989},
    'wrist_flex': {   'original goal_pos': 6.725274725274725,
                      'safe goal_pos': 5.087912087912088}}
WARNING 2026-10-07 15:47:45 ts/utils.py:121 Relative goal position magnitude had to be clamped to be safe.
{   'elbow_flex': {   'original goal_pos': -12.703296703296703,
                      'safe goal_pos': -9.043956043956044},
    'wrist_flex': {   'original goal_pos': 9.714285714285714,
                      'safe goal_pos': 6.318681318681318}}
WARNING 2026-10-07 15:47:45 ts/utils.py:121 Relative goal position magnitude had to be clamped to be safe.
{   'elbow_flex': {   'original goal_pos': -15.252747252747254,
                      'safe goal_pos': -10.098901098901099},
    'wrist_flex': {   'original goal_pos': 12.263736263736265,
                      'safe goal_pos': 7.813186813186814}}
WARNING 2026-10-07 15:47:45 ts/utils.py:121 Relative goal position magnitude had to be clamped to be safe.
{   'elbow_flex': {   'original goal_pos': -17.626373626373628,
                      'safe goal_pos': -11.241758241758241},
    'wrist_flex': {   'original goal_pos': 14.637362637362637,
                      'safe goal_pos': 9.043956043956044}}
WARNING 2026-10-07 15:47:45 ts/utils.py:121 Relative goal position magnitude had to be clamped to be safe.
{   'elbow_flex': {   'original goal_pos': -19.736263736263737,
                      'safe goal_pos': -12.384615384615385},
    'wrist_flex': {   'original goal_pos': 16.835164835164836,
                      'safe goal_pos': 10.274725274725274}}
WARNING 2026-10-07 15:47:45 ts/utils.py:121 Relative goal position magnitude had to be clamped to be safe.
{   'elbow_flex': {   'original goal_pos': -21.406593406593405,
                      'safe goal_pos': -13.43956043956044},
    'wrist_flex': {   'original goal_pos': 18.76923076923077,
                      'safe goal_pos': 11.76923076923077}}
WARNING 2026-10-07 15:47:45 ts/utils.py:121 Relative goal position magnitude had to be clamped to be safe.
{   'elbow_flex': {   'original goal_pos': -22.98901098901099,
                      'safe goal_pos': -14.582417582417582},
    'wrist_flex': {   'original goal_pos': 20.52747252747253,
                      'safe goal_pos': 13.0}}
WARNING 2026-10-07 15:47:45 ts/utils.py:121 Relative goal position magnitude had to be clamped to be safe.
{   'elbow_flex': {   'original goal_pos': -24.571428571428573,
                      'safe goal_pos': -15.725274725274724},
    'wrist_flex': {   'original goal_pos': 22.021978021978022,
                      'safe goal_pos': 14.406593406593407}}
WARNING 2026-10-07 15:47:45 ts/utils.py:121 Relative goal position magnitude had to be clamped to be safe.
{   'elbow_flex': {   'original goal_pos': -26.593406593406595,
                      'safe goal_pos': -17.043956043956044},
    'wrist_flex': {   'original goal_pos': 24.043956043956044,
                      'safe goal_pos': 16.076923076923077}}
WARNING 2026-10-07 15:47:45 ts/utils.py:121 Relative goal position magnitude had to be clamped to be safe.
{   'elbow_flex': {   'original goal_pos': -28.263736263736263,
                      'safe goal_pos': -18.186813186813186},
    'wrist_flex': {   'original goal_pos': 25.626373626373628,
                      'safe goal_pos': 17.21978021978022}}
WARNING 2026-10-07 15:47:45 ts/utils.py:121 Relative goal position magnitude had to be clamped to be safe.
{   'elbow_flex': {   'original goal_pos': -29.846153846153847,
                      'safe goal_pos': -19.24175824175824},
    'wrist_flex': {   'original goal_pos': 27.296703296703296,
                      'safe goal_pos': 18.450549450549453}}
WARNING 2026-10-07 15:47:45 ts/utils.py:121 Relative goal position magnitude had to be clamped to be safe.
{   'elbow_flex': {   'original goal_pos': -31.604395604395606,
                      'safe goal_pos': -20.472527472527474},
    'wrist_flex': {   'original goal_pos': 29.054945054945055,
                      'safe goal_pos': 19.857142857142858}}
WARNING 2026-10-07 15:47:45 ts/utils.py:121 Relative goal position magnitude had to be clamped to be safe.
{   'elbow_flex': {   'original goal_pos': -33.45054945054945,
                      'safe goal_pos': -21.52747252747253},
    'wrist_flex': {   'original goal_pos': 30.9010989010989,
                      'safe goal_pos': 21.087912087912088}}
WARNING 2026-10-07 15:47:45 ts/utils.py:121 Relative goal position magnitude had to be clamped to be safe.
{   'elbow_flex': {   'original goal_pos': -35.56043956043956,
                      'safe goal_pos': -22.75824175824176},
    'wrist_flex': {   'original goal_pos': 32.30769230769231,
                      'safe goal_pos': 22.494505494505493}}
WARNING 2026-10-07 15:47:45 ts/utils.py:121 Relative goal position magnitude had to be clamped to be safe.
{   'elbow_flex': {   'original goal_pos': -38.10989010989011,
                      'safe goal_pos': -23.813186813186814},
    'wrist_flex': {   'original goal_pos': 33.18681318681319,
                      'safe goal_pos': 23.813186813186814}}
WARNING 2026-10-07 15:47:45 ts/utils.py:121 Relative goal position magnitude had to be clamped to be safe.
{   'elbow_flex': {   'original goal_pos': -41.010989010989015,
                      'safe goal_pos': -25.043956043956044},
    'wrist_flex': {   'original goal_pos': 33.53846153846154,
                      'safe goal_pos': 25.13186813186813}}
WARNING 2026-10-07 15:47:45 ts/utils.py:121 Relative goal position magnitude had to be clamped to be safe.
{   'elbow_flex': {   'original goal_pos': -44.175824175824175,
                      'safe goal_pos': -26.274725274725274},
    'shoulder_lift': {   'original goal_pos': 8.307692307692308,
                         'safe goal_pos': 6.846153846153847},
    'wrist_flex': {   'original goal_pos': 33.62637362637363,
                      'safe goal_pos': 26.45054945054945}}
WARNING 2026-10-07 15:47:45 ts/utils.py:121 Relative goal position magnitude had to be clamped to be safe.
{   'elbow_flex': {   'original goal_pos': -47.42857142857143,
                      'safe goal_pos': -27.417582417582416},
    'shoulder_lift': {   'original goal_pos': 10.857142857142858,
                         'safe goal_pos': 8.076923076923077},
    'wrist_flex': {   'original goal_pos': 33.62637362637363,
                      'safe goal_pos': 27.76923076923077}}
WARNING 2026-10-07 15:47:45 ts/utils.py:121 Relative goal position magnitude had to be clamped to be safe.
{   'elbow_flex': {   'original goal_pos': -50.68131868131868,
                      'safe goal_pos': -28.64835164835165},
    'shoulder_lift': {   'original goal_pos': 13.67032967032967,
                         'safe goal_pos': 9.131868131868131},
    'wrist_flex': {   'original goal_pos': 33.53846153846154,
                      'safe goal_pos': 29.175824175824175}}
WARNING 2026-10-07 15:47:45 ts/utils.py:121 Relative goal position magnitude had to be clamped to be safe.
{   'elbow_flex': {   'original goal_pos': -54.02197802197802,
                      'safe goal_pos': -29.791208791208792},
    'shoulder_lift': {   'original goal_pos': 16.65934065934066,
                         'safe goal_pos': 10.274725274725274},
    'wrist_flex': {   'original goal_pos': 33.45054945054945,
                      'safe goal_pos': 30.582417582417584}}
WARNING 2026-10-07 15:47:45 ts/utils.py:121 Relative goal position magnitude had to be clamped to be safe.
{   'elbow_flex': {   'original goal_pos': -57.18681318681319,
                      'safe goal_pos': -31.021978021978022},
    'shoulder_lift': {   'original goal_pos': 19.47252747252747,
                         'safe goal_pos': 11.329670329670328},
    'wrist_flex': {   'original goal_pos': 33.362637362637365,
                      'safe goal_pos': 31.813186813186814}}
WARNING 2026-10-07 15:47:45 ts/utils.py:121 Relative goal position magnitude had to be clamped to be safe.
{   'elbow_flex': {   'original goal_pos': -60.43956043956044,
                      'safe goal_pos': -32.16483516483517},
    'shoulder_lift': {   'original goal_pos': 22.373626373626372,
                         'safe goal_pos': 12.472527472527473}}
WARNING 2026-10-07 15:47:45 ts/utils.py:121 Relative goal position magnitude had to be clamped to be safe.
{   'elbow_flex': {   'original goal_pos': -63.604395604395606,
                      'safe goal_pos': -33.395604395604394},
    'shoulder_lift': {   'original goal_pos': 25.186813186813186,
                         'safe goal_pos': 13.615384615384615}}
WARNING 2026-10-07 15:47:45 ts/utils.py:121 Relative goal position magnitude had to be clamped to be safe.
{   'elbow_flex': {   'original goal_pos': -66.50549450549451,
                      'safe goal_pos': -34.450549450549445},
    'shoulder_lift': {   'original goal_pos': 28.087912087912088,
                         'safe goal_pos': 14.67032967032967}}
WARNING 2026-10-07 15:47:45 ts/utils.py:121 Relative goal position magnitude had to be clamped to be safe.
{   'elbow_flex': {   'original goal_pos': -69.14285714285714,
                      'safe goal_pos': -35.681318681318686},
    'shoulder_lift': {   'original goal_pos': 30.98901098901099,
                         'safe goal_pos': 15.901098901098901}}
WARNING 2026-10-07 15:47:45 ts/utils.py:121 Relative goal position magnitude had to be clamped to be safe.
{   'elbow_flex': {   'original goal_pos': -71.51648351648352,
                      'safe goal_pos': -36.64835164835165},
    'shoulder_lift': {   'original goal_pos': 33.8021978021978,
                         'safe goal_pos': 16.956043956043956}}
WARNING 2026-10-07 15:47:45 ts/utils.py:121 Relative goal position magnitude had to be clamped to be safe.
{   'elbow_flex': {   'original goal_pos': -74.15384615384616,
                      'safe goal_pos': -37.967032967032964},
    'shoulder_lift': {   'original goal_pos': 36.43956043956044,
                         'safe goal_pos': 18.274725274725277}}
WARNING 2026-10-07 15:47:45 ts/utils.py:121 Relative goal position magnitude had to be clamped to be safe.
{   'elbow_flex': {   'original goal_pos': -76.52747252747253,
                      'safe goal_pos': -39.02197802197802},
    'shoulder_lift': {   'original goal_pos': 38.989010989010985,
                         'safe goal_pos': 19.32967032967033}}
WARNING 2026-10-07 15:47:46 ts/utils.py:121 Relative goal position magnitude had to be clamped to be safe.
{   'elbow_flex': {   'original goal_pos': -78.72527472527473,
                      'safe goal_pos': -40.34065934065934},
    'shoulder_lift': {   'original goal_pos': 41.714285714285715,
                         'safe goal_pos': 20.64835164835165}}
WARNING 2026-10-07 15:47:46 ts/utils.py:121 Relative goal position magnitude had to be clamped to be safe.
{   'elbow_flex': {   'original goal_pos': -80.3956043956044,
                      'safe goal_pos': -41.395604395604394},
    'shoulder_lift': {   'original goal_pos': 43.64835164835165,
                         'safe goal_pos': 21.615384615384617}}
WARNING 2026-10-07 15:47:46 ts/utils.py:121 Relative goal position magnitude had to be clamped to be safe.
{   'elbow_flex': {   'original goal_pos': -82.06593406593407,
                      'safe goal_pos': -42.362637362637365},
    'shoulder_lift': {   'original goal_pos': 45.84615384615385,
                         'safe goal_pos': 22.67032967032967}}
WARNING 2026-10-07 15:47:46 ts/utils.py:121 Relative goal position magnitude had to be clamped to be safe.
{   'elbow_flex': {   'original goal_pos': -83.56043956043956,
                      'safe goal_pos': -43.76923076923077},
    'shoulder_lift': {   'original goal_pos': 47.956043956043956,
                         'safe goal_pos': 23.9010989010989}}
WARNING 2026-10-07 15:47:46 ts/utils.py:121 Relative goal position magnitude had to be clamped to be safe.
{   'elbow_flex': {   'original goal_pos': -84.79120879120879,
                      'safe goal_pos': -44.73626373626374},
    'shoulder_lift': {   'original goal_pos': 49.89010989010989,
                         'safe goal_pos': 25.043956043956044}}
WARNING 2026-10-07 15:47:46 ts/utils.py:121 Relative goal position magnitude had to be clamped to be safe.
{   'elbow_flex': {   'original goal_pos': -85.84615384615384,
                      'safe goal_pos': -46.05494505494506},
    'shoulder_lift': {   'original goal_pos': 51.56043956043956,
                         'safe goal_pos': 26.186813186813186}}
WARNING 2026-10-07 15:47:46 ts/utils.py:121 Relative goal position magnitude had to be clamped to be safe.
{   'elbow_flex': {   'original goal_pos': -86.72527472527473,
                      'safe goal_pos': -47.1978021978022},
    'shoulder_lift': {   'original goal_pos': 53.142857142857146,
                         'safe goal_pos': 27.32967032967033}}
WARNING 2026-10-07 15:47:46 ts/utils.py:121 Relative goal position magnitude had to be clamped to be safe.
{   'elbow_flex': {   'original goal_pos': -87.42857142857143,
                      'safe goal_pos': -48.34065934065934},
    'shoulder_lift': {   'original goal_pos': 54.72527472527472,
                         'safe goal_pos': 28.47252747252747}}
WARNING 2026-10-07 15:47:46 ts/utils.py:121 Relative goal position magnitude had to be clamped to be safe.
{   'elbow_flex': {   'original goal_pos': -87.86813186813187,
                      'safe goal_pos': -49.57142857142857},
    'shoulder_lift': {   'original goal_pos': 56.13186813186813,
                         'safe goal_pos': 29.615384615384617}}
WARNING 2026-10-07 15:47:46 ts/utils.py:121 Relative goal position magnitude had to be clamped to be safe.
{   'elbow_flex': {   'original goal_pos': -87.95604395604396,
                      'safe goal_pos': -50.714285714285715},
    'shoulder_lift': {   'original goal_pos': 57.362637362637365,
                         'safe goal_pos': 30.846153846153847},
    'wrist_flex': {   'original goal_pos': 12.615384615384615,
                      'safe goal_pos': 12.934065934065934}}
WARNING 2026-10-07 15:47:46 ts/utils.py:121 Relative goal position magnitude had to be clamped to be safe.
{   'elbow_flex': {   'original goal_pos': -87.95604395604396,
                      'safe goal_pos': -51.94505494505494},
    'shoulder_lift': {   'original goal_pos': 58.505494505494504,
                         'safe goal_pos': 31.9010989010989},
    'wrist_flex': {   'original goal_pos': 10.593406593406593,
                      'safe goal_pos': 11.439560439560438}}
WARNING 2026-10-07 15:47:46 ts/utils.py:121 Relative goal position magnitude had to be clamped to be safe.
{   'elbow_flex': {   'original goal_pos': -87.95604395604396,
                      'safe goal_pos': -53.08791208791209},
    'shoulder_lift': {   'original goal_pos': 59.56043956043956,
                         'safe goal_pos': 33.043956043956044},
    'wrist_flex': {   'original goal_pos': 8.571428571428571,
                      'safe goal_pos': 9.857142857142858}}
WARNING 2026-10-07 15:47:46 ts/utils.py:121 Relative goal position magnitude had to be clamped to be safe.
{   'elbow_flex': {   'original goal_pos': -87.95604395604396,
                      'safe goal_pos': -54.40659340659341},
    'shoulder_lift': {   'original goal_pos': 60.527472527472526,
                         'safe goal_pos': 34.18681318681318},
    'wrist_flex': {   'original goal_pos': 6.549450549450549,
                      'safe goal_pos': 8.274725274725276}}
WARNING 2026-10-07 15:47:46 ts/utils.py:121 Relative goal position magnitude had to be clamped to be safe.
{   'elbow_flex': {   'original goal_pos': -87.95604395604396,
                      'safe goal_pos': -55.54945054945055},
    'shoulder_lift': {   'original goal_pos': 61.31868131868132,
                         'safe goal_pos': 35.32967032967033},
    'wrist_flex': {   'original goal_pos': 4.791208791208791,
                      'safe goal_pos': 6.780219780219781}}
WARNING 2026-10-07 15:47:46 ts/utils.py:121 Relative goal position magnitude had to be clamped to be safe.
{   'elbow_flex': {   'original goal_pos': -87.95604395604396,
                      'safe goal_pos': -56.86813186813187},
    'shoulder_lift': {   'original goal_pos': 61.934065934065934,
                         'safe goal_pos': 36.472527472527474},
    'wrist_flex': {   'original goal_pos': 3.4725274725274726,
                      'safe goal_pos': 5.197802197802197}}
WARNING 2026-10-07 15:47:46 ts/utils.py:121 Relative goal position magnitude had to be clamped to be safe.
{   'elbow_flex': {   'original goal_pos': -87.95604395604396,
                      'safe goal_pos': -58.0989010989011},
    'shoulder_lift': {   'original goal_pos': 62.37362637362637,
                         'safe goal_pos': 37.61538461538461},
    'wrist_flex': {   'original goal_pos': 2.5054945054945055,
                      'safe goal_pos': 3.7032967032967026}}
WARNING 2026-10-07 15:47:46 ts/utils.py:121 Relative goal position magnitude had to be clamped to be safe.
{   'elbow_flex': {   'original goal_pos': -87.95604395604396,
                      'safe goal_pos': -59.24175824175824},
    'shoulder_lift': {   'original goal_pos': 62.637362637362635,
                         'safe goal_pos': 38.75824175824176},
    'wrist_flex': {   'original goal_pos': 1.8021978021978022,
                      'safe goal_pos': 2.208791208791209}}
WARNING 2026-10-07 15:47:46 ts/utils.py:121 Relative goal position magnitude had to be clamped to be safe.
{   'elbow_flex': {   'original goal_pos': -87.86813186813187,
                      'safe goal_pos': -60.56043956043956},
    'shoulder_lift': {   'original goal_pos': 62.72527472527472,
                         'safe goal_pos': 39.9010989010989}}
WARNING 2026-10-07 15:47:46 ts/utils.py:121 Relative goal position magnitude had to be clamped to be safe.
{   'elbow_flex': {   'original goal_pos': -87.86813186813187,
                      'safe goal_pos': -61.79120879120879},
    'shoulder_lift': {   'original goal_pos': 62.81318681318681,
                         'safe goal_pos': 41.043956043956044}}
WARNING 2026-10-07 15:47:46 ts/utils.py:121 Relative goal position magnitude had to be clamped to be safe.
{   'elbow_flex': {   'original goal_pos': -87.86813186813187,
                      'safe goal_pos': -63.02197802197802},
    'shoulder_lift': {   'original goal_pos': 62.9010989010989,
                         'safe goal_pos': 42.18681318681319}}
WARNING 2026-10-07 15:47:46 ts/utils.py:121 Relative goal position magnitude had to be clamped to be safe.
{   'elbow_flex': {   'original goal_pos': -87.86813186813187,
                      'safe goal_pos': -64.25274725274726},
    'shoulder_lift': {   'original goal_pos': 62.989010989010985,
                         'safe goal_pos': 43.32967032967033}}
WARNING 2026-10-07 15:47:46 ts/utils.py:121 Relative goal position magnitude had to be clamped to be safe.
{   'elbow_flex': {   'original goal_pos': -87.78021978021978,
                      'safe goal_pos': -65.57142857142857},
    'shoulder_lift': {   'original goal_pos': 62.989010989010985,
                         'safe goal_pos': 44.472527472527474}}
WARNING 2026-10-07 15:47:46 ts/utils.py:121 Relative goal position magnitude had to be clamped to be safe.
{   'elbow_flex': {   'original goal_pos': -87.34065934065934,
                      'safe goal_pos': -66.80219780219781},
    'shoulder_lift': {   'original goal_pos': 63.07692307692308,
                         'safe goal_pos': 45.61538461538461}}
WARNING 2026-10-07 15:47:46 ts/utils.py:121 Relative goal position magnitude had to be clamped to be safe.
{   'elbow_flex': {   'original goal_pos': -86.37362637362638,
                      'safe goal_pos': -68.12087912087912},
    'shoulder_lift': {   'original goal_pos': 63.07692307692308,
                         'safe goal_pos': 46.75824175824176}}
WARNING 2026-10-07 15:47:46 ts/utils.py:121 Relative goal position magnitude had to be clamped to be safe.
{   'elbow_flex': {   'original goal_pos': -85.23076923076923,
                      'safe goal_pos': -69.35164835164835},
    'shoulder_lift': {   'original goal_pos': 62.9010989010989,
                         'safe goal_pos': 47.989010989010985}}
WARNING 2026-10-07 15:47:46 ts/utils.py:121 Relative goal position magnitude had to be clamped to be safe.
{   'elbow_flex': {   'original goal_pos': -83.91208791208791,
                      'safe goal_pos': -70.58241758241758},
    'shoulder_lift': {   'original goal_pos': 62.72527472527472,
                         'safe goal_pos': 49.13186813186813}}
WARNING 2026-10-07 15:47:46 ts/utils.py:121 Relative goal position magnitude had to be clamped to be safe.
{   'elbow_flex': {   'original goal_pos': -82.5934065934066,
                      'safe goal_pos': -71.9010989010989},
    'shoulder_lift': {   'original goal_pos': 62.637362637362635,
                         'safe goal_pos': 50.27472527472528}}
WARNING 2026-10-07 15:47:46 ts/utils.py:121 Relative goal position magnitude had to be clamped to be safe.
{   'elbow_flex': {   'original goal_pos': -81.89010989010988,
                      'safe goal_pos': -73.13186813186813},
    'shoulder_lift': {   'original goal_pos': 62.637362637362635,
                         'safe goal_pos': 51.505494505494504}}
WARNING 2026-10-07 15:47:46 ts/utils.py:121 Relative goal position magnitude had to be clamped to be safe.
{   'elbow_flex': {   'original goal_pos': -81.8021978021978,
                      'safe goal_pos': -74.45054945054945},
    'shoulder_lift': {   'original goal_pos': 62.637362637362635,
                         'safe goal_pos': 52.73626373626374}}
WARNING 2026-10-07 15:47:46 ts/utils.py:121 Relative goal position magnitude had to be clamped to be safe.
{   'elbow_flex': {   'original goal_pos': -81.8021978021978,
                      'safe goal_pos': -75.68131868131869},
    'shoulder_lift': {   'original goal_pos': 62.637362637362635,
                         'safe goal_pos': 53.967032967032964}}
WARNING 2026-10-07 15:47:47 ts/utils.py:121 Relative goal position magnitude had to be clamped to be safe.
{   'elbow_flex': {   'original goal_pos': -81.89010989010988,
                      'safe goal_pos': -76.91208791208791},
    'shoulder_lift': {   'original goal_pos': 62.81318681318681,
                         'safe goal_pos': 55.1978021978022}}
WARNING 2026-10-07 15:47:47 ts/utils.py:121 Relative goal position magnitude had to be clamped to be safe.
{   'elbow_flex': {   'original goal_pos': -81.89010989010988,
                      'safe goal_pos': -78.23076923076923},
    'shoulder_lift': {   'original goal_pos': 62.9010989010989,
                         'safe goal_pos': 56.42857142857143}}
WARNING 2026-10-07 15:47:47 ts/utils.py:121 Relative goal position magnitude had to be clamped to be safe.
{   'elbow_flex': {   'original goal_pos': -81.89010989010988,
                      'safe goal_pos': -79.46153846153847},
    'shoulder_lift': {   'original goal_pos': 62.9010989010989,
                         'safe goal_pos': 57.65934065934066}}
WARNING 2026-10-07 15:47:47 ts/utils.py:121 Relative goal position magnitude had to be clamped to be safe.
{   'elbow_flex': {   'original goal_pos': -81.89010989010988,
                      'safe goal_pos': -80.6923076923077},
    'shoulder_lift': {   'original goal_pos': 62.989010989010985,
                         'safe goal_pos': 58.89010989010989}}
WARNING 2026-10-07 15:47:47 ts/utils.py:121 Relative goal position magnitude had to be clamped to be safe.
{   'shoulder_lift': {   'original goal_pos': 63.07692307692308,
                         'safe goal_pos': 60.120879120879124}}
WARNING 2026-10-07 15:47:47 ts/utils.py:121 Relative goal position magnitude had to be clamped to be safe.
{   'shoulder_lift': {   'original goal_pos': 63.07692307692308,
                         'safe goal_pos': 61.43956043956044}}
WARNING 2026-10-07 15:47:47 ts/utils.py:121 Relative goal position magnitude had to be clamped to be safe.
{   'shoulder_lift': {   'original goal_pos': 63.07692307692308,
                         'safe goal_pos': 62.67032967032967}}
WARNING 2026-10-07 15:47:47 ts/utils.py:121 Relative goal position magnitude had to be clamped to be safe.
{   'wrist_flex': {   'original goal_pos': 12.527472527472527,
                      'safe goal_pos': 11.505494505494505}}
WARNING 2026-10-07 15:47:47 ts/utils.py:121 Relative goal position magnitude had to be clamped to be safe.
{   'wrist_flex': {   'original goal_pos': 14.901098901098901,
                      'safe goal_pos': 12.736263736263737}}
WARNING 2026-10-07 15:47:47 ts/utils.py:121 Relative goal position magnitude had to be clamped to be safe.
{   'wrist_flex': {   'original goal_pos': 17.01098901098901,
                      'safe goal_pos': 14.142857142857142}}
WARNING 2026-10-07 15:47:47 ts/utils.py:121 Relative goal position magnitude had to be clamped to be safe.
{   'wrist_flex': {   'original goal_pos': 18.76923076923077,
                      'safe goal_pos': 15.373626373626374}}
WARNING 2026-10-07 15:47:47 ts/utils.py:121 Relative goal position magnitude had to be clamped to be safe.
{   'wrist_flex': {   'original goal_pos': 20.439560439560438,
                      'safe goal_pos': 16.692307692307693}}
WARNING 2026-10-07 15:47:47 ts/utils.py:121 Relative goal position magnitude had to be clamped to be safe.
{   'wrist_flex': {   'original goal_pos': 21.67032967032967,
                      'safe goal_pos': 18.01098901098901}}
WARNING 2026-10-07 15:47:47 ts/utils.py:121 Relative goal position magnitude had to be clamped to be safe.
{   'wrist_flex': {   'original goal_pos': 22.373626373626372,
                      'safe goal_pos': 19.24175824175824}}
WARNING 2026-10-07 15:47:47 ts/utils.py:121 Relative goal position magnitude had to be clamped to be safe.
{   'wrist_flex': {   'original goal_pos': 22.46153846153846,
                      'safe goal_pos': 20.64835164835165}}
WARNING 2026-10-07 15:47:47 ts/utils.py:121 Relative goal position magnitude had to be clamped to be safe.
{   'wrist_flex': {   'original goal_pos': 22.197802197802197,
                      'safe goal_pos': 21.87912087912088}}
WARNING 2026-10-07 15:47:48 ts/utils.py:121 Relative goal position magnitude had to be clamped to be safe.
{   'wrist_flex': {   'original goal_pos': 30.10989010989011,
                      'safe goal_pos': 29.615384615384617}}
WARNING 2026-10-07 15:47:48 ts/utils.py:121 Relative goal position magnitude had to be clamped to be safe.
{   'wrist_flex': {   'original goal_pos': 32.043956043956044,
                      'safe goal_pos': 31.021978021978022}}
WARNING 2026-10-07 15:47:48 ts/utils.py:121 Relative goal position magnitude had to be clamped to be safe.
{   'wrist_flex': {   'original goal_pos': 34.065934065934066,
                      'safe goal_pos': 32.604395604395606}}
WARNING 2026-10-07 15:47:48 ts/utils.py:121 Relative goal position magnitude had to be clamped to be safe.
{   'wrist_flex': {   'original goal_pos': 35.38461538461539,
                      'safe goal_pos': 33.747252747252745}}
WARNING 2026-10-07 15:47:48 ts/utils.py:121 Relative goal position magnitude had to be clamped to be safe.
{   'wrist_flex': {   'original goal_pos': 36.43956043956044,
                      'safe goal_pos': 35.065934065934066}}
WARNING 2026-10-07 15:47:48 ts/utils.py:121 Relative goal position magnitude had to be clamped to be safe.
{   'wrist_flex': {   'original goal_pos': 37.31868131868132,
                      'safe goal_pos': 36.56043956043956}}
WARNING 2026-10-07 15:47:48 ts/utils.py:121 Relative goal position magnitude had to be clamped to be safe.
{   'wrist_flex': {   'original goal_pos': 29.934065934065934,
                      'safe goal_pos': 29.989010989010985}}
WARNING 2026-10-07 15:47:49 ts/utils.py:121 Relative goal position magnitude had to be clamped to be safe.
{   'gripper': {   'original goal_pos': 11.020104244229337,
                   'safe goal_pos': 7.862595419847328}}
WARNING 2026-10-07 15:47:49 ts/utils.py:121 Relative goal position magnitude had to be clamped to be safe.
{   'gripper': {   'original goal_pos': 16.232315711094564,
                   'safe goal_pos': 9.198473282442748}}
WARNING 2026-10-07 15:47:49 ts/utils.py:121 Relative goal position magnitude had to be clamped to be safe.
{   'gripper': {   'original goal_pos': 22.189128816083397,
                   'safe goal_pos': 10.725190839694656}}
WARNING 2026-10-07 15:47:49 ts/utils.py:121 Relative goal position magnitude had to be clamped to be safe.
{   'gripper': {   'original goal_pos': 27.922561429635145,
                   'safe goal_pos': 12.188295165394402}}
WARNING 2026-10-07 15:47:49 ts/utils.py:121 Relative goal position magnitude had to be clamped to be safe.
{   'gripper': {   'original goal_pos': 33.358153387937456,
                   'safe goal_pos': 13.587786259541986}}
WARNING 2026-10-07 15:47:50 ts/utils.py:121 Relative goal position magnitude had to be clamped to be safe.
{   'gripper': {   'original goal_pos': 37.90022338049144,
                   'safe goal_pos': 15.05089058524173}}
WARNING 2026-10-07 15:47:50 ts/utils.py:121 Relative goal position magnitude had to be clamped to be safe.
{   'gripper': {   'original goal_pos': 42.06999255398362,
                   'safe goal_pos': 16.38676844783715}}
WARNING 2026-10-07 15:47:50 ts/utils.py:121 Relative goal position magnitude had to be clamped to be safe.
{   'gripper': {   'original goal_pos': 45.793000744601635,
                   'safe goal_pos': 17.849872773536894}}
WARNING 2026-10-07 15:47:50 ts/utils.py:121 Relative goal position magnitude had to be clamped to be safe.
{   'gripper': {   'original goal_pos': 48.771407297096054,
                   'safe goal_pos': 19.31297709923664}}
WARNING 2026-10-07 15:47:50 ts/utils.py:121 Relative goal position magnitude had to be clamped to be safe.
{   'gripper': {   'original goal_pos': 51.3030528667163,
                   'safe goal_pos': 20.712468193384225}}
WARNING 2026-10-07 15:47:50 ts/utils.py:121 Relative goal position magnitude had to be clamped to be safe.
{   'gripper': {   'original goal_pos': 53.31347728965004,
                   'safe goal_pos': 22.17557251908397}}
WARNING 2026-10-07 15:47:50 ts/utils.py:121 Relative goal position magnitude had to be clamped to be safe.
{   'gripper': {   'original goal_pos': 55.10052122114668,
                   'safe goal_pos': 23.575063613231553}}
WARNING 2026-10-07 15:47:50 ts/utils.py:121 Relative goal position magnitude had to be clamped to be safe.
{   'gripper': {   'original goal_pos': 56.51526433358154,
                   'safe goal_pos': 25.0381679389313}}
WARNING 2026-10-07 15:47:50 ts/utils.py:121 Relative goal position magnitude had to be clamped to be safe.
{   'gripper': {   'original goal_pos': 58.004467609828744,
                   'safe goal_pos': 26.43765903307888}}
WARNING 2026-10-07 15:47:50 ts/utils.py:121 Relative goal position magnitude had to be clamped to be safe.
{   'gripper': {   'original goal_pos': 59.49367088607595,
                   'safe goal_pos': 27.900763358778626}}
WARNING 2026-10-07 15:47:50 ts/utils.py:121 Relative goal position magnitude had to be clamped to be safe.
{   'gripper': {   'original goal_pos': 61.05733432613552,
                   'safe goal_pos': 29.30025445292621}}
WARNING 2026-10-07 15:47:50 ts/utils.py:121 Relative goal position magnitude had to be clamped to be safe.
{   'gripper': {   'original goal_pos': 62.76991809381981,
                   'safe goal_pos': 30.826972010178118}}
WARNING 2026-10-07 15:47:50 ts/utils.py:121 Relative goal position magnitude had to be clamped to be safe.
{   'gripper': {   'original goal_pos': 64.55696202531645,
                   'safe goal_pos': 32.162849872773535}}
WARNING 2026-10-07 15:47:50 ts/utils.py:121 Relative goal position magnitude had to be clamped to be safe.
{   'gripper': {   'original goal_pos': 66.49292628443783,
                   'safe goal_pos': 33.62595419847328}}
WARNING 2026-10-07 15:47:50 ts/utils.py:121 Relative goal position magnitude had to be clamped to be safe.
{   'gripper': {   'original goal_pos': 69.02457185405808,
                   'safe goal_pos': 35.407124681933844}}
WARNING 2026-10-07 15:47:50 ts/utils.py:121 Relative goal position magnitude had to be clamped to be safe.
{   'gripper': {   'original goal_pos': 71.10945644080418,
                   'safe goal_pos': 36.679389312977094}}
WARNING 2026-10-07 15:47:50 ts/utils.py:121 Relative goal position magnitude had to be clamped to be safe.
{   'gripper': {   'original goal_pos': 73.26880119136263,
                   'safe goal_pos': 38.01526717557252}}
WARNING 2026-10-07 15:47:50 ts/utils.py:121 Relative goal position magnitude had to be clamped to be safe.
{   'gripper': {   'original goal_pos': 75.65152643335816,
                   'safe goal_pos': 39.541984732824424}}
WARNING 2026-10-07 15:47:50 ts/utils.py:121 Relative goal position magnitude had to be clamped to be safe.
{   'gripper': {   'original goal_pos': 78.10871183916605,
                   'safe goal_pos': 40.94147582697201}}
WARNING 2026-10-07 15:47:50 ts/utils.py:121 Relative goal position magnitude had to be clamped to be safe.
{   'gripper': {   'original goal_pos': 80.41697691734922,
                   'safe goal_pos': 42.340966921119595}}
WARNING 2026-10-07 15:47:50 ts/utils.py:121 Relative goal position magnitude had to be clamped to be safe.
{   'gripper': {   'original goal_pos': 82.94862248696947,
                   'safe goal_pos': 43.80407124681934}}
WARNING 2026-10-07 15:47:50 ts/utils.py:121 Relative goal position magnitude had to be clamped to be safe.
{   'gripper': {   'original goal_pos': 85.331347728965,
                   'safe goal_pos': 45.20356234096692}}
WARNING 2026-10-07 15:47:50 ts/utils.py:121 Relative goal position magnitude had to be clamped to be safe.
{   'gripper': {   'original goal_pos': 87.71407297096053,
                   'safe goal_pos': 46.66666666666667}}
WARNING 2026-10-07 15:47:50 ts/utils.py:121 Relative goal position magnitude had to be clamped to be safe.
{   'gripper': {   'original goal_pos': 89.79895755770663,
                   'safe goal_pos': 48.06615776081425}}
WARNING 2026-10-07 15:47:50 ts/utils.py:121 Relative goal position magnitude had to be clamped to be safe.
{   'gripper': {   'original goal_pos': 91.58600148920327,
                   'safe goal_pos': 49.529262086513995}}
WARNING 2026-10-07 15:47:50 ts/utils.py:121 Relative goal position magnitude had to be clamped to be safe.
{   'gripper': {   'original goal_pos': 92.40506329113924,
                   'safe goal_pos': 50.92875318066158}}
WARNING 2026-10-07 15:47:50 ts/utils.py:121 Relative goal position magnitude had to be clamped to be safe.
{   'gripper': {   'original goal_pos': 92.40506329113924,
                   'safe goal_pos': 52.32824427480916}}
WARNING 2026-10-07 15:47:50 ts/utils.py:121 Relative goal position magnitude had to be clamped to be safe.
{   'gripper': {   'original goal_pos': 92.40506329113924,
                   'safe goal_pos': 53.72773536895674}}
WARNING 2026-10-07 15:47:50 ts/utils.py:121 Relative goal position magnitude had to be clamped to be safe.
{   'gripper': {   'original goal_pos': 92.40506329113924,
                   'safe goal_pos': 55.25445292620865}}
WARNING 2026-10-07 15:47:50 ts/utils.py:121 Relative goal position magnitude had to be clamped to be safe.
{   'gripper': {   'original goal_pos': 92.40506329113924,
                   'safe goal_pos': 56.653944020356235}}
WARNING 2026-10-07 15:47:51 ts/utils.py:121 Relative goal position magnitude had to be clamped to be safe.
{   'gripper': {   'original goal_pos': 92.40506329113924,
                   'safe goal_pos': 58.11704834605598}}
WARNING 2026-10-07 15:47:51 ts/utils.py:121 Relative goal position magnitude had to be clamped to be safe.
{   'gripper': {   'original goal_pos': 92.40506329113924,
                   'safe goal_pos': 59.58015267175572}}
WARNING 2026-10-07 15:47:51 ts/utils.py:121 Relative goal position magnitude had to be clamped to be safe.
{   'gripper': {   'original goal_pos': 92.40506329113924,
                   'safe goal_pos': 60.97964376590331}}
WARNING 2026-10-07 15:47:51 ts/utils.py:121 Relative goal position magnitude had to be clamped to be safe.
{   'gripper': {   'original goal_pos': 92.40506329113924,
                   'safe goal_pos': 62.44274809160306}}
WARNING 2026-10-07 15:47:51 ts/utils.py:121 Relative goal position magnitude had to be clamped to be safe.
{   'gripper': {   'original goal_pos': 92.40506329113924,
                   'safe goal_pos': 63.905852417302796}}
WARNING 2026-10-07 15:47:51 ts/utils.py:121 Relative goal position magnitude had to be clamped to be safe.
{   'gripper': {   'original goal_pos': 92.40506329113924,
                   'safe goal_pos': 65.36895674300254}}
WARNING 2026-10-07 15:47:51 ts/utils.py:121 Relative goal position magnitude had to be clamped to be safe.
{   'gripper': {   'original goal_pos': 92.40506329113924,
                   'safe goal_pos': 66.76844783715013}}
WARNING 2026-10-07 15:47:51 ts/utils.py:121 Relative goal position magnitude had to be clamped to be safe.
{   'gripper': {   'original goal_pos': 92.40506329113924,
                   'safe goal_pos': 68.23155216284987}}
WARNING 2026-10-07 15:47:51 ts/utils.py:121 Relative goal position magnitude had to be clamped to be safe.
{   'gripper': {   'original goal_pos': 92.40506329113924,
                   'safe goal_pos': 69.63104325699746}}
WARNING 2026-10-07 15:47:51 ts/utils.py:121 Relative goal position magnitude had to be clamped to be safe.
{   'gripper': {   'original goal_pos': 92.33060312732688,
                   'safe goal_pos': 71.03053435114504}}
WARNING 2026-10-07 15:47:51 ts/utils.py:121 Relative goal position magnitude had to be clamped to be safe.
{   'gripper': {   'original goal_pos': 92.25614296351452,
                   'safe goal_pos': 72.49363867684478}}
WARNING 2026-10-07 15:47:51 ts/utils.py:121 Relative goal position magnitude had to be clamped to be safe.
{   'gripper': {   'original goal_pos': 91.58600148920327,
                   'safe goal_pos': 73.95674300254453}}
WARNING 2026-10-07 15:47:51 ts/utils.py:121 Relative goal position magnitude had to be clamped to be safe.
{   'gripper': {   'original goal_pos': 89.6500372300819,
                   'safe goal_pos': 75.41984732824427}}
WARNING 2026-10-07 15:47:51 ts/utils.py:121 Relative goal position magnitude had to be clamped to be safe.
{   'gripper': {   'original goal_pos': 86.82055100521221,
                   'safe goal_pos': 76.88295165394402}}
WARNING 2026-10-07 15:47:51 ts/utils.py:121 Relative goal position magnitude had to be clamped to be safe.
{   'gripper': {   'original goal_pos': 82.94862248696947,
                   'safe goal_pos': 78.2824427480916}}
WARNING 2026-10-07 15:47:51 ts/utils.py:121 Relative goal position magnitude had to be clamped to be safe.
{   'gripper': {   'original goal_pos': 68.801191362621,
                   'safe goal_pos': 72.03562340966921}}
WARNING 2026-10-07 15:47:51 ts/utils.py:121 Relative goal position magnitude had to be clamped to be safe.
{   'gripper': {   'original goal_pos': 63.29113924050633,
                   'safe goal_pos': 71.90839694656488}}
WARNING 2026-10-07 15:47:51 ts/utils.py:121 Relative goal position magnitude had to be clamped to be safe.
{   'gripper': {   'original goal_pos': 57.78108711839166,
                   'safe goal_pos': 70.50890585241731}}
WARNING 2026-10-07 15:47:51 ts/utils.py:121 Relative goal position magnitude had to be clamped to be safe.
{   'gripper': {   'original goal_pos': 52.12211466865227,
                   'safe goal_pos': 68.85496183206108}}
WARNING 2026-10-07 15:47:51 ts/utils.py:121 Relative goal position magnitude had to be clamped to be safe.
{   'gripper': {   'original goal_pos': 46.76098287416232,
                   'safe goal_pos': 67.45547073791349}}
WARNING 2026-10-07 15:47:51 ts/utils.py:121 Relative goal position magnitude had to be clamped to be safe.
{   'gripper': {   'original goal_pos': 42.06999255398362,
                   'safe goal_pos': 65.99236641221374}}
WARNING 2026-10-07 15:47:51 ts/utils.py:121 Relative goal position magnitude had to be clamped to be safe.
{   'gripper': {   'original goal_pos': 37.82576321667908,
                   'safe goal_pos': 64.529262086514}}
WARNING 2026-10-07 15:47:51 ts/utils.py:121 Relative goal position magnitude had to be clamped to be safe.
{   'gripper': {   'original goal_pos': 34.102755026061054,
                   'safe goal_pos': 63.06615776081425}}
WARNING 2026-10-07 15:47:51 ts/utils.py:121 Relative goal position magnitude had to be clamped to be safe.
{   'gripper': {   'original goal_pos': 30.60312732688012,
                   'safe goal_pos': 61.539440203562336}}
WARNING 2026-10-07 15:47:51 ts/utils.py:121 Relative goal position magnitude had to be clamped to be safe.
{   'gripper': {   'original goal_pos': 27.624720774385704,
                   'safe goal_pos': 60.13994910941476}}
WARNING 2026-10-07 15:47:51 ts/utils.py:121 Relative goal position magnitude had to be clamped to be safe.
{   'gripper': {   'original goal_pos': 24.79523454951601,
                   'safe goal_pos': 58.67684478371501}}

[1ATeleop loop time: 33.34ms (30 Hz)
[1ATeleop loop time: 33.34ms (30 Hz)
[1ATeleop loop time: 33.34ms (30 Hz)
[1ATeleop loop time: 33.34ms (30 Hz)
[1ATeleop loop time: 33.34ms (30 Hz)
[1ATeleop loop time: 33.34ms (30 Hz)
[1ATeleop loop time: 33.34ms (30 Hz)
[1ATeleop loop time: 33.34ms (30 Hz)
[1ATeleop loop time: 33.34ms (30 Hz)
[1ATeleop loop time: 33.34ms (30 Hz)
[1ATeleop loop time: 33.34ms (30 Hz)
[1ATeleop loop time: 33.34ms (30 Hz)
[1ATeleop loop time: 33.37ms (30 Hz)
[1ATeleop loop time: 33.34ms (30 Hz)
[1ATeleop loop time: 33.34ms (30 Hz)
[1ATeleop loop time: 33.34ms (30 Hz)
[1ATeleop loop time: 33.34ms (30 Hz)
[1ATeleop loop time: 40.66ms (25 Hz)
[1ATeleop loop time: 33.44ms (30 Hz)
[1ATeleop loop time: 33.34ms (30 Hz)
[1ATeleop loop time: 33.34ms (30 Hz)
[1ATeleop loop time: 33.34ms (30 Hz)
[1ATeleop loop time: 33.36ms (30 Hz)
[1ATeleop loop time: 33.34ms (30 Hz)
[1ATeleop loop time: 33.34ms (30 Hz)
[1ATeleop loop time: 33.34ms (30 Hz)
[1ATeleop loop time: 33.34ms (30 Hz)
[1ATeleop loop time: 33.37ms (30 Hz)
[1ATeleop loop time: 33.42ms (30 Hz)
[1ATeleop loop time: 33.44ms (30 Hz)
[1ATeleop loop time: 33.34ms (30 Hz)
[1ATeleop loop time: 33.44ms (30 Hz)
[1ATeleop loop time: 33.35ms (30 Hz)
[1ATeleop loop time: 33.36ms (30 Hz)
[1ATeleop loop time: 33.34ms (30 Hz)
[1ATeleop loop time: 33.34ms (30 Hz)
[1ATeleop loop time: 33.34ms (30 Hz)
[1ATeleop loop time: 33.34ms (30 Hz)
[1ATeleop loop time: 33.34ms (30 Hz)
[1ATeleop loop time: 33.34ms (30 Hz)
[1ATeleop loop time: 33.34ms (30 Hz)
[1ATeleop loop time: 33.34ms (30 Hz)
[1ATeleop loop time: 33.34ms (30 Hz)
[1ATeleop loop time: 33.34ms (30 Hz)
[1ATeleop loop time: 33.36ms (30 Hz)
[1ATeleop loop time: 33.34ms (30 Hz)
[1ATeleop loop time: 33.34ms (30 Hz)
[1ATeleop loop time: 33.34ms (30 Hz)
[1ATeleop loop time: 33.34ms (30 Hz)
[1ATeleop loop time: 33.35ms (30 Hz)
[1ATeleop loop time: 33.34ms (30 Hz)
[1ATeleop loop time: 33.36ms (30 Hz)
[1ATeleop loop time: 33.34ms (30 Hz)
[1ATeleop loop time: 33.34ms (30 Hz)
[1ATeleop loop time: 33.34ms (30 Hz)
[1ATeleop loop time: 33.35ms (30 Hz)
[1ATeleop loop time: 33.34ms (30 Hz)
[1ATeleop loop time: 33.34ms (30 Hz)
[1ATeleop loop time: 33.35ms (30 Hz)
[1ATeleop loop time: 33.37ms (30 Hz)
[1ATeleop loop time: 33.34ms (30 Hz)
[1ATeleop loop time: 33.34ms (30 Hz)
[1ATeleop loop time: 33.34ms (30 Hz)
[1ATeleop loop time: 33.34ms (30 Hz)
[1ATeleop loop time: 33.34ms (30 Hz)
[1ATeleop loop time: 33.34ms (30 Hz)
[1ATeleop loop time: 33.34ms (30 Hz)
[1ATeleop loop time: 33.34ms (30 Hz)
[1ATeleop loop time: 33.35ms (30 Hz)
[1ATeleop loop time: 33.34ms (30 Hz)
[1ATeleop loop time: 33.34ms (30 Hz)
[1ATeleop loop time: 33.34ms (30 Hz)
[1ATeleop loop time: 33.34ms (30 Hz)
[1ATeleop loop time: 33.34ms (30 Hz)
[1ATeleop loop time: 33.34ms (30 Hz)
[1ATeleop loop time: 33.34ms (30 Hz)
[1ATeleop loop time: 33.34ms (30 Hz)
[1ATeleop loop time: 33.37ms (30 Hz)
[1ATeleop loop time: 33.34ms (30 Hz)
[1ATeleop loop time: 33.34ms (30 Hz)
[1ATeleop loop time: 33.34ms (30 Hz)
[1ATeleop loop time: 33.34ms (30 Hz)
[1ATeleop loop time: 33.34ms (30 Hz)
[1ATeleop loop time: 33.34ms (30 Hz)
[1ATeleop loop time: 33.34ms (30 Hz)
[1ATeleop loop time: 33.36ms (30 Hz)
[1ATeleop loop time: 33.34ms (30 Hz)
[1ATeleop loop time: 33.34ms (30 Hz)
[1ATeleop loop time: 33.35ms (30 Hz)
[1ATeleop loop time: 33.34ms (30 Hz)
[1ATeleop loop time: 33.34ms (30 Hz)
[1ATeleop loop time: 33.34ms (30 Hz)
[1ATeleop loop time: 33.34ms (30 Hz)
[1ATeleop loop time: 33.34ms (30 Hz)
[1ATeleop loop time: 33.34ms (30 Hz)
[1ATeleop loop time: 33.34ms (30 Hz)
[1ATeleop loop time: 33.37ms (30 Hz)
[1ATeleop loop time: 33.34ms (30 Hz)
[1ATeleop loop time: 33.34ms (30 Hz)
[1ATeleop loop time: 33.34ms (30 Hz)
[1ATeleop loop time: 33.34ms (30 Hz)
[1ATeleop loop time: 33.34ms (30 Hz)
[1ATeleop loop time: 33.34ms (30 Hz)
[1ATeleop loop time: 33.34ms (30 Hz)
[1ATeleop loop time: 33.34ms (30 Hz)
[1ATeleop loop time: 36.59ms (27 Hz)
[1ATeleop loop time: 33.34ms (30 Hz)
[1ATeleop loop time: 33.34ms (30 Hz)
[1ATeleop loop time: 33.41ms (30 Hz)
[1ATeleop loop time: 33.34ms (30 Hz)
[1ATeleop loop time: 33.35ms (30 Hz)
[1ATeleop loop time: 33.34ms (30 Hz)
[1ATeleop loop time: 33.34ms (30 Hz)
[1ATeleop loop time: 33.34ms (30 Hz)
[1ATeleop loop time: 33.35ms (30 Hz)
[1ATeleop loop time: 33.34ms (30 Hz)
[1ATeleop loop time: 33.35ms (30 Hz)
[1ATeleop loop time: 33.34ms (30 Hz)
[1ATeleop loop time: 33.34ms (30 Hz)
[1ATeleop loop time: 33.34ms (30 Hz)
[1ATeleop loop time: 33.34ms (30 Hz)
[1ATeleop loop time: 33.37ms (30 Hz)
[1ATeleop loop time: 33.34ms (30 Hz)
[1ATeleop loop time: 33.34ms (30 Hz)
[1ATeleop loop time: 33.35ms (30 Hz)
[1ATeleop loop time: 33.35ms (30 Hz)
[1ATeleop loop time: 33.33ms (30 Hz)
[1ATeleop loop time: 33.34ms (30 Hz)
[1ATeleop loop time: 33.34ms (30 Hz)
[1ATeleop loop time: 33.37ms (30 Hz)
[1ATeleop loop time: 33.34ms (30 Hz)
[1ATeleop loop time: 33.34ms (30 Hz)
[1ATeleop loop time: 33.34ms (30 Hz)
[1ATeleop loop time: 33.36ms (30 Hz)
[1ATeleop loop time: 33.34ms (30 Hz)
[1ATeleop loop time: 33.36ms (30 Hz)
[1ATeleop loop time: 33.34ms (30 Hz)
[1ATeleop loop time: 33.34ms (30 Hz)
[1ATeleop loop time: 33.34ms (30 Hz)
[1ATeleop loop time: 33.33ms (30 Hz)
[1ATeleop loop time: 33.33ms (30 Hz)
[1ATeleop loop time: 33.34ms (30 Hz)
[1ATeleop loop time: 33.34ms (30 Hz)
[1ATeleop loop time: 33.34ms (30 Hz)
[1ATeleop loop time: 33.36ms (30 Hz)
[1ATeleop loop time: 33.34ms (30 Hz)
[1ATeleop loop time: 33.34ms (30 Hz)
[1ATeleop loop time: 33.34ms (30 Hz)
[1ATeleop loop time: 33.34ms (30 Hz)
[1ATeleop loop time: 33.34ms (30 Hz)
[1ATeleop loop time: 33.34ms (30 Hz)
[1ATeleop loop time: 33.34ms (30 Hz)
[1ATeleop loop time: 33.34ms (30 Hz)
[1ATeleop loop time: 33.35ms (30 Hz)
[1ATeleop loop time: 33.35ms (30 Hz)
[1ATeleop loop time: 33.34ms (30 Hz)
[1ATeleop loop time: 33.34ms (30 Hz)
[1ATeleop loop time: 33.34ms (30 Hz)
[1ATeleop loop time: 33.34ms (30 Hz)
[1ATeleop loop time: 33.36ms (30 Hz)
[1ATeleop loop time: 33.34ms (30 Hz)
[1ATeleop loop time: 33.34ms (30 Hz)
[1ATeleop loop time: 33.34ms (30 Hz)
[1ATeleop loop time: 33.34ms (30 Hz)
[1ATeleop loop time: 33.35ms (30 Hz)
[1ATeleop loop time: 33.34ms (30 Hz)
[1ATeleop loop time: 33.34ms (30 Hz)
[1ATeleop loop time: 33.33ms (30 Hz)
[1ATeleop loop time: 33.35ms (30 Hz)
[1ATeleop loop time: 33.36ms (30 Hz)
[1ATeleop loop time: 33.34ms (30 Hz)
[1ATeleop loop time: 40.32ms (25 Hz)
[1ATeleop loop time: 33.37ms (30 Hz)
[1ATeleop loop time: 33.34ms (30 Hz)
[1ATeleop loop time: 33.34ms (30 Hz)
[1ATeleop loop time: 33.37ms (30 Hz)
[1ATeleop loop time: 33.34ms (30 Hz)
[1ATeleop loop time: 33.34ms (30 Hz)
[1ATeleop loop time: 33.34ms (30 Hz)
[1ATeleop loop time: 33.37ms (30 Hz)
[1ATeleop loop time: 33.37ms (30 Hz)
[1ATeleop loop time: 33.34ms (30 Hz)
[1ATeleop loop time: 33.37ms (30 Hz)
[1ATeleop loop time: 33.34ms (30 Hz)
[1ATeleop loop time: 33.34ms (30 Hz)
[1ATeleop loop time: 33.35ms (30 Hz)
[1ATeleop loop time: 33.35ms (30 Hz)
[1ATeleop loop time: 33.34ms (30 Hz)
[1ATeleop loop time: 33.34ms (30 Hz)
[1ATeleop loop time: 33.34ms (30 Hz)
[1ATeleop loop time: 33.34ms (30 Hz)
[1ATeleop loop time: 33.34ms (30 Hz)
[1ATeleop loop time: 33.34ms (30 Hz)
[1ATeleop loop time: 33.34ms (30 Hz)
[1ATeleop loop time: 33.34ms (30 Hz)
[1ATeleop loop time: 33.34ms (30 Hz)
[1ATeleop loop time: 33.34ms (30 Hz)
[1ATeleop loop time: 33.34ms (30 Hz)
[1ATeleop loop time: 33.34ms (30 Hz)
[1ATeleop loop time: 33.34ms (30 Hz)
[1ATeleop loop time: 33.34ms (30 Hz)
[1ATeleop loop time: 33.34ms (30 Hz)
[1ATeleop loop time: 33.34ms (30 Hz)
[1ATeleop loop time: 33.34ms (30 Hz)
[1ATeleop loop time: 33.34ms (30 Hz)
[1ATeleop loop time: 33.34ms (30 Hz)
[1ATeleop loop time: 33.34ms (30 Hz)
[1ATeleop loop time: 33.34ms (30 Hz)
[1ATeleop loop time: 33.34ms (30 Hz)
[1ATeleop loop time: 33.34ms (30 Hz)
[1ATeleop loop time: 33.35ms (30 Hz)
[1ATeleop loop time: 33.34ms (30 Hz)
[1ATeleop loop time: 33.34ms (30 Hz)
[1ATeleop loop time: 33.34ms (30 Hz)
[1ATeleop loop time: 33.34ms (30 Hz)
[1ATeleop loop time: 33.34ms (30 Hz)WARNING 2026-10-07 15:47:51 ts/utils.py:121 Relative goal position magnitude had to be clamped to be safe.
{   'gripper': {   'original goal_pos': 22.189128816083397,
                   'safe goal_pos': 57.150127226463106}}
WARNING 2026-10-07 15:47:52 ts/utils.py:121 Relative goal position magnitude had to be clamped to be safe.
{   'gripper': {   'original goal_pos': 19.65748324646314,
                   'safe goal_pos': 55.68702290076335}}
WARNING 2026-10-07 15:47:52 ts/utils.py:121 Relative goal position magnitude had to be clamped to be safe.
{   'gripper': {   'original goal_pos': 17.27475800446761,
                   'safe goal_pos': 54.28753180661578}}
WARNING 2026-10-07 15:47:52 ts/utils.py:121 Relative goal position magnitude had to be clamped to be safe.
{   'gripper': {   'original goal_pos': 15.040953090096798,
                   'safe goal_pos': 52.76081424936387}}
WARNING 2026-10-07 15:47:52 ts/utils.py:121 Relative goal position magnitude had to be clamped to be safe.
{   'gripper': {   'original goal_pos': 13.030528667163068,
                   'safe goal_pos': 51.297709923664115}}
WARNING 2026-10-07 15:47:52 ts/utils.py:121 Relative goal position magnitude had to be clamped to be safe.
{   'gripper': {   'original goal_pos': 11.020104244229337,
                   'safe goal_pos': 49.834605597964384}}
WARNING 2026-10-07 15:47:52 ts/utils.py:121 Relative goal position magnitude had to be clamped to be safe.
{   'gripper': {   'original goal_pos': 9.084139985107967,
                   'safe goal_pos': 48.37150127226463}}
WARNING 2026-10-07 15:47:52 ts/utils.py:121 Relative goal position magnitude had to be clamped to be safe.
{   'gripper': {   'original goal_pos': 7.297096053611318,
                   'safe goal_pos': 46.972010178117046}}
WARNING 2026-10-07 15:47:52 ts/utils.py:121 Relative goal position magnitude had to be clamped to be safe.
{   'gripper': {   'original goal_pos': 5.5100521221146685,
                   'safe goal_pos': 45.445292620865146}}
WARNING 2026-10-07 15:47:52 ts/utils.py:121 Relative goal position magnitude had to be clamped to be safe.
{   'gripper': {   'original goal_pos': 4.0208488458674605,
                   'safe goal_pos': 43.98218829516539}}
WARNING 2026-10-07 15:47:52 ts/utils.py:121 Relative goal position magnitude had to be clamped to be safe.
{   'gripper': {   'original goal_pos': 2.9039463886820553,
                   'safe goal_pos': 42.58269720101781}}
WARNING 2026-10-07 15:47:52 ts/utils.py:121 Relative goal position magnitude had to be clamped to be safe.
{   'gripper': {   'original goal_pos': 2.084884586746091,
                   'safe goal_pos': 41.11959287531807}}
WARNING 2026-10-07 15:47:52 ts/utils.py:121 Relative goal position magnitude had to be clamped to be safe.
{   'elbow_flex': {   'original goal_pos': -40.65934065934066,
                      'safe goal_pos': -40.8021978021978},
    'gripper': {   'original goal_pos': 1.7125837676842888,
                   'safe goal_pos': 39.656488549618324}}
WARNING 2026-10-07 15:47:52 ts/utils.py:121 Relative goal position magnitude had to be clamped to be safe.
{   'elbow_flex': {   'original goal_pos': -38.989010989010985,
                      'safe goal_pos': -39.21978021978022},
    'gripper': {   'original goal_pos': 1.6381236038719285,
                   'safe goal_pos': 38.25699745547074}}
WARNING 2026-10-07 15:47:52 ts/utils.py:121 Relative goal position magnitude had to be clamped to be safe.
{   'elbow_flex': {   'original goal_pos': -37.23076923076923,
                      'safe goal_pos': -37.46153846153846},
    'gripper': {   'original goal_pos': 1.7125837676842888,
                   'safe goal_pos': 36.73027989821883}}
WARNING 2026-10-07 15:47:52 ts/utils.py:121 Relative goal position magnitude had to be clamped to be safe.
{   'elbow_flex': {   'original goal_pos': -35.472527472527474,
                      'safe goal_pos': -35.879120879120876},
    'gripper': {   'original goal_pos': 1.7870439314966493,
                   'safe goal_pos': 35.33078880407125},
    'wrist_flex': {   'original goal_pos': 6.197802197802198,
                      'safe goal_pos': 5.527472527472527}}
WARNING 2026-10-07 15:47:52 ts/utils.py:121 Relative goal position magnitude had to be clamped to be safe.
{   'gripper': {   'original goal_pos': 1.7870439314966493,
                   'safe goal_pos': 33.80407124681934},
    'wrist_flex': {   'original goal_pos': 9.098901098901099,
                      'safe goal_pos': 6.4945054945054945}}
WARNING 2026-10-07 15:47:52 ts/utils.py:121 Relative goal position magnitude had to be clamped to be safe.
{   'gripper': {   'original goal_pos': 1.7870439314966493,
                   'safe goal_pos': 32.404580152671755},
    'wrist_flex': {   'original goal_pos': 11.824175824175825,
                      'safe goal_pos': 8.164835164835164}}
WARNING 2026-10-07 15:47:52 ts/utils.py:121 Relative goal position magnitude had to be clamped to be safe.
{   'gripper': {   'original goal_pos': 1.7125837676842888,
                   'safe goal_pos': 30.94147582697201},
    'wrist_flex': {   'original goal_pos': 14.373626373626374,
                      'safe goal_pos': 9.483516483516484}}
WARNING 2026-10-07 15:47:52 ts/utils.py:121 Relative goal position magnitude had to be clamped to be safe.
{   'gripper': {   'original goal_pos': 1.7125837676842888,
                   'safe goal_pos': 29.478371501272264},
    'wrist_flex': {   'original goal_pos': 17.01098901098901,
                      'safe goal_pos': 10.802197802197803}}
WARNING 2026-10-07 15:47:52 ts/utils.py:121 Relative goal position magnitude had to be clamped to be safe.
{   'gripper': {   'original goal_pos': 1.7125837676842888,
                   'safe goal_pos': 28.078880407124686},
    'wrist_flex': {   'original goal_pos': 19.64835164835165,
                      'safe goal_pos': 12.384615384615385}}
WARNING 2026-10-07 15:47:52 ts/utils.py:121 Relative goal position magnitude had to be clamped to be safe.
{   'gripper': {   'original goal_pos': 1.7125837676842888,
                   'safe goal_pos': 26.615776081424933},
    'wrist_flex': {   'original goal_pos': 22.373626373626372,
                      'safe goal_pos': 13.703296703296703}}
WARNING 2026-10-07 15:47:52 ts/utils.py:121 Relative goal position magnitude had to be clamped to be safe.
{   'gripper': {   'original goal_pos': 1.7125837676842888,
                   'safe goal_pos': 25.08905852417303},
    'wrist_flex': {   'original goal_pos': 24.923076923076923,
                      'safe goal_pos': 15.10989010989011}}
WARNING 2026-10-07 15:47:52 ts/utils.py:121 Relative goal position magnitude had to be clamped to be safe.
{   'gripper': {   'original goal_pos': 1.7125837676842888,
                   'safe goal_pos': 23.68956743002545},
    'wrist_flex': {   'original goal_pos': 27.736263736263737,
                      'safe goal_pos': 16.604395604395606}}
WARNING 2026-10-07 15:47:52 ts/utils.py:121 Relative goal position magnitude had to be clamped to be safe.
{   'gripper': {   'original goal_pos': 1.7870439314966493,
                   'safe goal_pos': 22.2264631043257},
    'wrist_flex': {   'original goal_pos': 30.9010989010989,
                      'safe goal_pos': 18.0989010989011}}
WARNING 2026-10-07 15:47:52 ts/utils.py:121 Relative goal position magnitude had to be clamped to be safe.
{   'gripper': {   'original goal_pos': 1.7870439314966493,
                   'safe goal_pos': 20.763358778625957},
    'wrist_flex': {   'original goal_pos': 33.89010989010989,
                      'safe goal_pos': 19.417582417582416}}
WARNING 2026-10-07 15:47:52 ts/utils.py:121 Relative goal position magnitude had to be clamped to be safe.
{   'gripper': {   'original goal_pos': 1.7870439314966493,
                   'safe goal_pos': 19.30025445292621},
    'wrist_flex': {   'original goal_pos': 36.879120879120876,
                      'safe goal_pos': 21.0}}
WARNING 2026-10-07 15:47:52 ts/utils.py:121 Relative goal position magnitude had to be clamped to be safe.
{   'gripper': {   'original goal_pos': 1.7870439314966493,
                   'safe goal_pos': 17.83715012722646},
    'wrist_flex': {   'original goal_pos': 39.34065934065934,
                      'safe goal_pos': 22.318681318681318}}
WARNING 2026-10-07 15:47:52 ts/utils.py:121 Relative goal position magnitude had to be clamped to be safe.
{   'gripper': {   'original goal_pos': 1.7125837676842888,
                   'safe goal_pos': 16.374045801526716},
    'wrist_flex': {   'original goal_pos': 41.53846153846154,
                      'safe goal_pos': 23.725274725274726}}
WARNING 2026-10-07 15:47:52 ts/utils.py:121 Relative goal position magnitude had to be clamped to be safe.
{   'gripper': {   'original goal_pos': 1.7125837676842888,
                   'safe goal_pos': 14.91094147582697},
    'wrist_flex': {   'original goal_pos': 43.20879120879121,
                      'safe goal_pos': 25.21978021978022}}
WARNING 2026-10-07 15:47:52 ts/utils.py:121 Relative goal position magnitude had to be clamped to be safe.
{   'gripper': {   'original goal_pos': 1.7125837676842888,
                   'safe goal_pos': 13.384223918575064},
    'wrist_flex': {   'original goal_pos': 44.26373626373626,
                      'safe goal_pos': 26.53846153846154}}
WARNING 2026-10-07 15:47:53 ts/utils.py:121 Relative goal position magnitude had to be clamped to be safe.
{   'gripper': {   'original goal_pos': 1.7125837676842888,
                   'safe goal_pos': 11.984732824427482},
    'wrist_flex': {   'original goal_pos': 44.79120879120879,
                      'safe goal_pos': 28.12087912087912}}
WARNING 2026-10-07 15:47:53 ts/utils.py:121 Relative goal position magnitude had to be clamped to be safe.
{   'gripper': {   'original goal_pos': 1.7870439314966493,
                   'safe goal_pos': 10.521628498727736},
    'wrist_flex': {   'original goal_pos': 45.05494505494506,
                      'safe goal_pos': 29.52747252747253}}
WARNING 2026-10-07 15:47:53 ts/utils.py:121 Relative goal position magnitude had to be clamped to be safe.
{   'gripper': {   'original goal_pos': 1.8615040953090096,
                   'safe goal_pos': 8.994910941475828},
    'wrist_flex': {   'original goal_pos': 45.05494505494506,
                      'safe goal_pos': 30.934065934065934}}
WARNING 2026-10-07 15:47:53 ts/utils.py:121 Relative goal position magnitude had to be clamped to be safe.
{   'gripper': {   'original goal_pos': 1.93596425912137,
                   'safe goal_pos': 7.53180661577608},
    'wrist_flex': {   'original goal_pos': 45.05494505494506,
                      'safe goal_pos': 32.42857142857143}}
WARNING 2026-10-07 15:47:53 ts/utils.py:121 Relative goal position magnitude had to be clamped to be safe.
{   'gripper': {   'original goal_pos': 2.0104244229337302,
                   'safe goal_pos': 6.132315521628499},
    'wrist_flex': {   'original goal_pos': 45.142857142857146,
                      'safe goal_pos': 33.92307692307692}}
WARNING 2026-10-07 15:47:53 ts/utils.py:121 Relative goal position magnitude had to be clamped to be safe.
{   'gripper': {   'original goal_pos': 2.0104244229337302,
                   'safe goal_pos': 4.669211195928753},
    'wrist_flex': {   'original goal_pos': 45.142857142857146,
                      'safe goal_pos': 35.32967032967033}}
WARNING 2026-10-07 15:47:53 ts/utils.py:121 Relative goal position magnitude had to be clamped to be safe.
{   'gripper': {   'original goal_pos': 2.0104244229337302,
                   'safe goal_pos': 3.1424936386768447},
    'wrist_flex': {   'original goal_pos': 45.40659340659341,
                      'safe goal_pos': 36.91208791208791}}
WARNING 2026-10-07 15:47:53 ts/utils.py:121 Relative goal position magnitude had to be clamped to be safe.
{   'wrist_flex': {   'original goal_pos': 46.10989010989011,
                      'safe goal_pos': 38.40659340659341}}
WARNING 2026-10-07 15:47:53 ts/utils.py:121 Relative goal position magnitude had to be clamped to be safe.
{   'wrist_flex': {   'original goal_pos': 46.989010989010985,
                      'safe goal_pos': 39.81318681318681}}
WARNING 2026-10-07 15:47:53 ts/utils.py:121 Relative goal position magnitude had to be clamped to be safe.
{   'wrist_flex': {   'original goal_pos': 47.78021978021978,
                      'safe goal_pos': 41.395604395604394}}
WARNING 2026-10-07 15:47:53 ts/utils.py:121 Relative goal position magnitude had to be clamped to be safe.
{   'wrist_flex': {   'original goal_pos': 48.57142857142857,
                      'safe goal_pos': 42.8021978021978}}
WARNING 2026-10-07 15:47:53 ts/utils.py:121 Relative goal position magnitude had to be clamped to be safe.
{   'wrist_flex': {   'original goal_pos': 49.27472527472528,
                      'safe goal_pos': 44.2967032967033}}
WARNING 2026-10-07 15:47:53 ts/utils.py:121 Relative goal position magnitude had to be clamped to be safe.
{   'wrist_flex': {   'original goal_pos': 49.8021978021978,
                      'safe goal_pos': 45.79120879120879}}
WARNING 2026-10-07 15:47:53 ts/utils.py:121 Relative goal position magnitude had to be clamped to be safe.
{   'wrist_flex': {   'original goal_pos': 50.32967032967033,
                      'safe goal_pos': 47.285714285714285}}
WARNING 2026-10-07 15:47:53 ts/utils.py:121 Relative goal position magnitude had to be clamped to be safe.
{   'wrist_flex': {   'original goal_pos': 51.20879120879121,
                      'safe goal_pos': 48.86813186813187}}
WARNING 2026-10-07 15:47:53 ts/utils.py:121 Relative goal position magnitude had to be clamped to be safe.
{   'wrist_flex': {   'original goal_pos': 52.43956043956044,
                      'safe goal_pos': 50.27472527472528}}
WARNING 2026-10-07 15:47:53 ts/utils.py:121 Relative goal position magnitude had to be clamped to be safe.
{   'wrist_flex': {   'original goal_pos': 53.75824175824176,
                      'safe goal_pos': 51.76923076923077}}
WARNING 2026-10-07 15:47:53 ts/utils.py:121 Relative goal position magnitude had to be clamped to be safe.
{   'wrist_flex': {   'original goal_pos': 54.81318681318681,
                      'safe goal_pos': 53.26373626373626}}
WARNING 2026-10-07 15:47:53 ts/utils.py:121 Relative goal position magnitude had to be clamped to be safe.
{   'wrist_flex': {   'original goal_pos': 55.42857142857143,
                      'safe goal_pos': 54.84615384615385}}
WARNING 2026-10-07 15:47:53 ts/utils.py:121 Relative goal position magnitude had to be clamped to be safe.
{   'wrist_flex': {   'original goal_pos': 61.582417582417584,
                      'safe goal_pos': 61.527472527472526}}
WARNING 2026-10-07 15:47:53 ts/utils.py:121 Relative goal position magnitude had to be clamped to be safe.
{   'wrist_flex': {   'original goal_pos': 63.69230769230769,
                      'safe goal_pos': 63.10989010989011}}
WARNING 2026-10-07 15:47:53 ts/utils.py:121 Relative goal position magnitude had to be clamped to be safe.
{   'wrist_flex': {   'original goal_pos': 66.68131868131869,
                      'safe goal_pos': 64.6923076923077}}
WARNING 2026-10-07 15:47:53 ts/utils.py:121 Relative goal position magnitude had to be clamped to be safe.
{   'wrist_flex': {   'original goal_pos': 69.93406593406593,
                      'safe goal_pos': 66.1868131868132}}
WARNING 2026-10-07 15:47:53 ts/utils.py:121 Relative goal position magnitude had to be clamped to be safe.
{   'wrist_flex': {   'original goal_pos': 73.27472527472527,
                      'safe goal_pos': 67.68131868131869}}
WARNING 2026-10-07 15:47:54 ts/utils.py:121 Relative goal position magnitude had to be clamped to be safe.
{   'wrist_flex': {   'original goal_pos': 76.87912087912088,
                      'safe goal_pos': 69.26373626373626}}
WARNING 2026-10-07 15:47:54 ts/utils.py:121 Relative goal position magnitude had to be clamped to be safe.
{   'wrist_flex': {   'original goal_pos': 80.92307692307692,
                      'safe goal_pos': 70.75824175824175}}
WARNING 2026-10-07 15:47:54 ts/utils.py:121 Relative goal position magnitude had to be clamped to be safe.
{   'elbow_flex': {   'original goal_pos': -15.076923076923077,
                      'safe goal_pos': -13.967032967032967},
    'wrist_flex': {   'original goal_pos': 85.05494505494505,
                      'safe goal_pos': 72.34065934065934}}
WARNING 2026-10-07 15:47:54 ts/utils.py:121 Relative goal position magnitude had to be clamped to be safe.
{   'elbow_flex': {   'original goal_pos': -16.747252747252748,
                      'safe goal_pos': -14.846153846153847},
    'wrist_flex': {   'original goal_pos': 88.57142857142857,
                      'safe goal_pos': 73.92307692307692}}
WARNING 2026-10-07 15:47:54 ts/utils.py:121 Relative goal position magnitude had to be clamped to be safe.
{   'elbow_flex': {   'original goal_pos': -17.89010989010989,
                      'safe goal_pos': -15.725274725274724},
    'wrist_flex': {   'original goal_pos': 91.64835164835165,
                      'safe goal_pos': 75.32967032967034}}
WARNING 2026-10-07 15:47:54 ts/utils.py:121 Relative goal position magnitude had to be clamped to be safe.
{   'elbow_flex': {   'original goal_pos': -18.505494505494507,
                      'safe goal_pos': -16.604395604395606},
    'wrist_flex': {   'original goal_pos': 94.10989010989012,
                      'safe goal_pos': 76.91208791208791}}
WARNING 2026-10-07 15:47:54 ts/utils.py:121 Relative goal position magnitude had to be clamped to be safe.
{   'elbow_flex': {   'original goal_pos': -18.505494505494507,
                      'safe goal_pos': -17.395604395604394},
    'wrist_flex': {   'original goal_pos': 96.13186813186813,
                      'safe goal_pos': 78.4065934065934}}
WARNING 2026-10-07 15:47:54 ts/utils.py:121 Relative goal position magnitude had to be clamped to be safe.
{   'wrist_flex': {   'original goal_pos': 97.45054945054945,
                      'safe goal_pos': 79.98901098901099}}
WARNING 2026-10-07 15:47:54 ts/utils.py:121 Relative goal position magnitude had to be clamped to be safe.
{   'wrist_flex': {   'original goal_pos': 97.71428571428571,
                      'safe goal_pos': 81.48351648351648}}
WARNING 2026-10-07 15:47:54 ts/utils.py:121 Relative goal position magnitude had to be clamped to be safe.
{   'wrist_flex': {   'original goal_pos': 97.01098901098901,
                      'safe goal_pos': 82.89010989010988}}
WARNING 2026-10-07 15:47:54 ts/utils.py:121 Relative goal position magnitude had to be clamped to be safe.
{   'wrist_flex': {   'original goal_pos': 96.13186813186813,
                      'safe goal_pos': 84.47252747252747}}
WARNING 2026-10-07 15:47:54 ts/utils.py:121 Relative goal position magnitude had to be clamped to be safe.
{   'wrist_flex': {   'original goal_pos': 95.51648351648352,
                      'safe goal_pos': 86.05494505494505}}
WARNING 2026-10-07 15:47:54 ts/utils.py:121 Relative goal position magnitude had to be clamped to be safe.
{   'wrist_flex': {   'original goal_pos': 94.9010989010989,
                      'safe goal_pos': 87.63736263736264}}
WARNING 2026-10-07 15:47:54 ts/utils.py:121 Relative goal position magnitude had to be clamped to be safe.
{   'wrist_flex': {   'original goal_pos': 94.72527472527473,
                      'safe goal_pos': 89.13186813186813}}
WARNING 2026-10-07 15:47:54 ts/utils.py:121 Relative goal position magnitude had to be clamped to be safe.
{   'wrist_flex': {   'original goal_pos': 94.63736263736264,
                      'safe goal_pos': 90.71428571428571}}
WARNING 2026-10-07 15:47:54 ts/utils.py:121 Relative goal position magnitude had to be clamped to be safe.
{   'wrist_flex': {   'original goal_pos': 94.37362637362638,
                      'safe goal_pos': 92.20879120879121}}
WARNING 2026-10-07 15:47:54 ts/utils.py:121 Relative goal position magnitude had to be clamped to be safe.
{   'wrist_flex': {   'original goal_pos': 94.46153846153847,
                      'safe goal_pos': 93.79120879120879}}
WARNING 2026-10-07 15:47:54 ts/utils.py:121 Relative goal position magnitude had to be clamped to be safe.
{   'elbow_flex': {   'original goal_pos': -20.263736263736263,
                      'safe goal_pos': -20.032967032967033}}
WARNING 2026-10-07 15:47:54 ts/utils.py:121 Relative goal position magnitude had to be clamped to be safe.
{   'elbow_flex': {   'original goal_pos': -21.494505494505493,
                      'safe goal_pos': -20.64835164835165},
    'shoulder_lift': {   'original goal_pos': 61.31868131868132,
                         'safe goal_pos': 60.64835164835165}}
WARNING 2026-10-07 15:47:54 ts/utils.py:121 Relative goal position magnitude had to be clamped to be safe.
{   'elbow_flex': {   'original goal_pos': -22.725274725274726,
                      'safe goal_pos': -21.615384615384617},
    'shoulder_lift': {   'original goal_pos': 63.86813186813187,
                         'safe goal_pos': 62.142857142857146}}
WARNING 2026-10-07 15:47:54 ts/utils.py:121 Relative goal position magnitude had to be clamped to be safe.
{   'elbow_flex': {   'original goal_pos': -24.21978021978022,
                      'safe goal_pos': -22.582417582417584},
    'shoulder_lift': {   'original goal_pos': 66.5934065934066,
                         'safe goal_pos': 63.72527472527472}}
WARNING 2026-10-07 15:47:54 ts/utils.py:121 Relative goal position magnitude had to be clamped to be safe.
{   'elbow_flex': {   'original goal_pos': -25.802197802197803,
                      'safe goal_pos': -23.373626373626372},
    'shoulder_lift': {   'original goal_pos': 69.31868131868131,
                         'safe goal_pos': 65.3076923076923}}
WARNING 2026-10-07 15:47:54 ts/utils.py:121 Relative goal position magnitude had to be clamped to be safe.
{   'elbow_flex': {   'original goal_pos': -27.296703296703296,
                      'safe goal_pos': -24.164835164835164},
    'shoulder_lift': {   'original goal_pos': 71.86813186813187,
                         'safe goal_pos': 66.8901098901099}}
WARNING 2026-10-07 15:47:54 ts/utils.py:121 Relative goal position magnitude had to be clamped to be safe.
{   'elbow_flex': {   'original goal_pos': -28.52747252747253,
                      'safe goal_pos': -25.043956043956044},
    'shoulder_lift': {   'original goal_pos': 74.24175824175825,
                         'safe goal_pos': 68.47252747252747}}
WARNING 2026-10-07 15:47:55 ts/utils.py:121 Relative goal position magnitude had to be clamped to be safe.
{   'elbow_flex': {   'original goal_pos': -29.582417582417584,
                      'safe goal_pos': -26.01098901098901},
    'shoulder_lift': {   'original goal_pos': 76.26373626373626,
                         'safe goal_pos': 70.05494505494505}}
WARNING 2026-10-07 15:47:55 ts/utils.py:121 Relative goal position magnitude had to be clamped to be safe.
{   'elbow_flex': {   'original goal_pos': -30.46153846153846,
                      'safe goal_pos': -26.714285714285715},
    'shoulder_lift': {   'original goal_pos': 77.84615384615384,
                         'safe goal_pos': 71.63736263736264}}
WARNING 2026-10-07 15:47:55 ts/utils.py:121 Relative goal position magnitude had to be clamped to be safe.
{   'elbow_flex': {   'original goal_pos': -31.164835164835164,
                      'safe goal_pos': -27.593406593406595},
    'shoulder_lift': {   'original goal_pos': 79.16483516483517,
                         'safe goal_pos': 73.21978021978022}}
WARNING 2026-10-07 15:47:55 ts/utils.py:121 Relative goal position magnitude had to be clamped to be safe.
{   'elbow_flex': {   'original goal_pos': -31.692307692307693,
                      'safe goal_pos': -28.47252747252747},
    'shoulder_lift': {   'original goal_pos': 79.95604395604396,
                         'safe goal_pos': 74.71428571428571}}
WARNING 2026-10-07 15:47:55 ts/utils.py:121 Relative goal position magnitude had to be clamped to be safe.
{   'elbow_flex': {   'original goal_pos': -32.13186813186813,
                      'safe goal_pos': -29.35164835164835},
    'gripper': {   'original goal_pos': 8.041697691734921,
                   'safe goal_pos': 7.989821882951654},
    'shoulder_lift': {   'original goal_pos': 80.3076923076923,
                         'safe goal_pos': 76.38461538461539}}
WARNING 2026-10-07 15:47:55 ts/utils.py:121 Relative goal position magnitude had to be clamped to be safe.
{   'elbow_flex': {   'original goal_pos': -32.21978021978022,
                      'safe goal_pos': -30.23076923076923},
    'gripper': {   'original goal_pos': 11.317944899478778,
                   'safe goal_pos': 8.944020356234097},
    'shoulder_lift': {   'original goal_pos': 80.3076923076923,
                         'safe goal_pos': 78.05494505494505}}
WARNING 2026-10-07 15:47:55 ts/utils.py:121 Relative goal position magnitude had to be clamped to be safe.
{   'elbow_flex': {   'original goal_pos': -32.30769230769231,
                      'safe goal_pos': -31.10989010989011},
    'gripper': {   'original goal_pos': 14.668652271034995,
                   'safe goal_pos': 10.407124681933842},
    'shoulder_lift': {   'original goal_pos': 80.3956043956044,
                         'safe goal_pos': 79.54945054945055}}
WARNING 2026-10-07 15:47:55 ts/utils.py:121 Relative goal position magnitude had to be clamped to be safe.
{   'elbow_flex': {   'original goal_pos': -32.30769230769231,
                      'safe goal_pos': -32.07692307692308},
    'gripper': {   'original goal_pos': 18.540580789277737,
                   'safe goal_pos': 11.93384223918575}}
WARNING 2026-10-07 15:47:55 ts/utils.py:121 Relative goal position magnitude had to be clamped to be safe.
{   'gripper': {   'original goal_pos': 22.412509307520477,
                   'safe goal_pos': 13.269720101781171}}
WARNING 2026-10-07 15:47:55 ts/utils.py:121 Relative goal position magnitude had to be clamped to be safe.
{   'gripper': {   'original goal_pos': 26.28443782576322,
                   'safe goal_pos': 14.732824427480915}}
WARNING 2026-10-07 15:47:55 ts/utils.py:121 Relative goal position magnitude had to be clamped to be safe.
{   'gripper': {   'original goal_pos': 29.635145197319435,
                   'safe goal_pos': 16.1323155216285}}
WARNING 2026-10-07 15:47:55 ts/utils.py:121 Relative goal position magnitude had to be clamped to be safe.
{   'gripper': {   'original goal_pos': 32.53909158600149,
                   'safe goal_pos': 17.53180661577608}}
WARNING 2026-10-07 15:47:55 ts/utils.py:121 Relative goal position magnitude had to be clamped to be safe.
{   'gripper': {   'original goal_pos': 34.99627699180938,
                   'safe goal_pos': 18.99491094147583}}
WARNING 2026-10-07 15:47:55 ts/utils.py:121 Relative goal position magnitude had to be clamped to be safe.
{   'gripper': {   'original goal_pos': 37.00670141474311,
                   'safe goal_pos': 20.394402035623408}}
WARNING 2026-10-07 15:47:55 ts/utils.py:121 Relative goal position magnitude had to be clamped to be safe.
{   'gripper': {   'original goal_pos': 38.644825018615045,
                   'safe goal_pos': 21.793893129770993}}
WARNING 2026-10-07 15:47:55 ts/utils.py:121 Relative goal position magnitude had to be clamped to be safe.
{   'gripper': {   'original goal_pos': 40.20848845867461,
                   'safe goal_pos': 23.25699745547074}}
WARNING 2026-10-07 15:47:55 ts/utils.py:121 Relative goal position magnitude had to be clamped to be safe.
{   'gripper': {   'original goal_pos': 41.39985107967237,
                   'safe goal_pos': 24.720101781170484}}
WARNING 2026-10-07 15:47:55 ts/utils.py:121 Relative goal position magnitude had to be clamped to be safe.
{   'gripper': {   'original goal_pos': 42.44229337304542,
                   'safe goal_pos': 26.119592875318066}}
WARNING 2026-10-07 15:47:55 ts/utils.py:121 Relative goal position magnitude had to be clamped to be safe.
{   'gripper': {   'original goal_pos': 43.18689501116902,
                   'safe goal_pos': 27.519083969465647}}
WARNING 2026-10-07 15:47:55 ts/utils.py:121 Relative goal position magnitude had to be clamped to be safe.
{   'gripper': {   'original goal_pos': 43.78257632166791,
                   'safe goal_pos': 28.982188295165393}}
WARNING 2026-10-07 15:47:55 ts/utils.py:121 Relative goal position magnitude had to be clamped to be safe.
{   'gripper': {   'original goal_pos': 44.22933730454207,
                   'safe goal_pos': 30.44529262086514}}
WARNING 2026-10-07 15:47:55 ts/utils.py:121 Relative goal position magnitude had to be clamped to be safe.
{   'gripper': {   'original goal_pos': 44.60163812360387,
                   'safe goal_pos': 31.84478371501272}}
WARNING 2026-10-07 15:47:55 ts/utils.py:121 Relative goal position magnitude had to be clamped to be safe.
{   'gripper': {   'original goal_pos': 44.899478778853315,
                   'safe goal_pos': 33.30788804071247}}
WARNING 2026-10-07 15:47:55 ts/utils.py:121 Relative goal position magnitude had to be clamped to be safe.
{   'gripper': {   'original goal_pos': 45.19731943410276,
                   'safe goal_pos': 34.70737913486005}}
WARNING 2026-10-07 15:47:55 ts/utils.py:121 Relative goal position magnitude had to be clamped to be safe.
{   'gripper': {   'original goal_pos': 45.793000744601635,
                   'safe goal_pos': 36.10687022900763}}
WARNING 2026-10-07 15:47:55 ts/utils.py:121 Relative goal position magnitude had to be clamped to be safe.
{   'gripper': {   'original goal_pos': 46.6120625465376,
                   'safe goal_pos': 37.56997455470738}}
WARNING 2026-10-07 15:47:55 ts/utils.py:121 Relative goal position magnitude had to be clamped to be safe.
{   'gripper': {   'original goal_pos': 47.58004467609829,
                   'safe goal_pos': 38.969465648854964}}
WARNING 2026-10-07 15:47:55 ts/utils.py:121 Relative goal position magnitude had to be clamped to be safe.
{   'gripper': {   'original goal_pos': 48.69694713328369,
                   'safe goal_pos': 40.36895674300254}}
WARNING 2026-10-07 15:47:55 ts/utils.py:121 Relative goal position magnitude had to be clamped to be safe.
{   'gripper': {   'original goal_pos': 49.739389426656736,
                   'safe goal_pos': 41.76844783715013}}
WARNING 2026-10-07 15:47:55 ts/utils.py:121 Relative goal position magnitude had to be clamped to be safe.
{   'gripper': {   'original goal_pos': 50.63291139240506,
                   'safe goal_pos': 43.16793893129771}}
WARNING 2026-10-07 15:47:56 ts/utils.py:121 Relative goal position magnitude had to be clamped to be safe.
{   'gripper': {   'original goal_pos': 51.22859270290394,
                   'safe goal_pos': 44.63104325699746}}
WARNING 2026-10-07 15:47:56 ts/utils.py:121 Relative goal position magnitude had to be clamped to be safe.
{   'gripper': {   'original goal_pos': 51.37751303052867,
                   'safe goal_pos': 46.030534351145036}}
WARNING 2026-10-07 15:47:56 ts/utils.py:121 Relative goal position magnitude had to be clamped to be safe.
{   'gripper': {   'original goal_pos': 51.07967237527923,
                   'safe goal_pos': 47.49363867684479}}
WARNING 2026-10-07 15:47:56 ts/utils.py:121 Relative goal position magnitude had to be clamped to be safe.
{   'elbow_flex': {   'original goal_pos': -38.10989010989011,
                      'safe goal_pos': -37.35164835164835},
    'gripper': {   'original goal_pos': 51.07967237527923,
                   'safe goal_pos': 48.89312977099237}}
WARNING 2026-10-07 15:47:56 ts/utils.py:121 Relative goal position magnitude had to be clamped to be safe.
{   'elbow_flex': {   'original goal_pos': -39.604395604395606,
                      'safe goal_pos': -38.40659340659341},
    'gripper': {   'original goal_pos': 51.07967237527923,
                   'safe goal_pos': 50.29262086513995}}
WARNING 2026-10-07 15:47:56 ts/utils.py:121 Relative goal position magnitude had to be clamped to be safe.
{   'elbow_flex': {   'original goal_pos': -40.83516483516483,
                      'safe goal_pos': -39.37362637362637}}
WARNING 2026-10-07 15:47:56 ts/utils.py:121 Relative goal position magnitude had to be clamped to be safe.
{   'elbow_flex': {   'original goal_pos': -41.53846153846154,
                      'safe goal_pos': -40.252747252747255}}
WARNING 2026-10-07 15:47:56 ts/utils.py:121 Relative goal position magnitude had to be clamped to be safe.
{   'elbow_flex': {   'original goal_pos': -42.065934065934066,
                      'safe goal_pos': -41.30769230769231}}
WARNING 2026-10-07 15:47:56 ts/utils.py:121 Relative goal position magnitude had to be clamped to be safe.
{   'elbow_flex': {   'original goal_pos': -42.32967032967033,
                      'safe goal_pos': -42.0989010989011}}
WARNING 2026-10-07 15:47:56 ts/utils.py:121 Relative goal position magnitude had to be clamped to be safe.
{   'gripper': {   'original goal_pos': 42.591213700670146,
                   'safe goal_pos': 43.918575063613225}}
WARNING 2026-10-07 15:47:56 ts/utils.py:121 Relative goal position magnitude had to be clamped to be safe.
{   'gripper': {   'original goal_pos': 39.24050632911392,
                   'safe goal_pos': 42.45547073791349}}
WARNING 2026-10-07 15:47:56 ts/utils.py:121 Relative goal position magnitude had to be clamped to be safe.
{   'gripper': {   'original goal_pos': 35.740878629932986,
                   'safe goal_pos': 40.99236641221374}}
WARNING 2026-10-07 15:47:56 ts/utils.py:121 Relative goal position magnitude had to be clamped to be safe.
{   'gripper': {   'original goal_pos': 31.868950111690246,
                   'safe goal_pos': 39.529262086513995}}
WARNING 2026-10-07 15:47:56 ts/utils.py:121 Relative goal position magnitude had to be clamped to be safe.
{   'gripper': {   'original goal_pos': 28.071481757259864,
                   'safe goal_pos': 38.06615776081425}}
WARNING 2026-10-07 15:47:56 ts/utils.py:121 Relative goal position magnitude had to be clamped to be safe.
{   'gripper': {   'original goal_pos': 24.274013402829485,
                   'safe goal_pos': 36.603053435114504}}
WARNING 2026-10-07 15:47:56 ts/utils.py:121 Relative goal position magnitude had to be clamped to be safe.
{   'gripper': {   'original goal_pos': 21.07222635889799,
                   'safe goal_pos': 35.13994910941476}}
WARNING 2026-10-07 15:47:56 ts/utils.py:121 Relative goal position magnitude had to be clamped to be safe.
{   'gripper': {   'original goal_pos': 18.093819806403573,
                   'safe goal_pos': 33.61323155216285}}
WARNING 2026-10-07 15:47:56 ts/utils.py:121 Relative goal position magnitude had to be clamped to be safe.
{   'gripper': {   'original goal_pos': 15.860014892032762,
                   'safe goal_pos': 32.213740458015266}}
WARNING 2026-10-07 15:47:56 ts/utils.py:121 Relative goal position magnitude had to be clamped to be safe.
{   'gripper': {   'original goal_pos': 14.072970960536113,
                   'safe goal_pos': 30.75063613231552}}
WARNING 2026-10-07 15:47:56 ts/utils.py:121 Relative goal position magnitude had to be clamped to be safe.
{   'gripper': {   'original goal_pos': 12.658227848101266,
                   'safe goal_pos': 29.28753180661578}}
WARNING 2026-10-07 15:47:56 ts/utils.py:121 Relative goal position magnitude had to be clamped to be safe.
{   'gripper': {   'original goal_pos': 11.54132539091586,
                   'safe goal_pos': 27.82442748091603}}
WARNING 2026-10-07 15:47:56 ts/utils.py:121 Relative goal position magnitude had to be clamped to be safe.
{   'gripper': {   'original goal_pos': 10.573343261355175,
                   'safe goal_pos': 26.361323155216287}}
WARNING 2026-10-07 15:47:56 ts/utils.py:121 Relative goal position magnitude had to be clamped to be safe.
{   'gripper': {   'original goal_pos': 9.45644080416977,
                   'safe goal_pos': 24.961832061068705}}
WARNING 2026-10-07 15:47:56 ts/utils.py:121 Relative goal position magnitude had to be clamped to be safe.
{   'gripper': {   'original goal_pos': 8.413998510796723,
                   'safe goal_pos': 23.435114503816795}}
WARNING 2026-10-07 15:47:56 ts/utils.py:121 Relative goal position magnitude had to be clamped to be safe.
{   'gripper': {   'original goal_pos': 7.297096053611318,
                   'safe goal_pos': 22.035623409669213}}
WARNING 2026-10-07 15:47:56 ts/utils.py:121 Relative goal position magnitude had to be clamped to be safe.
{   'gripper': {   'original goal_pos': 6.031273268801192,
                   'safe goal_pos': 20.508905852417303}}
WARNING 2026-10-07 15:47:57 ts/utils.py:121 Relative goal position magnitude had to be clamped to be safe.
{   'gripper': {   'original goal_pos': 4.616530156366344,
                   'safe goal_pos': 18.982188295165393}}
WARNING 2026-10-07 15:47:57 ts/utils.py:121 Relative goal position magnitude had to be clamped to be safe.
{   'gripper': {   'original goal_pos': 3.1273268801191363,
                   'safe goal_pos': 17.58269720101781}}
WARNING 2026-10-07 15:47:57 ts/utils.py:121 Relative goal position magnitude had to be clamped to be safe.
{   'gripper': {   'original goal_pos': 1.7125837676842888,
                   'safe goal_pos': 16.055979643765905}}
WARNING 2026-10-07 15:47:57 ts/utils.py:121 Relative goal position magnitude had to be clamped to be safe.
{   'gripper': {   'original goal_pos': 1.4892032762472078,
                   'safe goal_pos': 14.59287531806616}}
WARNING 2026-10-07 15:47:57 ts/utils.py:121 Relative goal position magnitude had to be clamped to be safe.
{   'gripper': {   'original goal_pos': 1.5636634400595681,
                   'safe goal_pos': 13.06615776081425}}
WARNING 2026-10-07 15:47:57 ts/utils.py:121 Relative goal position magnitude had to be clamped to be safe.
{   'gripper': {   'original goal_pos': 1.5636634400595681,
                   'safe goal_pos': 11.666666666666664}}
WARNING 2026-10-07 15:47:57 ts/utils.py:121 Relative goal position magnitude had to be clamped to be safe.
{   'gripper': {   'original goal_pos': 1.5636634400595681,
                   'safe goal_pos': 10.203562340966922}}
WARNING 2026-10-07 15:47:57 ts/utils.py:121 Relative goal position magnitude had to be clamped to be safe.
{   'gripper': {   'original goal_pos': 1.5636634400595681,
                   'safe goal_pos': 8.740458015267176}}
WARNING 2026-10-07 15:47:57 ts/utils.py:121 Relative goal position magnitude had to be clamped to be safe.
{   'gripper': {   'original goal_pos': 1.5636634400595681,
                   'safe goal_pos': 7.2773536895674305}}
WARNING 2026-10-07 15:47:57 ts/utils.py:121 Relative goal position magnitude had to be clamped to be safe.
{   'gripper': {   'original goal_pos': 1.5636634400595681,
                   'safe goal_pos': 5.814249363867685}}
WARNING 2026-10-07 15:47:57 ts/utils.py:121 Relative goal position magnitude had to be clamped to be safe.
{   'gripper': {   'original goal_pos': 1.5636634400595681,
                   'safe goal_pos': 4.351145038167939}}
WARNING 2026-10-07 15:47:57 ts/utils.py:121 Relative goal position magnitude had to be clamped to be safe.
{   'gripper': {   'original goal_pos': 1.5636634400595681,
                   'safe goal_pos': 2.888040712468193}}
WARNING 2026-10-07 15:47:57 ts/utils.py:121 Relative goal position magnitude had to be clamped to be safe.
{   'gripper': {   'original goal_pos': 8.637379002233805,
                   'safe goal_pos': 8.053435114503817},
    'wrist_roll': {   'original goal_pos': 3.912087912087912,
                      'safe goal_pos': 2.8461538461538463}}
WARNING 2026-10-07 15:47:57 ts/utils.py:121 Relative goal position magnitude had to be clamped to be safe.
{   'gripper': {   'original goal_pos': 11.988086373790022,
                   'safe goal_pos': 9.134860050890586},
    'wrist_roll': {   'original goal_pos': 6.461538461538462,
                      'safe goal_pos': 4.076923076923077}}
WARNING 2026-10-07 15:47:57 ts/utils.py:121 Relative goal position magnitude had to be clamped to be safe.
{   'gripper': {   'original goal_pos': 15.4132539091586,
                   'safe goal_pos': 10.725190839694656},
    'wrist_roll': {   'original goal_pos': 8.307692307692308,
                      'safe goal_pos': 5.65934065934066}}
WARNING 2026-10-07 15:47:57 ts/utils.py:121 Relative goal position magnitude had to be clamped to be safe.
{   'gripper': {   'original goal_pos': 18.91288160833954,
                   'safe goal_pos': 12.188295165394402},
    'wrist_roll': {   'original goal_pos': 8.923076923076923,
                      'safe goal_pos': 6.978021978021978}}
WARNING 2026-10-07 15:47:57 ts/utils.py:121 Relative goal position magnitude had to be clamped to be safe.
{   'gripper': {   'original goal_pos': 21.965748324646313,
                   'safe goal_pos': 13.587786259541986},
    'wrist_roll': {   'original goal_pos': 8.835164835164836,
                      'safe goal_pos': 8.296703296703296}}
WARNING 2026-10-07 15:47:57 ts/utils.py:121 Relative goal position magnitude had to be clamped to be safe.
{   'gripper': {   'original goal_pos': 24.94415487714073,
                   'safe goal_pos': 14.987277353689567}}
WARNING 2026-10-07 15:47:57 ts/utils.py:121 Relative goal position magnitude had to be clamped to be safe.
{   'gripper': {   'original goal_pos': 27.475800446760985,
                   'safe goal_pos': 16.450381679389313}}
WARNING 2026-10-07 15:47:57 ts/utils.py:121 Relative goal position magnitude had to be clamped to be safe.
{   'gripper': {   'original goal_pos': 29.560685033507074,
                   'safe goal_pos': 17.786259541984734}}
WARNING 2026-10-07 15:47:58 ts/utils.py:121 Relative goal position magnitude had to be clamped to be safe.
{   'gripper': {   'original goal_pos': 31.198808637379,
                   'safe goal_pos': 19.31297709923664}}
WARNING 2026-10-07 15:47:58 ts/utils.py:121 Relative goal position magnitude had to be clamped to be safe.
{   'gripper': {   'original goal_pos': 32.315711094564406,
                   'safe goal_pos': 20.648854961832065},
    'shoulder_pan': {   'original goal_pos': -11.604395604395604,
                        'safe goal_pos': -11.417582417582418}}
WARNING 2026-10-07 15:47:58 ts/utils.py:121 Relative goal position magnitude had to be clamped to be safe.
{   'gripper': {   'original goal_pos': 32.91139240506329,
                   'safe goal_pos': 22.111959287531807},
    'shoulder_pan': {   'original goal_pos': -13.362637362637363,
                        'safe goal_pos': -12.736263736263737}}
WARNING 2026-10-07 15:47:58 ts/utils.py:121 Relative goal position magnitude had to be clamped to be safe.
{   'gripper': {   'original goal_pos': 33.13477289650037,
                   'safe goal_pos': 23.575063613231553},
    'shoulder_pan': {   'original goal_pos': -14.593406593406593,
                        'safe goal_pos': -14.142857142857142}}
WARNING 2026-10-07 15:47:58 ts/utils.py:121 Relative goal position magnitude had to be clamped to be safe.
{   'gripper': {   'original goal_pos': 33.50707371556217,
                   'safe goal_pos': 24.974554707379134},
    'shoulder_pan': {   'original goal_pos': -15.912087912087912,
                        'safe goal_pos': -15.54945054945055}}
WARNING 2026-10-07 15:47:58 ts/utils.py:121 Relative goal position magnitude had to be clamped to be safe.
{   'gripper': {   'original goal_pos': 33.43261355174981,
                   'safe goal_pos': 26.43765903307888},
    'shoulder_pan': {   'original goal_pos': -17.75824175824176,
                        'safe goal_pos': -17.043956043956044}}
WARNING 2026-10-07 15:47:58 ts/utils.py:121 Relative goal position magnitude had to be clamped to be safe.
{   'gripper': {   'original goal_pos': 33.43261355174981,
                   'safe goal_pos': 27.83715012722646},
    'shoulder_pan': {   'original goal_pos': -19.692307692307693,
                        'safe goal_pos': -18.450549450549453}}
WARNING 2026-10-07 15:47:58 ts/utils.py:121 Relative goal position magnitude had to be clamped to be safe.
{   'gripper': {   'original goal_pos': 33.283693224125095,
                   'safe goal_pos': 29.236641221374043},
    'shoulder_pan': {   'original goal_pos': -21.45054945054945,
                        'safe goal_pos': -19.76923076923077}}
WARNING 2026-10-07 15:47:58 ts/utils.py:121 Relative goal position magnitude had to be clamped to be safe.
{   'gripper': {   'original goal_pos': 33.283693224125095,
                   'safe goal_pos': 30.699745547073793},
    'shoulder_pan': {   'original goal_pos': -23.47252747252747,
                        'safe goal_pos': -21.263736263736263}}
WARNING 2026-10-07 15:47:58 ts/utils.py:121 Relative goal position magnitude had to be clamped to be safe.
{   'gripper': {   'original goal_pos': 33.283693224125095,
                   'safe goal_pos': 32.162849872773535},
    'shoulder_pan': {   'original goal_pos': -25.494505494505493,
                        'safe goal_pos': -22.67032967032967}}
WARNING 2026-10-07 15:47:58 ts/utils.py:121 Relative goal position magnitude had to be clamped to be safe.
{   'shoulder_pan': {   'original goal_pos': -27.428571428571427,
                        'safe goal_pos': -23.98901098901099}}
WARNING 2026-10-07 15:47:58 ts/utils.py:121 Relative goal position magnitude had to be clamped to be safe.
{   'shoulder_pan': {   'original goal_pos': -29.45054945054945,
                        'safe goal_pos': -25.483516483516482}}
WARNING 2026-10-07 15:47:58 ts/utils.py:121 Relative goal position magnitude had to be clamped to be safe.
{   'shoulder_pan': {   'original goal_pos': -31.12087912087912,
                        'safe goal_pos': -26.89010989010989}}
WARNING 2026-10-07 15:47:58 ts/utils.py:121 Relative goal position magnitude had to be clamped to be safe.
{   'shoulder_pan': {   'original goal_pos': -32.43956043956044,
                        'safe goal_pos': -28.296703296703296}}
WARNING 2026-10-07 15:47:58 ts/utils.py:121 Relative goal position magnitude had to be clamped to be safe.
{   'shoulder_pan': {   'original goal_pos': -33.67032967032967,
                        'safe goal_pos': -29.791208791208792}}
WARNING 2026-10-07 15:47:58 ts/utils.py:121 Relative goal position magnitude had to be clamped to be safe.
{   'shoulder_pan': {   'original goal_pos': -34.46153846153846,
                        'safe goal_pos': -31.10989010989011}}
WARNING 2026-10-07 15:47:58 ts/utils.py:121 Relative goal position magnitude had to be clamped to be safe.
{   'shoulder_pan': {   'original goal_pos': -34.81318681318681,
                        'safe goal_pos': -32.604395604395606}}
WARNING 2026-10-07 15:47:58 ts/utils.py:121 Relative goal position magnitude had to be clamped to be safe.
{   'shoulder_pan': {   'original goal_pos': -34.9010989010989,
                        'safe goal_pos': -34.098901098901095}}
WARNING 2026-10-07 15:47:58 ts/utils.py:121 Relative goal position magnitude had to be clamped to be safe.
{   'gripper': {   'original goal_pos': 24.94415487714073,
                   'safe goal_pos': 25.788804071246815}}
WARNING 2026-10-07 15:47:58 ts/utils.py:121 Relative goal position magnitude had to be clamped to be safe.
{   'gripper': {   'original goal_pos': 22.486969471332838,
                   'safe goal_pos': 24.325699745547073}}
WARNING 2026-10-07 15:47:58 ts/utils.py:121 Relative goal position magnitude had to be clamped to be safe.
{   'gripper': {   'original goal_pos': 19.806403574087863,
                   'safe goal_pos': 22.798982188295163}}
WARNING 2026-10-07 15:47:58 ts/utils.py:121 Relative goal position magnitude had to be clamped to be safe.
{   'gripper': {   'original goal_pos': 17.125837676842888,
                   'safe goal_pos': 21.39949109414758}}
WARNING 2026-10-07 15:47:58 ts/utils.py:121 Relative goal position magnitude had to be clamped to be safe.
{   'gripper': {   'original goal_pos': 14.668652271034995,
                   'safe goal_pos': 19.87277353689567}}
WARNING 2026-10-07 15:47:58 ts/utils.py:121 Relative goal position magnitude had to be clamped to be safe.
{   'gripper': {   'original goal_pos': 12.211466865227104,
                   'safe goal_pos': 18.473282442748094}}
WARNING 2026-10-07 15:47:58 ts/utils.py:121 Relative goal position magnitude had to be clamped to be safe.
{   'gripper': {   'original goal_pos': 10.052122114668652,
                   'safe goal_pos': 16.946564885496183}}
WARNING 2026-10-07 15:47:59 ts/utils.py:121 Relative goal position magnitude had to be clamped to be safe.
{   'gripper': {   'original goal_pos': 7.967237527922562,
                   'safe goal_pos': 15.547073791348598}}
WARNING 2026-10-07 15:47:59 ts/utils.py:121 Relative goal position magnitude had to be clamped to be safe.
{   'gripper': {   'original goal_pos': 6.180193596425912,
                   'safe goal_pos': 14.020356234096692}}
WARNING 2026-10-07 15:47:59 ts/utils.py:121 Relative goal position magnitude had to be clamped to be safe.
{   'gripper': {   'original goal_pos': 4.393149664929263,
                   'safe goal_pos': 12.62086513994911}}
WARNING 2026-10-07 15:47:59 ts/utils.py:121 Relative goal position magnitude had to be clamped to be safe.
{   'gripper': {   'original goal_pos': 2.680565897244974,
                   'safe goal_pos': 11.157760814249365}}
WARNING 2026-10-07 15:47:59 ts/utils.py:121 Relative goal position magnitude had to be clamped to be safe.
{   'gripper': {   'original goal_pos': 1.4892032762472078,
                   'safe goal_pos': 9.75826972010178}}

[1ATeleop loop time: 33.34ms (30 Hz)
[1ATeleop loop time: 33.34ms (30 Hz)
[1ATeleop loop time: 33.34ms (30 Hz)
[1ATeleop loop time: 33.34ms (30 Hz)
[1ATeleop loop time: 33.34ms (30 Hz)
[1ATeleop loop time: 33.34ms (30 Hz)
[1ATeleop loop time: 33.35ms (30 Hz)
[1ATeleop loop time: 33.34ms (30 Hz)
[1ATeleop loop time: 33.34ms (30 Hz)
[1ATeleop loop time: 33.34ms (30 Hz)
[1ATeleop loop time: 33.34ms (30 Hz)
[1ATeleop loop time: 33.35ms (30 Hz)
[1ATeleop loop time: 33.34ms (30 Hz)
[1ATeleop loop time: 33.34ms (30 Hz)
[1ATeleop loop time: 33.35ms (30 Hz)
[1ATeleop loop time: 33.35ms (30 Hz)
[1ATeleop loop time: 33.34ms (30 Hz)
[1ATeleop loop time: 33.34ms (30 Hz)
[1ATeleop loop time: 33.35ms (30 Hz)
[1ATeleop loop time: 33.34ms (30 Hz)
[1ATeleop loop time: 33.34ms (30 Hz)
[1ATeleop loop time: 33.34ms (30 Hz)
[1ATeleop loop time: 33.34ms (30 Hz)
[1ATeleop loop time: 33.34ms (30 Hz)
[1ATeleop loop time: 33.34ms (30 Hz)
[1ATeleop loop time: 33.34ms (30 Hz)
[1ATeleop loop time: 33.34ms (30 Hz)
[1ATeleop loop time: 33.34ms (30 Hz)
[1ATeleop loop time: 33.34ms (30 Hz)
[1ATeleop loop time: 33.34ms (30 Hz)
[1ATeleop loop time: 33.34ms (30 Hz)
[1ATeleop loop time: 33.34ms (30 Hz)
[1ATeleop loop time: 33.34ms (30 Hz)
[1ATeleop loop time: 33.34ms (30 Hz)
[1ATeleop loop time: 33.34ms (30 Hz)
[1ATeleop loop time: 33.33ms (30 Hz)
[1ATeleop loop time: 33.34ms (30 Hz)
[1ATeleop loop time: 33.34ms (30 Hz)
[1ATeleop loop time: 33.34ms (30 Hz)
[1ATeleop loop time: 33.35ms (30 Hz)
[1ATeleop loop time: 33.34ms (30 Hz)
[1ATeleop loop time: 33.36ms (30 Hz)
[1ATeleop loop time: 33.34ms (30 Hz)
[1ATeleop loop time: 33.34ms (30 Hz)
[1ATeleop loop time: 33.34ms (30 Hz)
[1ATeleop loop time: 33.38ms (30 Hz)
[1ATeleop loop time: 33.37ms (30 Hz)
[1ATeleop loop time: 33.37ms (30 Hz)
[1ATeleop loop time: 33.34ms (30 Hz)
[1ATeleop loop time: 33.34ms (30 Hz)
[1ATeleop loop time: 33.37ms (30 Hz)
[1ATeleop loop time: 33.34ms (30 Hz)
[1ATeleop loop time: 33.34ms (30 Hz)
[1ATeleop loop time: 33.34ms (30 Hz)
[1ATeleop loop time: 33.34ms (30 Hz)
[1ATeleop loop time: 33.39ms (30 Hz)
[1ATeleop loop time: 33.34ms (30 Hz)
[1ATeleop loop time: 33.34ms (30 Hz)
[1ATeleop loop time: 33.34ms (30 Hz)
[1ATeleop loop time: 33.34ms (30 Hz)
[1ATeleop loop time: 33.35ms (30 Hz)
[1ATeleop loop time: 33.34ms (30 Hz)
[1ATeleop loop time: 33.35ms (30 Hz)
[1ATeleop loop time: 33.36ms (30 Hz)
[1ATeleop loop time: 33.34ms (30 Hz)
[1ATeleop loop time: 33.35ms (30 Hz)
[1ATeleop loop time: 33.34ms (30 Hz)
[1ATeleop loop time: 33.34ms (30 Hz)
[1ATeleop loop time: 33.34ms (30 Hz)
[1ATeleop loop time: 33.34ms (30 Hz)
[1ATeleop loop time: 33.34ms (30 Hz)
[1ATeleop loop time: 33.34ms (30 Hz)
[1ATeleop loop time: 33.34ms (30 Hz)
[1ATeleop loop time: 33.34ms (30 Hz)
[1ATeleop loop time: 33.34ms (30 Hz)
[1ATeleop loop time: 33.34ms (30 Hz)
[1ATeleop loop time: 33.34ms (30 Hz)
[1ATeleop loop time: 33.34ms (30 Hz)
[1ATeleop loop time: 33.34ms (30 Hz)
[1ATeleop loop time: 33.34ms (30 Hz)
[1ATeleop loop time: 33.34ms (30 Hz)
[1ATeleop loop time: 33.34ms (30 Hz)
[1ATeleop loop time: 33.34ms (30 Hz)
[1ATeleop loop time: 33.34ms (30 Hz)
[1ATeleop loop time: 33.34ms (30 Hz)
[1ATeleop loop time: 33.34ms (30 Hz)
[1ATeleop loop time: 33.34ms (30 Hz)
[1ATeleop loop time: 33.34ms (30 Hz)
[1ATeleop loop time: 33.34ms (30 Hz)
[1ATeleop loop time: 33.34ms (30 Hz)
[1ATeleop loop time: 33.34ms (30 Hz)
[1ATeleop loop time: 33.34ms (30 Hz)
[1ATeleop loop time: 33.34ms (30 Hz)
[1ATeleop loop time: 33.34ms (30 Hz)
[1ATeleop loop time: 33.34ms (30 Hz)
[1ATeleop loop time: 33.34ms (30 Hz)
[1ATeleop loop time: 33.37ms (30 Hz)
[1ATeleop loop time: 33.34ms (30 Hz)
[1ATeleop loop time: 33.34ms (30 Hz)
[1ATeleop loop time: 33.34ms (30 Hz)
[1ATeleop loop time: 33.34ms (30 Hz)
[1ATeleop loop time: 33.34ms (30 Hz)
[1ATeleop loop time: 33.34ms (30 Hz)
[1ATeleop loop time: 33.34ms (30 Hz)
[1ATeleop loop time: 33.34ms (30 Hz)
[1ATeleop loop time: 33.35ms (30 Hz)
[1ATeleop loop time: 33.34ms (30 Hz)
[1ATeleop loop time: 33.34ms (30 Hz)
[1ATeleop loop time: 33.35ms (30 Hz)
[1ATeleop loop time: 33.34ms (30 Hz)
[1ATeleop loop time: 33.34ms (30 Hz)
[1ATeleop loop time: 33.36ms (30 Hz)
[1ATeleop loop time: 33.34ms (30 Hz)
[1ATeleop loop time: 33.34ms (30 Hz)
[1ATeleop loop time: 33.34ms (30 Hz)
[1ATeleop loop time: 33.34ms (30 Hz)
[1ATeleop loop time: 33.34ms (30 Hz)
[1ATeleop loop time: 33.34ms (30 Hz)
[1ATeleop loop time: 33.35ms (30 Hz)
[1ATeleop loop time: 33.34ms (30 Hz)
[1ATeleop loop time: 33.34ms (30 Hz)
[1ATeleop loop time: 33.35ms (30 Hz)
[1ATeleop loop time: 33.35ms (30 Hz)
[1ATeleop loop time: 33.36ms (30 Hz)
[1ATeleop loop time: 33.34ms (30 Hz)
[1ATeleop loop time: 33.34ms (30 Hz)
[1ATeleop loop time: 33.34ms (30 Hz)
[1ATeleop loop time: 33.34ms (30 Hz)
[1ATeleop loop time: 33.34ms (30 Hz)
[1ATeleop loop time: 33.34ms (30 Hz)
[1ATeleop loop time: 33.34ms (30 Hz)
[1ATeleop loop time: 33.34ms (30 Hz)
[1ATeleop loop time: 33.34ms (30 Hz)
[1ATeleop loop time: 33.34ms (30 Hz)
[1ATeleop loop time: 33.34ms (30 Hz)
[1ATeleop loop time: 33.34ms (30 Hz)
[1ATeleop loop time: 33.36ms (30 Hz)
[1ATeleop loop time: 33.34ms (30 Hz)
[1ATeleop loop time: 33.34ms (30 Hz)
[1ATeleop loop time: 33.34ms (30 Hz)
[1ATeleop loop time: 33.36ms (30 Hz)
[1ATeleop loop time: 33.34ms (30 Hz)
[1ATeleop loop time: 33.34ms (30 Hz)
[1ATeleop loop time: 33.34ms (30 Hz)
[1ATeleop loop time: 33.34ms (30 Hz)
[1ATeleop loop time: 33.34ms (30 Hz)
[1ATeleop loop time: 33.36ms (30 Hz)
[1ATeleop loop time: 33.34ms (30 Hz)
[1ATeleop loop time: 33.34ms (30 Hz)
[1ATeleop loop time: 33.34ms (30 Hz)
[1ATeleop loop time: 33.35ms (30 Hz)
[1ATeleop loop time: 33.35ms (30 Hz)
[1ATeleop loop time: 33.34ms (30 Hz)
[1ATeleop loop time: 33.37ms (30 Hz)
[1ATeleop loop time: 33.34ms (30 Hz)
[1ATeleop loop time: 33.34ms (30 Hz)
[1ATeleop loop time: 33.34ms (30 Hz)
[1ATeleop loop time: 33.34ms (30 Hz)
[1ATeleop loop time: 33.34ms (30 Hz)
[1ATeleop loop time: 33.34ms (30 Hz)
[1ATeleop loop time: 33.34ms (30 Hz)
[1ATeleop loop time: 33.34ms (30 Hz)
[1ATeleop loop time: 33.33ms (30 Hz)
[1ATeleop loop time: 33.34ms (30 Hz)
[1ATeleop loop time: 33.34ms (30 Hz)
[1ATeleop loop time: 33.34ms (30 Hz)
[1ATeleop loop time: 33.34ms (30 Hz)
[1ATeleop loop time: 33.34ms (30 Hz)
[1ATeleop loop time: 33.35ms (30 Hz)
[1ATeleop loop time: 33.34ms (30 Hz)
[1ATeleop loop time: 33.34ms (30 Hz)
[1ATeleop loop time: 33.34ms (30 Hz)
[1ATeleop loop time: 33.34ms (30 Hz)
[1ATeleop loop time: 33.34ms (30 Hz)
[1ATeleop loop time: 33.34ms (30 Hz)
[1ATeleop loop time: 33.34ms (30 Hz)
[1ATeleop loop time: 33.34ms (30 Hz)
[1ATeleop loop time: 33.34ms (30 Hz)
[1ATeleop loop time: 33.35ms (30 Hz)
[1ATeleop loop time: 33.35ms (30 Hz)
[1ATeleop loop time: 33.34ms (30 Hz)
[1ATeleop loop time: 33.34ms (30 Hz)
[1ATeleop loop time: 33.34ms (30 Hz)
[1ATeleop loop time: 33.36ms (30 Hz)
[1ATeleop loop time: 33.34ms (30 Hz)
[1ATeleop loop time: 33.34ms (30 Hz)
[1ATeleop loop time: 33.35ms (30 Hz)
[1ATeleop loop time: 33.34ms (30 Hz)
[1ATeleop loop time: 33.34ms (30 Hz)
[1ATeleop loop time: 33.35ms (30 Hz)
[1ATeleop loop time: 33.34ms (30 Hz)
[1ATeleop loop time: 33.34ms (30 Hz)
[1ATeleop loop time: 33.34ms (30 Hz)
[1ATeleop loop time: 33.34ms (30 Hz)
[1ATeleop loop time: 33.34ms (30 Hz)
[1ATeleop loop time: 33.34ms (30 Hz)
[1ATeleop loop time: 33.34ms (30 Hz)
[1ATeleop loop time: 33.34ms (30 Hz)
[1ATeleop loop time: 33.34ms (30 Hz)
[1ATeleop loop time: 33.34ms (30 Hz)
[1ATeleop loop time: 33.34ms (30 Hz)
[1ATeleop loop time: 33.34ms (30 Hz)
[1ATeleop loop time: 33.34ms (30 Hz)
[1ATeleop loop time: 33.34ms (30 Hz)
[1ATeleop loop time: 33.34ms (30 Hz)
[1ATeleop loop time: 33.36ms (30 Hz)
[1ATeleop loop time: 33.35ms (30 Hz)
[1ATeleop loop time: 33.34ms (30 Hz)
[1ATeleop loop time: 33.34ms (30 Hz)
[1ATeleop loop time: 33.34ms (30 Hz)
[1ATeleop loop time: 33.34ms (30 Hz)
[1ATeleop loop time: 33.34ms (30 Hz)
[1ATeleop loop time: 33.35ms (30 Hz)
[1ATeleop loop time: 33.34ms (30 Hz)
[1ATeleop loop time: 33.34ms (30 Hz)
[1ATeleop loop time: 33.34ms (30 Hz)WARNING 2026-10-07 15:47:59 ts/utils.py:121 Relative goal position magnitude had to be clamped to be safe.
{   'gripper': {   'original goal_pos': 1.5636634400595681,
                   'safe goal_pos': 8.231552162849871}}
WARNING 2026-10-07 15:47:59 ts/utils.py:121 Relative goal position magnitude had to be clamped to be safe.
{   'gripper': {   'original goal_pos': 1.6381236038719285,
                   'safe goal_pos': 6.768447837150127}}
WARNING 2026-10-07 15:47:59 ts/utils.py:121 Relative goal position magnitude had to be clamped to be safe.
{   'gripper': {   'original goal_pos': 1.6381236038719285,
                   'safe goal_pos': 5.305343511450381}}
WARNING 2026-10-07 15:47:59 ts/utils.py:121 Relative goal position magnitude had to be clamped to be safe.
{   'gripper': {   'original goal_pos': 1.6381236038719285,
                   'safe goal_pos': 3.9058524173027998}}
WARNING 2026-10-07 15:47:59 ts/utils.py:121 Relative goal position magnitude had to be clamped to be safe.
{   'gripper': {   'original goal_pos': 1.6381236038719285,
                   'safe goal_pos': 2.3791348600508897}}
WARNING 2026-10-07 15:47:59 ts/utils.py:121 Relative goal position magnitude had to be clamped to be safe.
{   'gripper': {   'original goal_pos': 10.498883097542814,
                   'safe goal_pos': 8.053435114503817}}
WARNING 2026-10-07 15:47:59 ts/utils.py:121 Relative goal position magnitude had to be clamped to be safe.
{   'gripper': {   'original goal_pos': 14.966492926284438,
                   'safe goal_pos': 9.198473282442748}}
WARNING 2026-10-07 15:47:59 ts/utils.py:121 Relative goal position magnitude had to be clamped to be safe.
{   'gripper': {   'original goal_pos': 19.731943410275502,
                   'safe goal_pos': 10.852417302798983}}
WARNING 2026-10-07 15:47:59 ts/utils.py:121 Relative goal position magnitude had to be clamped to be safe.
{   'gripper': {   'original goal_pos': 23.976172747580044,
                   'safe goal_pos': 12.251908396946565}}
WARNING 2026-10-07 15:47:59 ts/utils.py:121 Relative goal position magnitude had to be clamped to be safe.
{   'gripper': {   'original goal_pos': 27.773641102010426,
                   'safe goal_pos': 13.651399491094146}}
WARNING 2026-10-07 15:47:59 ts/utils.py:121 Relative goal position magnitude had to be clamped to be safe.
{   'gripper': {   'original goal_pos': 30.97542814594192,
                   'safe goal_pos': 15.114503816793894}}
WARNING 2026-10-07 15:47:59 ts/utils.py:121 Relative goal position magnitude had to be clamped to be safe.
{   'gripper': {   'original goal_pos': 33.804914370811616,
                   'safe goal_pos': 16.513994910941477}}
WARNING 2026-10-07 15:47:59 ts/utils.py:121 Relative goal position magnitude had to be clamped to be safe.
{   'gripper': {   'original goal_pos': 36.33655994043187,
                   'safe goal_pos': 17.91348600508906}}
WARNING 2026-10-07 15:47:59 ts/utils.py:121 Relative goal position magnitude had to be clamped to be safe.
{   'gripper': {   'original goal_pos': 38.049143708116155,
                   'safe goal_pos': 19.376590330788805}}
WARNING 2026-10-07 15:47:59 ts/utils.py:121 Relative goal position magnitude had to be clamped to be safe.
{   'gripper': {   'original goal_pos': 38.94266567386448,
                   'safe goal_pos': 20.776081424936386}}
WARNING 2026-10-07 15:47:59 ts/utils.py:121 Relative goal position magnitude had to be clamped to be safe.
{   'gripper': {   'original goal_pos': 38.57036485480268,
                   'safe goal_pos': 22.111959287531807}}
WARNING 2026-10-07 15:47:59 ts/utils.py:121 Relative goal position magnitude had to be clamped to be safe.
{   'gripper': {   'original goal_pos': 37.230081906180196,
                   'safe goal_pos': 23.638676844783713}}
WARNING 2026-10-07 15:47:59 ts/utils.py:121 Relative goal position magnitude had to be clamped to be safe.
{   'gripper': {   'original goal_pos': 35.294117647058826,
                   'safe goal_pos': 25.0381679389313}}
WARNING 2026-10-07 15:48:00 ts/utils.py:121 Relative goal position magnitude had to be clamped to be safe.
{   'gripper': {   'original goal_pos': 32.53909158600149,
                   'safe goal_pos': 26.43765903307888}}
WARNING 2026-10-07 15:48:00 ts/utils.py:121 Relative goal position magnitude had to be clamped to be safe.
{   'gripper': {   'original goal_pos': 29.33730454206999,
                   'safe goal_pos': 27.900763358778626}}
WARNING 2026-10-07 15:48:00 ts/utils.py:121 Relative goal position magnitude had to be clamped to be safe.
{   'gripper': {   'original goal_pos': 18.615040953090098,
                   'safe goal_pos': 21.208651399491096}}
WARNING 2026-10-07 15:48:00 ts/utils.py:121 Relative goal position magnitude had to be clamped to be safe.
{   'gripper': {   'original goal_pos': 15.4132539091586,
                   'safe goal_pos': 20.572519083969464}}
WARNING 2026-10-07 15:48:00 ts/utils.py:121 Relative goal position magnitude had to be clamped to be safe.
{   'gripper': {   'original goal_pos': 12.583767684288905,
                   'safe goal_pos': 18.918575063613233}}
WARNING 2026-10-07 15:48:00 ts/utils.py:121 Relative goal position magnitude had to be clamped to be safe.
{   'gripper': {   'original goal_pos': 9.82874162323157,
                   'safe goal_pos': 17.455470737913487}}
WARNING 2026-10-07 15:48:00 ts/utils.py:121 Relative goal position magnitude had to be clamped to be safe.
{   'gripper': {   'original goal_pos': 7.297096053611318,
                   'safe goal_pos': 15.992366412213741}}
WARNING 2026-10-07 15:48:00 ts/utils.py:121 Relative goal position magnitude had to be clamped to be safe.
{   'gripper': {   'original goal_pos': 4.914370811615785,
                   'safe goal_pos': 14.465648854961831}}
WARNING 2026-10-07 15:48:00 ts/utils.py:121 Relative goal position magnitude had to be clamped to be safe.
{   'gripper': {   'original goal_pos': 2.3827252419955323,
                   'safe goal_pos': 13.002544529262089}}
WARNING 2026-10-07 15:48:00 ts/utils.py:121 Relative goal position magnitude had to be clamped to be safe.
{   'gripper': {   'original goal_pos': 1.340282948622487,
                   'safe goal_pos': 11.539440203562343}}
WARNING 2026-10-07 15:48:00 ts/utils.py:121 Relative goal position magnitude had to be clamped to be safe.
{   'gripper': {   'original goal_pos': 1.7125837676842888,
                   'safe goal_pos': 10.139949109414758}}
WARNING 2026-10-07 15:48:00 ts/utils.py:121 Relative goal position magnitude had to be clamped to be safe.
{   'gripper': {   'original goal_pos': 1.8615040953090096,
                   'safe goal_pos': 8.61323155216285}}
WARNING 2026-10-07 15:48:00 ts/utils.py:121 Relative goal position magnitude had to be clamped to be safe.
{   'gripper': {   'original goal_pos': 1.8615040953090096,
                   'safe goal_pos': 7.1501272264631055}}
WARNING 2026-10-07 15:48:00 ts/utils.py:121 Relative goal position magnitude had to be clamped to be safe.
{   'gripper': {   'original goal_pos': 1.8615040953090096,
                   'safe goal_pos': 5.750636132315522}}
WARNING 2026-10-07 15:48:00 ts/utils.py:121 Relative goal position magnitude had to be clamped to be safe.
{   'gripper': {   'original goal_pos': 1.93596425912137,
                   'safe goal_pos': 4.223918575063614}}
WARNING 2026-10-07 15:48:00 ts/utils.py:121 Relative goal position magnitude had to be clamped to be safe.
{   'gripper': {   'original goal_pos': 2.1593447505584513,
                   'safe goal_pos': 2.760814249363868}}
WARNING 2026-10-07 15:48:00 ts/utils.py:121 Relative goal position magnitude had to be clamped to be safe.
{   'shoulder_pan': {   'original goal_pos': -30.681318681318682,
                        'safe goal_pos': -31.307692307692307}}
WARNING 2026-10-07 15:48:00 ts/utils.py:121 Relative goal position magnitude had to be clamped to be safe.
{   'shoulder_pan': {   'original goal_pos': -28.747252747252748,
                        'safe goal_pos': -30.07692307692308}}
WARNING 2026-10-07 15:48:00 ts/utils.py:121 Relative goal position magnitude had to be clamped to be safe.
{   'shoulder_pan': {   'original goal_pos': -26.285714285714285,
                        'safe goal_pos': -28.582417582417584}}
WARNING 2026-10-07 15:48:00 ts/utils.py:121 Relative goal position magnitude had to be clamped to be safe.
{   'shoulder_pan': {   'original goal_pos': -23.912087912087912,
                        'safe goal_pos': -27.087912087912088}}
WARNING 2026-10-07 15:48:00 ts/utils.py:121 Relative goal position magnitude had to be clamped to be safe.
{   'shoulder_pan': {   'original goal_pos': -21.802197802197803,
                        'safe goal_pos': -25.857142857142858}}
WARNING 2026-10-07 15:48:00 ts/utils.py:121 Relative goal position magnitude had to be clamped to be safe.
{   'shoulder_pan': {   'original goal_pos': -19.86813186813187,
                        'safe goal_pos': -24.53846153846154}}
WARNING 2026-10-07 15:48:00 ts/utils.py:121 Relative goal position magnitude had to be clamped to be safe.
{   'shoulder_pan': {   'original goal_pos': -17.934065934065934,
                        'safe goal_pos': -23.13186813186813}}
WARNING 2026-10-07 15:48:00 ts/utils.py:121 Relative goal position magnitude had to be clamped to be safe.
{   'shoulder_pan': {   'original goal_pos': -15.56043956043956,
                        'safe goal_pos': -21.63736263736264}}
WARNING 2026-10-07 15:48:00 ts/utils.py:121 Relative goal position magnitude had to be clamped to be safe.
{   'shoulder_pan': {   'original goal_pos': -13.098901098901099,
                        'safe goal_pos': -20.494505494505493}}
WARNING 2026-10-07 15:48:00 ts/utils.py:121 Relative goal position magnitude had to be clamped to be safe.
{   'shoulder_pan': {   'original goal_pos': -10.989010989010989,
                        'safe goal_pos': -19.087912087912088}}
WARNING 2026-10-07 15:48:01 ts/utils.py:121 Relative goal position magnitude had to be clamped to be safe.
{   'shoulder_pan': {   'original goal_pos': -8.791208791208792,
                        'safe goal_pos': -17.76923076923077}}
WARNING 2026-10-07 15:48:01 ts/utils.py:121 Relative goal position magnitude had to be clamped to be safe.
{   'shoulder_pan': {   'original goal_pos': -6.681318681318682,
                        'safe goal_pos': -16.45054945054945}}
WARNING 2026-10-07 15:48:01 ts/utils.py:121 Relative goal position magnitude had to be clamped to be safe.
{   'gripper': {   'original goal_pos': 7.967237527922562,
                   'safe goal_pos': 7.926208651399492},
    'shoulder_pan': {   'original goal_pos': -4.923076923076923,
                        'safe goal_pos': -15.131868131868131}}
WARNING 2026-10-07 15:48:01 ts/utils.py:121 Relative goal position magnitude had to be clamped to be safe.
{   'gripper': {   'original goal_pos': 11.988086373790022,
                   'safe goal_pos': 8.689567430025445},
    'shoulder_pan': {   'original goal_pos': -3.2527472527472527,
                        'safe goal_pos': -13.813186813186814}}
WARNING 2026-10-07 15:48:01 ts/utils.py:121 Relative goal position magnitude had to be clamped to be safe.
{   'gripper': {   'original goal_pos': 16.827997021593447,
                   'safe goal_pos': 10.216284987277355},
    'shoulder_pan': {   'original goal_pos': -2.021978021978022,
                        'safe goal_pos': -12.406593406593405}}
WARNING 2026-10-07 15:48:01 ts/utils.py:121 Relative goal position magnitude had to be clamped to be safe.
{   'gripper': {   'original goal_pos': 21.965748324646313,
                   'safe goal_pos': 11.679389312977099},
    'shoulder_pan': {   'original goal_pos': -1.4065934065934067,
                        'safe goal_pos': -11.087912087912088}}
WARNING 2026-10-07 15:48:01 ts/utils.py:121 Relative goal position magnitude had to be clamped to be safe.
{   'gripper': {   'original goal_pos': 27.40134028294862,
                   'safe goal_pos': 13.142493638676845},
    'shoulder_pan': {   'original goal_pos': -0.7032967032967034,
                        'safe goal_pos': -9.76923076923077}}
WARNING 2026-10-07 15:48:01 ts/utils.py:121 Relative goal position magnitude had to be clamped to be safe.
{   'gripper': {   'original goal_pos': 32.91139240506329,
                   'safe goal_pos': 14.478371501272264},
    'shoulder_pan': {   'original goal_pos': 0.17582417582417584,
                        'safe goal_pos': -8.362637362637363}}
WARNING 2026-10-07 15:48:01 ts/utils.py:121 Relative goal position magnitude had to be clamped to be safe.
{   'gripper': {   'original goal_pos': 38.049143708116155,
                   'safe goal_pos': 15.877862595419847},
    'shoulder_pan': {   'original goal_pos': 0.967032967032967,
                        'safe goal_pos': -7.043956043956044}}
WARNING 2026-10-07 15:48:01 ts/utils.py:121 Relative goal position magnitude had to be clamped to be safe.
{   'gripper': {   'original goal_pos': 42.6656738644825,
                   'safe goal_pos': 17.340966921119595},
    'shoulder_pan': {   'original goal_pos': 1.6703296703296704,
                        'safe goal_pos': -5.7252747252747245}}
WARNING 2026-10-07 15:48:01 ts/utils.py:121 Relative goal position magnitude had to be clamped to be safe.
{   'gripper': {   'original goal_pos': 46.68652271034996,
                   'safe goal_pos': 18.740458015267176},
    'shoulder_pan': {   'original goal_pos': 2.197802197802198,
                        'safe goal_pos': -4.318681318681319}}
WARNING 2026-10-07 15:48:01 ts/utils.py:121 Relative goal position magnitude had to be clamped to be safe.
{   'gripper': {   'original goal_pos': 50.26061057334326,
                   'safe goal_pos': 20.203562340966922},
    'shoulder_pan': {   'original goal_pos': 3.1648351648351647,
                        'safe goal_pos': -2.9120879120879124}}
WARNING 2026-10-07 15:48:01 ts/utils.py:121 Relative goal position magnitude had to be clamped to be safe.
{   'gripper': {   'original goal_pos': 53.16455696202531,
                   'safe goal_pos': 21.603053435114504},
    'shoulder_pan': {   'original goal_pos': 4.043956043956044,
                        'safe goal_pos': -1.6813186813186816}}
WARNING 2026-10-07 15:48:01 ts/utils.py:121 Relative goal position magnitude had to be clamped to be safe.
{   'gripper': {   'original goal_pos': 55.54728220402085,
                   'safe goal_pos': 23.00254452926209},
    'shoulder_pan': {   'original goal_pos': 5.010989010989011,
                        'safe goal_pos': -0.27472527472527464}}
WARNING 2026-10-07 15:48:01 ts/utils.py:121 Relative goal position magnitude had to be clamped to be safe.
{   'gripper': {   'original goal_pos': 57.11094564408042,
                   'safe goal_pos': 24.46564885496183},
    'shoulder_pan': {   'original goal_pos': 6.241758241758242,
                        'safe goal_pos': 1.1318681318681318}}
WARNING 2026-10-07 15:48:01 ts/utils.py:121 Relative goal position magnitude had to be clamped to be safe.
{   'gripper': {   'original goal_pos': 58.004467609828744,
                   'safe goal_pos': 25.928753180661577},
    'shoulder_pan': {   'original goal_pos': 7.2967032967032965,
                        'safe goal_pos': 2.3626373626373627}}
WARNING 2026-10-07 15:48:01 ts/utils.py:121 Relative goal position magnitude had to be clamped to be safe.
{   'gripper': {   'original goal_pos': 58.22784810126582,
                   'safe goal_pos': 27.328244274809162},
    'shoulder_pan': {   'original goal_pos': 8.351648351648352,
                        'safe goal_pos': 3.769230769230769}}
WARNING 2026-10-07 15:48:01 ts/utils.py:121 Relative goal position magnitude had to be clamped to be safe.
{   'gripper': {   'original goal_pos': 58.0789277736411,
                   'safe goal_pos': 28.791348600508904},
    'shoulder_pan': {   'original goal_pos': 9.582417582417582,
                        'safe goal_pos': 5.087912087912088}}
WARNING 2026-10-07 15:48:01 ts/utils.py:121 Relative goal position magnitude had to be clamped to be safe.
{   'gripper': {   'original goal_pos': 58.0789277736411,
                   'safe goal_pos': 30.254452926208653},
    'shoulder_pan': {   'original goal_pos': 11.164835164835164,
                        'safe goal_pos': 6.406593406593407}}
WARNING 2026-10-07 15:48:01 ts/utils.py:121 Relative goal position magnitude had to be clamped to be safe.
{   'gripper': {   'original goal_pos': 58.0789277736411,
                   'safe goal_pos': 31.717557251908396},
    'shoulder_pan': {   'original goal_pos': 13.010989010989011,
                        'safe goal_pos': 7.725274725274725}}
WARNING 2026-10-07 15:48:01 ts/utils.py:121 Relative goal position magnitude had to be clamped to be safe.
{   'gripper': {   'original goal_pos': 58.0789277736411,
                   'safe goal_pos': 33.11704834605598},
    'shoulder_pan': {   'original goal_pos': 14.593406593406593,
                        'safe goal_pos': 9.131868131868131}}
WARNING 2026-10-07 15:48:01 ts/utils.py:121 Relative goal position magnitude had to be clamped to be safe.
{   'gripper': {   'original goal_pos': 58.004467609828744,
                   'safe goal_pos': 34.51653944020356},
    'shoulder_pan': {   'original goal_pos': 16.175824175824175,
                        'safe goal_pos': 10.538461538461538}}
WARNING 2026-10-07 15:48:01 ts/utils.py:121 Relative goal position magnitude had to be clamped to be safe.
{   'gripper': {   'original goal_pos': 58.004467609828744,
                   'safe goal_pos': 35.91603053435115},
    'shoulder_pan': {   'original goal_pos': 18.197802197802197,
                        'safe goal_pos': 11.857142857142858}}
WARNING 2026-10-07 15:48:01 ts/utils.py:121 Relative goal position magnitude had to be clamped to be safe.
{   'gripper': {   'original goal_pos': 57.63216679076694,
                   'safe goal_pos': 37.37913486005089},
    'shoulder_pan': {   'original goal_pos': 20.21978021978022,
                        'safe goal_pos': 13.263736263736265}}
WARNING 2026-10-07 15:48:01 ts/utils.py:121 Relative goal position magnitude had to be clamped to be safe.
{   'gripper': {   'original goal_pos': 56.36634400595681,
                   'safe goal_pos': 38.778625954198475},
    'shoulder_pan': {   'original goal_pos': 21.714285714285715,
                        'safe goal_pos': 14.582417582417582}}
WARNING 2026-10-07 15:48:01 ts/utils.py:121 Relative goal position magnitude had to be clamped to be safe.
{   'gripper': {   'original goal_pos': 54.132539091586,
                   'safe goal_pos': 40.17811704834606},
    'shoulder_pan': {   'original goal_pos': 23.208791208791208,
                        'safe goal_pos': 15.989010989010989}}
WARNING 2026-10-07 15:48:01 ts/utils.py:121 Relative goal position magnitude had to be clamped to be safe.
{   'gripper': {   'original goal_pos': 51.00521221146687,
                   'safe goal_pos': 41.6412213740458},
    'shoulder_pan': {   'original goal_pos': 24.967032967032967,
                        'safe goal_pos': 17.307692307692307}}
WARNING 2026-10-07 15:48:01 ts/utils.py:121 Relative goal position magnitude had to be clamped to be safe.
{   'gripper': {   'original goal_pos': 47.05882352941176,
                   'safe goal_pos': 43.040712468193384},
    'shoulder_pan': {   'original goal_pos': 26.197802197802197,
                        'safe goal_pos': 18.714285714285715}}
WARNING 2026-10-07 15:48:01 ts/utils.py:121 Relative goal position magnitude had to be clamped to be safe.
{   'shoulder_pan': {   'original goal_pos': 27.252747252747252,
                        'safe goal_pos': 20.032967032967033}}
WARNING 2026-10-07 15:48:01 ts/utils.py:121 Relative goal position magnitude had to be clamped to be safe.
{   'shoulder_pan': {   'original goal_pos': 28.65934065934066,
                        'safe goal_pos': 21.439560439560438}}
WARNING 2026-10-07 15:48:02 ts/utils.py:121 Relative goal position magnitude had to be clamped to be safe.
{   'gripper': {   'original goal_pos': 33.804914370811616,
                   'safe goal_pos': 36.475826972010175},
    'shoulder_pan': {   'original goal_pos': 29.978021978021978,
                        'safe goal_pos': 22.75824175824176}}
WARNING 2026-10-07 15:48:02 ts/utils.py:121 Relative goal position magnitude had to be clamped to be safe.
{   'gripper': {   'original goal_pos': 29.11392405063291,
                   'safe goal_pos': 36.348600508905854},
    'shoulder_pan': {   'original goal_pos': 31.032967032967033,
                        'safe goal_pos': 24.164835164835164}}
WARNING 2026-10-07 15:48:02 ts/utils.py:121 Relative goal position magnitude had to be clamped to be safe.
{   'gripper': {   'original goal_pos': 24.79523454951601,
                   'safe goal_pos': 34.94910941475827},
    'shoulder_pan': {   'original goal_pos': 31.560439560439562,
                        'safe goal_pos': 25.483516483516482}}
WARNING 2026-10-07 15:48:02 ts/utils.py:121 Relative goal position magnitude had to be clamped to be safe.
{   'gripper': {   'original goal_pos': 20.997766195085628,
                   'safe goal_pos': 33.295165394402034},
    'shoulder_pan': {   'original goal_pos': 32.0,
                        'safe goal_pos': 26.89010989010989}}
WARNING 2026-10-07 15:48:02 ts/utils.py:121 Relative goal position magnitude had to be clamped to be safe.
{   'gripper': {   'original goal_pos': 17.572598659717052,
                   'safe goal_pos': 31.832061068702288},
    'shoulder_pan': {   'original goal_pos': 33.31868131868132,
                        'safe goal_pos': 28.296703296703296}}
WARNING 2026-10-07 15:48:02 ts/utils.py:121 Relative goal position magnitude had to be clamped to be safe.
{   'gripper': {   'original goal_pos': 14.668652271034995,
                   'safe goal_pos': 30.43256997455471},
    'shoulder_pan': {   'original goal_pos': 34.81318681318681,
                        'safe goal_pos': 29.615384615384617}}
WARNING 2026-10-07 15:48:02 ts/utils.py:121 Relative goal position magnitude had to be clamped to be safe.
{   'gripper': {   'original goal_pos': 12.062546537602383,
                   'safe goal_pos': 28.905852417302803},
    'shoulder_pan': {   'original goal_pos': 36.13186813186813,
                        'safe goal_pos': 31.021978021978022}}
WARNING 2026-10-07 15:48:02 ts/utils.py:121 Relative goal position magnitude had to be clamped to be safe.
{   'gripper': {   'original goal_pos': 9.67982129560685,
                   'safe goal_pos': 27.50636132315521},
    'shoulder_pan': {   'original goal_pos': 37.010989010989015,
                        'safe goal_pos': 32.42857142857143}}
WARNING 2026-10-07 15:48:02 ts/utils.py:121 Relative goal position magnitude had to be clamped to be safe.
{   'gripper': {   'original goal_pos': 7.892777364110201,
                   'safe goal_pos': 25.979643765903308},
    'shoulder_pan': {   'original goal_pos': 37.97802197802198,
                        'safe goal_pos': 33.83516483516483}}
WARNING 2026-10-07 15:48:02 ts/utils.py:121 Relative goal position magnitude had to be clamped to be safe.
{   'gripper': {   'original goal_pos': 6.701414743112435,
                   'safe goal_pos': 24.580152671755727},
    'shoulder_pan': {   'original goal_pos': 39.38461538461539,
                        'safe goal_pos': 35.15384615384615}}
WARNING 2026-10-07 15:48:02 ts/utils.py:121 Relative goal position magnitude had to be clamped to be safe.
{   'gripper': {   'original goal_pos': 5.88235294117647,
                   'safe goal_pos': 23.18066157760814},
    'shoulder_pan': {   'original goal_pos': 40.967032967032964,
                        'safe goal_pos': 36.56043956043956}}
WARNING 2026-10-07 15:48:02 ts/utils.py:121 Relative goal position magnitude had to be clamped to be safe.
{   'gripper': {   'original goal_pos': 5.361131794489948,
                   'safe goal_pos': 21.717557251908396},
    'shoulder_pan': {   'original goal_pos': 42.1978021978022,
                        'safe goal_pos': 38.05494505494506}}
WARNING 2026-10-07 15:48:02 ts/utils.py:121 Relative goal position magnitude had to be clamped to be safe.
{   'gripper': {   'original goal_pos': 5.286671630677588,
                   'safe goal_pos': 20.190839694656486},
    'shoulder_pan': {   'original goal_pos': 42.989010989010985,
                        'safe goal_pos': 39.37362637362637}}
WARNING 2026-10-07 15:48:02 ts/utils.py:121 Relative goal position magnitude had to be clamped to be safe.
{   'gripper': {   'original goal_pos': 5.361131794489948,
                   'safe goal_pos': 18.791348600508904},
    'shoulder_pan': {   'original goal_pos': 44.043956043956044,
                        'safe goal_pos': 40.78021978021978}}
WARNING 2026-10-07 15:48:02 ts/utils.py:121 Relative goal position magnitude had to be clamped to be safe.
{   'gripper': {   'original goal_pos': 5.361131794489948,
                   'safe goal_pos': 17.264631043256998},
    'shoulder_pan': {   'original goal_pos': 45.53846153846154,
                        'safe goal_pos': 42.18681318681319}}
WARNING 2026-10-07 15:48:02 ts/utils.py:121 Relative goal position magnitude had to be clamped to be safe.
{   'gripper': {   'original goal_pos': 5.286671630677588,
                   'safe goal_pos': 15.801526717557252},
    'shoulder_pan': {   'original goal_pos': 46.857142857142854,
                        'safe goal_pos': 43.59340659340659}}
WARNING 2026-10-07 15:48:02 ts/utils.py:121 Relative goal position magnitude had to be clamped to be safe.
{   'gripper': {   'original goal_pos': 5.212211466865227,
                   'safe goal_pos': 14.338422391857506},
    'shoulder_pan': {   'original goal_pos': 47.91208791208791,
                        'safe goal_pos': 45.0}}
WARNING 2026-10-07 15:48:02 ts/utils.py:121 Relative goal position magnitude had to be clamped to be safe.
{   'gripper': {   'original goal_pos': 5.212211466865227,
                   'safe goal_pos': 12.87531806615776},
    'shoulder_pan': {   'original goal_pos': 48.527472527472526,
                        'safe goal_pos': 46.40659340659341}}
WARNING 2026-10-07 15:48:02 ts/utils.py:121 Relative goal position magnitude had to be clamped to be safe.
{   'gripper': {   'original goal_pos': 5.137751303052867,
                   'safe goal_pos': 11.412213740458014},
    'shoulder_pan': {   'original goal_pos': 49.494505494505496,
                        'safe goal_pos': 47.72527472527472}}
WARNING 2026-10-07 15:48:02 ts/utils.py:121 Relative goal position magnitude had to be clamped to be safe.
{   'gripper': {   'original goal_pos': 5.137751303052867,
                   'safe goal_pos': 9.949109414758269},
    'shoulder_pan': {   'original goal_pos': 51.16483516483517,
                        'safe goal_pos': 49.21978021978022}}
WARNING 2026-10-07 15:48:02 ts/utils.py:121 Relative goal position magnitude had to be clamped to be safe.
{   'gripper': {   'original goal_pos': 5.286671630677588,
                   'safe goal_pos': 8.486005089058525},
    'shoulder_pan': {   'original goal_pos': 52.747252747252745,
                        'safe goal_pos': 50.62637362637363}}
WARNING 2026-10-07 15:48:02 ts/utils.py:121 Relative goal position magnitude had to be clamped to be safe.
{   'gripper': {   'original goal_pos': 5.361131794489948,
                   'safe goal_pos': 7.022900763358779},
    'shoulder_pan': {   'original goal_pos': 54.065934065934066,
                        'safe goal_pos': 51.94505494505494}}
WARNING 2026-10-07 15:48:02 ts/utils.py:121 Relative goal position magnitude had to be clamped to be safe.
{   'gripper': {   'original goal_pos': 5.361131794489948,
                   'safe goal_pos': 5.559796437659033},
    'shoulder_pan': {   'original goal_pos': 54.76923076923077,
                        'safe goal_pos': 53.35164835164835}}
WARNING 2026-10-07 15:48:02 ts/utils.py:121 Relative goal position magnitude had to be clamped to be safe.
{   'shoulder_pan': {   'original goal_pos': 55.472527472527474,
                        'safe goal_pos': 54.84615384615385}}
WARNING 2026-10-07 15:48:02 ts/utils.py:121 Relative goal position magnitude had to be clamped to be safe.
{   'wrist_flex': {   'original goal_pos': 72.65934065934066,
                      'safe goal_pos': 73.06593406593407}}
WARNING 2026-10-07 15:48:02 ts/utils.py:121 Relative goal position magnitude had to be clamped to be safe.
{   'wrist_flex': {   'original goal_pos': 70.37362637362638,
                      'safe goal_pos': 71.92307692307692}}
WARNING 2026-10-07 15:48:02 ts/utils.py:121 Relative goal position magnitude had to be clamped to be safe.
{   'wrist_flex': {   'original goal_pos': 68.26373626373626,
                      'safe goal_pos': 70.34065934065934}}
WARNING 2026-10-07 15:48:02 ts/utils.py:121 Relative goal position magnitude had to be clamped to be safe.
{   'gripper': {   'original goal_pos': 14.221891288160835,
                   'safe goal_pos': 12.12468193384224},
    'wrist_flex': {   'original goal_pos': 65.71428571428571,
                      'safe goal_pos': 69.02197802197803}}
WARNING 2026-10-07 15:48:02 ts/utils.py:121 Relative goal position magnitude had to be clamped to be safe.
{   'gripper': {   'original goal_pos': 18.838421444527178,
                   'safe goal_pos': 13.333333333333332},
    'wrist_flex': {   'original goal_pos': 63.252747252747255,
                      'safe goal_pos': 67.79120879120879}}
WARNING 2026-10-07 15:48:03 ts/utils.py:121 Relative goal position magnitude had to be clamped to be safe.
{   'gripper': {   'original goal_pos': 23.827252419955325,
                   'safe goal_pos': 14.79643765903308},
    'wrist_flex': {   'original goal_pos': 61.40659340659341,
                      'safe goal_pos': 66.2967032967033}}
WARNING 2026-10-07 15:48:03 ts/utils.py:121 Relative goal position magnitude had to be clamped to be safe.
{   'gripper': {   'original goal_pos': 29.635145197319435,
                   'safe goal_pos': 16.323155216284988},
    'wrist_flex': {   'original goal_pos': 60.26373626373626,
                      'safe goal_pos': 65.06593406593407}}
WARNING 2026-10-07 15:48:03 ts/utils.py:121 Relative goal position magnitude had to be clamped to be safe.
{   'gripper': {   'original goal_pos': 35.44303797468354,
                   'safe goal_pos': 17.659033078880405},
    'wrist_flex': {   'original goal_pos': 59.91208791208791,
                      'safe goal_pos': 63.83516483516483}}
WARNING 2026-10-07 15:48:03 ts/utils.py:121 Relative goal position magnitude had to be clamped to be safe.
{   'gripper': {   'original goal_pos': 41.25093075204765,
                   'safe goal_pos': 19.185750636132315},
    'wrist_flex': {   'original goal_pos': 59.824175824175825,
                      'safe goal_pos': 62.42857142857143}}
WARNING 2026-10-07 15:48:03 ts/utils.py:121 Relative goal position magnitude had to be clamped to be safe.
{   'gripper': {   'original goal_pos': 46.68652271034996,
                   'safe goal_pos': 20.521628498727736},
    'wrist_flex': {   'original goal_pos': 59.824175824175825,
                      'safe goal_pos': 61.197802197802204}}
WARNING 2026-10-07 15:48:03 ts/utils.py:121 Relative goal position magnitude had to be clamped to be safe.
{   'gripper': {   'original goal_pos': 51.60089352196575,
                   'safe goal_pos': 21.921119592875318}}
WARNING 2026-10-07 15:48:03 ts/utils.py:121 Relative goal position magnitude had to be clamped to be safe.
{   'gripper': {   'original goal_pos': 56.14296351451973,
                   'safe goal_pos': 23.447837150127228}}
WARNING 2026-10-07 15:48:03 ts/utils.py:121 Relative goal position magnitude had to be clamped to be safe.
{   'gripper': {   'original goal_pos': 60.08935219657483,
                   'safe goal_pos': 24.84732824427481}}
WARNING 2026-10-07 15:48:03 ts/utils.py:121 Relative goal position magnitude had to be clamped to be safe.
{   'gripper': {   'original goal_pos': 63.51451973194341,
                   'safe goal_pos': 26.310432569974555}}
WARNING 2026-10-07 15:48:03 ts/utils.py:121 Relative goal position magnitude had to be clamped to be safe.
{   'gripper': {   'original goal_pos': 66.49292628443783,
                   'safe goal_pos': 27.709923664122137}}
WARNING 2026-10-07 15:48:03 ts/utils.py:121 Relative goal position magnitude had to be clamped to be safe.
{   'gripper': {   'original goal_pos': 69.09903201787044,
                   'safe goal_pos': 29.173027989821882}}
WARNING 2026-10-07 15:48:03 ts/utils.py:121 Relative goal position magnitude had to be clamped to be safe.
{   'gripper': {   'original goal_pos': 71.18391660461653,
                   'safe goal_pos': 30.572519083969464}}
WARNING 2026-10-07 15:48:03 ts/utils.py:121 Relative goal position magnitude had to be clamped to be safe.
{   'gripper': {   'original goal_pos': 72.82204020848846,
                   'safe goal_pos': 32.099236641221374}}
WARNING 2026-10-07 15:48:03 ts/utils.py:121 Relative goal position magnitude had to be clamped to be safe.
{   'gripper': {   'original goal_pos': 73.93894266567386,
                   'safe goal_pos': 33.43511450381679}}
WARNING 2026-10-07 15:48:03 ts/utils.py:121 Relative goal position magnitude had to be clamped to be safe.
{   'gripper': {   'original goal_pos': 74.38570364854803,
                   'safe goal_pos': 34.83460559796438}}
WARNING 2026-10-07 15:48:03 ts/utils.py:121 Relative goal position magnitude had to be clamped to be safe.
{   'gripper': {   'original goal_pos': 74.23678332092331,
                   'safe goal_pos': 36.29770992366413}}
WARNING 2026-10-07 15:48:03 ts/utils.py:121 Relative goal position magnitude had to be clamped to be safe.
{   'gripper': {   'original goal_pos': 74.23678332092331,
                   'safe goal_pos': 37.69720101781171}}
WARNING 2026-10-07 15:48:03 ts/utils.py:121 Relative goal position magnitude had to be clamped to be safe.
{   'gripper': {   'original goal_pos': 74.23678332092331,
                   'safe goal_pos': 39.096692111959285}}
WARNING 2026-10-07 15:48:03 ts/utils.py:121 Relative goal position magnitude had to be clamped to be safe.
{   'gripper': {   'original goal_pos': 74.23678332092331,
                   'safe goal_pos': 40.55979643765903}}
WARNING 2026-10-07 15:48:03 ts/utils.py:121 Relative goal position magnitude had to be clamped to be safe.
{   'elbow_flex': {   'original goal_pos': -26.065934065934066,
                      'safe goal_pos': -25.835164835164836},
    'gripper': {   'original goal_pos': 74.23678332092331,
                   'safe goal_pos': 41.959287531806616}}
WARNING 2026-10-07 15:48:03 ts/utils.py:121 Relative goal position magnitude had to be clamped to be safe.
{   'elbow_flex': {   'original goal_pos': -27.384615384615383,
                      'safe goal_pos': -26.714285714285715},
    'gripper': {   'original goal_pos': 74.23678332092331,
                   'safe goal_pos': 43.42239185750636}}
WARNING 2026-10-07 15:48:03 ts/utils.py:121 Relative goal position magnitude had to be clamped to be safe.
{   'elbow_flex': {   'original goal_pos': -28.703296703296704,
                      'safe goal_pos': -27.593406593406595},
    'gripper': {   'original goal_pos': 74.23678332092331,
                   'safe goal_pos': 44.82188295165394}}
WARNING 2026-10-07 15:48:03 ts/utils.py:121 Relative goal position magnitude had to be clamped to be safe.
{   'elbow_flex': {   'original goal_pos': -30.197802197802197,
                      'safe goal_pos': -28.47252747252747},
    'gripper': {   'original goal_pos': 74.16232315711095,
                   'safe goal_pos': 46.28498727735369}}
WARNING 2026-10-07 15:48:03 ts/utils.py:121 Relative goal position magnitude had to be clamped to be safe.
{   'elbow_flex': {   'original goal_pos': -31.956043956043956,
                      'safe goal_pos': -29.35164835164835},
    'gripper': {   'original goal_pos': 74.16232315711095,
                   'safe goal_pos': 47.62086513994911}}
WARNING 2026-10-07 15:48:03 ts/utils.py:121 Relative goal position magnitude had to be clamped to be safe.
{   'elbow_flex': {   'original goal_pos': -33.97802197802198,
                      'safe goal_pos': -30.318681318681318},
    'gripper': {   'original goal_pos': 74.16232315711095,
                   'safe goal_pos': 49.083969465648856},
    'wrist_flex': {   'original goal_pos': 67.56043956043956,
                      'safe goal_pos': 66.1868131868132}}
WARNING 2026-10-07 15:48:03 ts/utils.py:121 Relative goal position magnitude had to be clamped to be safe.
{   'elbow_flex': {   'original goal_pos': -36.175824175824175,
                      'safe goal_pos': -31.197802197802197},
    'gripper': {   'original goal_pos': 74.08786299329859,
                   'safe goal_pos': 50.48346055979644},
    'wrist_flex': {   'original goal_pos': 71.42857142857143,
                      'safe goal_pos': 67.5934065934066}}
WARNING 2026-10-07 15:48:03 ts/utils.py:121 Relative goal position magnitude had to be clamped to be safe.
{   'elbow_flex': {   'original goal_pos': -38.285714285714285,
                      'safe goal_pos': -32.16483516483517},
    'gripper': {   'original goal_pos': 73.41772151898735,
                   'safe goal_pos': 51.88295165394402},
    'wrist_flex': {   'original goal_pos': 75.64835164835165,
                      'safe goal_pos': 69.26373626373626}}
WARNING 2026-10-07 15:48:03 ts/utils.py:121 Relative goal position magnitude had to be clamped to be safe.
{   'elbow_flex': {   'original goal_pos': -40.30769230769231,
                      'safe goal_pos': -32.956043956043956},
    'gripper': {   'original goal_pos': 71.92851824274014,
                   'safe goal_pos': 53.282442748091604},
    'wrist_flex': {   'original goal_pos': 79.51648351648352,
                      'safe goal_pos': 70.75824175824175}}
WARNING 2026-10-07 15:48:03 ts/utils.py:121 Relative goal position magnitude had to be clamped to be safe.
{   'elbow_flex': {   'original goal_pos': -41.89010989010989,
                      'safe goal_pos': -33.92307692307692},
    'gripper': {   'original goal_pos': 69.76917349218168,
                   'safe goal_pos': 54.74554707379134},
    'wrist_flex': {   'original goal_pos': 82.85714285714286,
                      'safe goal_pos': 72.25274725274726}}
WARNING 2026-10-07 15:48:03 ts/utils.py:121 Relative goal position magnitude had to be clamped to be safe.
{   'elbow_flex': {   'original goal_pos': -43.2967032967033,
                      'safe goal_pos': -34.714285714285715},
    'gripper': {   'original goal_pos': 67.23752792256143,
                   'safe goal_pos': 56.14503816793893},
    'wrist_flex': {   'original goal_pos': 85.49450549450549,
                      'safe goal_pos': 73.92307692307692}}
WARNING 2026-10-07 15:48:04 ts/utils.py:121 Relative goal position magnitude had to be clamped to be safe.
{   'elbow_flex': {   'original goal_pos': -44.527472527472526,
                      'safe goal_pos': -35.681318681318686},
    'gripper': {   'original goal_pos': 64.25912137006702,
                   'safe goal_pos': 57.608142493638674},
    'wrist_flex': {   'original goal_pos': 87.34065934065934,
                      'safe goal_pos': 75.41758241758242}}
WARNING 2026-10-07 15:48:04 ts/utils.py:121 Relative goal position magnitude had to be clamped to be safe.
{   'elbow_flex': {   'original goal_pos': -45.494505494505496,
                      'safe goal_pos': -36.472527472527474},
    'gripper': {   'original goal_pos': 61.42963514519732,
                   'safe goal_pos': 59.007633587786266},
    'wrist_flex': {   'original goal_pos': 88.13186813186813,
                      'safe goal_pos': 76.82417582417582}}
WARNING 2026-10-07 15:48:04 ts/utils.py:121 Relative goal position magnitude had to be clamped to be safe.
{   'elbow_flex': {   'original goal_pos': -46.37362637362637,
                      'safe goal_pos': -37.26373626373626},
    'wrist_flex': {   'original goal_pos': 88.3076923076923,
                      'safe goal_pos': 78.31868131868131}}
WARNING 2026-10-07 15:48:04 ts/utils.py:121 Relative goal position magnitude had to be clamped to be safe.
{   'elbow_flex': {   'original goal_pos': -47.16483516483517,
                      'safe goal_pos': -38.142857142857146},
    'wrist_flex': {   'original goal_pos': 88.3076923076923,
                      'safe goal_pos': 79.9010989010989}}
WARNING 2026-10-07 15:48:04 ts/utils.py:121 Relative goal position magnitude had to be clamped to be safe.
{   'elbow_flex': {   'original goal_pos': -48.043956043956044,
                      'safe goal_pos': -39.02197802197802},
    'wrist_flex': {   'original goal_pos': 88.3076923076923,
                      'safe goal_pos': 81.48351648351648}}
WARNING 2026-10-07 15:48:04 ts/utils.py:121 Relative goal position magnitude had to be clamped to be safe.
{   'elbow_flex': {   'original goal_pos': -49.18681318681319,
                      'safe goal_pos': -39.9010989010989},
    'gripper': {   'original goal_pos': 51.15413253909159,
                   'safe goal_pos': 51.6793893129771},
    'wrist_flex': {   'original goal_pos': 88.3076923076923,
                      'safe goal_pos': 82.97802197802197}}
WARNING 2026-10-07 15:48:04 ts/utils.py:121 Relative goal position magnitude had to be clamped to be safe.
{   'elbow_flex': {   'original goal_pos': -50.32967032967033,
                      'safe goal_pos': -40.78021978021978},
    'gripper': {   'original goal_pos': 49.0692479523455,
                   'safe goal_pos': 50.343511450381676},
    'wrist_flex': {   'original goal_pos': 88.48351648351648,
                      'safe goal_pos': 84.47252747252747}}
WARNING 2026-10-07 15:48:04 ts/utils.py:121 Relative goal position magnitude had to be clamped to be safe.
{   'elbow_flex': {   'original goal_pos': -51.20879120879121,
                      'safe goal_pos': -41.65934065934066},
    'gripper': {   'original goal_pos': 47.13328369322413,
                   'safe goal_pos': 48.81679389312977},
    'wrist_flex': {   'original goal_pos': 88.57142857142857,
                      'safe goal_pos': 86.05494505494505}}
WARNING 2026-10-07 15:48:04 ts/utils.py:121 Relative goal position magnitude had to be clamped to be safe.
{   'elbow_flex': {   'original goal_pos': -52.0,
                      'safe goal_pos': -42.45054945054945},
    'gripper': {   'original goal_pos': 45.27177959791511,
                   'safe goal_pos': 47.29007633587786},
    'wrist_flex': {   'original goal_pos': 88.57142857142857,
                      'safe goal_pos': 87.54945054945055}}
WARNING 2026-10-07 15:48:04 ts/utils.py:121 Relative goal position magnitude had to be clamped to be safe.
{   'elbow_flex': {   'original goal_pos': -52.43956043956044,
                      'safe goal_pos': -43.32967032967033},
    'gripper': {   'original goal_pos': 43.33581533879374,
                   'safe goal_pos': 45.82697201017812}}
WARNING 2026-10-07 15:48:04 ts/utils.py:121 Relative goal position magnitude had to be clamped to be safe.
{   'elbow_flex': {   'original goal_pos': -52.79120879120879,
                      'safe goal_pos': -44.120879120879124},
    'gripper': {   'original goal_pos': 41.474311243484735,
                   'safe goal_pos': 44.36386768447837}}
WARNING 2026-10-07 15:48:04 ts/utils.py:121 Relative goal position magnitude had to be clamped to be safe.
{   'elbow_flex': {   'original goal_pos': -52.967032967032964,
                      'safe goal_pos': -44.91208791208791},
    'gripper': {   'original goal_pos': 39.538346984363365,
                   'safe goal_pos': 42.96437659033079}}
WARNING 2026-10-07 15:48:04 ts/utils.py:121 Relative goal position magnitude had to be clamped to be safe.
{   'elbow_flex': {   'original goal_pos': -52.967032967032964,
                      'safe goal_pos': -45.7032967032967},
    'gripper': {   'original goal_pos': 37.75130305286672,
                   'safe goal_pos': 41.56488549618321}}
WARNING 2026-10-07 15:48:04 ts/utils.py:121 Relative goal position magnitude had to be clamped to be safe.
{   'elbow_flex': {   'original goal_pos': -52.967032967032964,
                      'safe goal_pos': -46.494505494505496},
    'gripper': {   'original goal_pos': 36.03871928518243,
                   'safe goal_pos': 40.10178117048346}}
WARNING 2026-10-07 15:48:04 ts/utils.py:121 Relative goal position magnitude had to be clamped to be safe.
{   'elbow_flex': {   'original goal_pos': -53.142857142857146,
                      'safe goal_pos': -47.37362637362637},
    'gripper': {   'original goal_pos': 34.69843633655994,
                   'safe goal_pos': 38.63867684478372}}
WARNING 2026-10-07 15:48:04 ts/utils.py:121 Relative goal position magnitude had to be clamped to be safe.
{   'elbow_flex': {   'original goal_pos': -53.142857142857146,
                      'safe goal_pos': -48.16483516483517},
    'gripper': {   'original goal_pos': 33.730454206999255,
                   'safe goal_pos': 37.17557251908397}}
WARNING 2026-10-07 15:48:04 ts/utils.py:121 Relative goal position magnitude had to be clamped to be safe.
{   'elbow_flex': {   'original goal_pos': -53.142857142857146,
                      'safe goal_pos': -49.043956043956044},
    'gripper': {   'original goal_pos': 33.13477289650037,
                   'safe goal_pos': 35.71246819338422}}
WARNING 2026-10-07 15:48:04 ts/utils.py:121 Relative goal position magnitude had to be clamped to be safe.
{   'elbow_flex': {   'original goal_pos': -53.142857142857146,
                      'safe goal_pos': -49.92307692307692},
    'gripper': {   'original goal_pos': 32.91139240506329,
                   'safe goal_pos': 34.24936386768448}}
WARNING 2026-10-07 15:48:04 ts/utils.py:121 Relative goal position magnitude had to be clamped to be safe.
{   'elbow_flex': {   'original goal_pos': -53.142857142857146,
                      'safe goal_pos': -50.8021978021978}}
WARNING 2026-10-07 15:48:04 ts/utils.py:121 Relative goal position magnitude had to be clamped to be safe.
{   'elbow_flex': {   'original goal_pos': -53.142857142857146,
                      'safe goal_pos': -51.59340659340659}}
WARNING 2026-10-07 15:48:04 ts/utils.py:121 Relative goal position magnitude had to be clamped to be safe.
{   'elbow_flex': {   'original goal_pos': -53.142857142857146,
                      'safe goal_pos': -52.38461538461539}}
WARNING 2026-10-07 15:48:05 ts/utils.py:121 Relative goal position magnitude had to be clamped to be safe.
{   'gripper': {   'original goal_pos': 25.39091586001489,
                   'safe goal_pos': 26.679389312977097}}
WARNING 2026-10-07 15:48:05 ts/utils.py:121 Relative goal position magnitude had to be clamped to be safe.
{   'gripper': {   'original goal_pos': 21.59344750558451,
                   'safe goal_pos': 25.216284987277355}}
WARNING 2026-10-07 15:48:05 ts/utils.py:121 Relative goal position magnitude had to be clamped to be safe.
{   'gripper': {   'original goal_pos': 17.42367833209233,
                   'safe goal_pos': 23.68956743002545},
    'wrist_flex': {   'original goal_pos': 82.32967032967034,
                      'safe goal_pos': 82.73626373626374}}
WARNING 2026-10-07 15:48:05 ts/utils.py:121 Relative goal position magnitude had to be clamped to be safe.
{   'gripper': {   'original goal_pos': 12.807148175725985,
                   'safe goal_pos': 22.2264631043257},
    'wrist_flex': {   'original goal_pos': 79.78021978021978,
                      'safe goal_pos': 81.41758241758242}}
WARNING 2026-10-07 15:48:05 ts/utils.py:121 Relative goal position magnitude had to be clamped to be safe.
{   'gripper': {   'original goal_pos': 8.041697691734921,
                   'safe goal_pos': 20.763358778625957},
    'wrist_flex': {   'original goal_pos': 77.4065934065934,
                      'safe goal_pos': 80.01098901098901}}
WARNING 2026-10-07 15:48:05 ts/utils.py:121 Relative goal position magnitude had to be clamped to be safe.
{   'gripper': {   'original goal_pos': 3.4251675353685775,
                   'safe goal_pos': 19.30025445292621},
    'wrist_flex': {   'original goal_pos': 74.94505494505495,
                      'safe goal_pos': 78.6043956043956}}
WARNING 2026-10-07 15:48:05 ts/utils.py:121 Relative goal position magnitude had to be clamped to be safe.
{   'gripper': {   'original goal_pos': 0.967982129560685,
                   'safe goal_pos': 17.83715012722646},
    'wrist_flex': {   'original goal_pos': 72.57142857142857,
                      'safe goal_pos': 77.28571428571429}}
WARNING 2026-10-07 15:48:05 ts/utils.py:121 Relative goal position magnitude had to be clamped to be safe.
{   'gripper': {   'original goal_pos': 2.0104244229337302,
                   'safe goal_pos': 16.374045801526716},
    'wrist_flex': {   'original goal_pos': 70.54945054945055,
                      'safe goal_pos': 75.96703296703296}}
WARNING 2026-10-07 15:48:05 ts/utils.py:121 Relative goal position magnitude had to be clamped to be safe.
{   'gripper': {   'original goal_pos': 2.8294862248696946,
                   'safe goal_pos': 14.84732824427481},
    'wrist_flex': {   'original goal_pos': 69.05494505494505,
                      'safe goal_pos': 74.56043956043956}}
WARNING 2026-10-07 15:48:05 ts/utils.py:121 Relative goal position magnitude had to be clamped to be safe.
{   'gripper': {   'original goal_pos': 2.8294862248696946,
                   'safe goal_pos': 13.3206106870229},
    'wrist_flex': {   'original goal_pos': 68.35164835164835,
                      'safe goal_pos': 73.24175824175825}}
WARNING 2026-10-07 15:48:05 ts/utils.py:121 Relative goal position magnitude had to be clamped to be safe.
{   'gripper': {   'original goal_pos': 2.8294862248696946,
                   'safe goal_pos': 11.984732824427482},
    'wrist_flex': {   'original goal_pos': 68.0,
                      'safe goal_pos': 71.92307692307692}}
WARNING 2026-10-07 15:48:05 ts/utils.py:121 Relative goal position magnitude had to be clamped to be safe.
{   'gripper': {   'original goal_pos': 2.8294862248696946,
                   'safe goal_pos': 10.458015267175574},
    'wrist_flex': {   'original goal_pos': 68.0,
                      'safe goal_pos': 70.51648351648352}}
WARNING 2026-10-07 15:48:05 ts/utils.py:121 Relative goal position magnitude had to be clamped to be safe.
{   'gripper': {   'original goal_pos': 2.8294862248696946,
                   'safe goal_pos': 8.994910941475828},
    'wrist_flex': {   'original goal_pos': 67.91208791208791,
                      'safe goal_pos': 69.1978021978022}}
WARNING 2026-10-07 15:48:05 ts/utils.py:121 Relative goal position magnitude had to be clamped to be safe.
{   'gripper': {   'original goal_pos': 2.8294862248696946,
                   'safe goal_pos': 7.595419847328243}}
WARNING 2026-10-07 15:48:06 ts/utils.py:121 Relative goal position magnitude had to be clamped to be safe.
{   'gripper': {   'original goal_pos': 2.680565897244974,
                   'safe goal_pos': 6.068702290076336}}
WARNING 2026-10-07 15:48:06 ts/utils.py:121 Relative goal position magnitude had to be clamped to be safe.
{   'gripper': {   'original goal_pos': 2.084884586746091,
                   'safe goal_pos': 4.669211195928753}}
WARNING 2026-10-07 15:48:06 ts/utils.py:121 Relative goal position magnitude had to be clamped to be safe.
{   'gripper': {   'original goal_pos': 1.5636634400595681,
                   'safe goal_pos': 3.1424936386768447}}
WARNING 2026-10-07 15:48:06 ts/utils.py:121 Relative goal position magnitude had to be clamped to be safe.
{   'gripper': {   'original goal_pos': 1.5636634400595681,
                   'safe goal_pos': 1.679389312977099}}

[1ATeleop loop time: 33.34ms (30 Hz)
[1ATeleop loop time: 33.34ms (30 Hz)
[1ATeleop loop time: 33.36ms (30 Hz)
[1ATeleop loop time: 33.35ms (30 Hz)
[1ATeleop loop time: 33.37ms (30 Hz)
[1ATeleop loop time: 33.34ms (30 Hz)
[1ATeleop loop time: 33.34ms (30 Hz)
[1ATeleop loop time: 33.34ms (30 Hz)
[1ATeleop loop time: 33.34ms (30 Hz)
[1ATeleop loop time: 33.34ms (30 Hz)
[1ATeleop loop time: 33.34ms (30 Hz)
[1ATeleop loop time: 33.34ms (30 Hz)
[1ATeleop loop time: 33.34ms (30 Hz)
[1ATeleop loop time: 33.34ms (30 Hz)
[1ATeleop loop time: 33.34ms (30 Hz)
[1ATeleop loop time: 33.34ms (30 Hz)
[1ATeleop loop time: 33.36ms (30 Hz)
[1ATeleop loop time: 33.34ms (30 Hz)
[1ATeleop loop time: 33.35ms (30 Hz)
[1ATeleop loop time: 33.34ms (30 Hz)
[1ATeleop loop time: 33.34ms (30 Hz)
[1ATeleop loop time: 33.34ms (30 Hz)
[1ATeleop loop time: 33.34ms (30 Hz)
[1ATeleop loop time: 33.35ms (30 Hz)
[1ATeleop loop time: 33.34ms (30 Hz)
[1ATeleop loop time: 33.36ms (30 Hz)
[1ATeleop loop time: 33.36ms (30 Hz)
[1ATeleop loop time: 33.34ms (30 Hz)
[1ATeleop loop time: 33.36ms (30 Hz)
[1ATeleop loop time: 33.34ms (30 Hz)
[1ATeleop loop time: 33.36ms (30 Hz)
[1ATeleop loop time: 33.34ms (30 Hz)
[1ATeleop loop time: 33.34ms (30 Hz)
[1ATeleop loop time: 33.37ms (30 Hz)
[1ATeleop loop time: 33.34ms (30 Hz)
[1ATeleop loop time: 33.41ms (30 Hz)
[1ATeleop loop time: 33.34ms (30 Hz)
[1ATeleop loop time: 33.37ms (30 Hz)
[1ATeleop loop time: 33.34ms (30 Hz)
[1ATeleop loop time: 33.37ms (30 Hz)
[1ATeleop loop time: 33.34ms (30 Hz)
[1ATeleop loop time: 33.34ms (30 Hz)
[1ATeleop loop time: 33.37ms (30 Hz)
[1ATeleop loop time: 33.37ms (30 Hz)
[1ATeleop loop time: 33.34ms (30 Hz)
[1ATeleop loop time: 33.35ms (30 Hz)
[1ATeleop loop time: 33.36ms (30 Hz)
[1ATeleop loop time: 33.34ms (30 Hz)
[1ATeleop loop time: 33.34ms (30 Hz)
[1ATeleop loop time: 33.34ms (30 Hz)
[1ATeleop loop time: 33.37ms (30 Hz)
[1ATeleop loop time: 33.34ms (30 Hz)
[1ATeleop loop time: 33.34ms (30 Hz)
[1ATeleop loop time: 33.35ms (30 Hz)
[1ATeleop loop time: 33.38ms (30 Hz)
[1ATeleop loop time: 33.34ms (30 Hz)
[1ATeleop loop time: 33.34ms (30 Hz)
[1ATeleop loop time: 33.37ms (30 Hz)
[1ATeleop loop time: 33.37ms (30 Hz)
[1ATeleop loop time: 33.35ms (30 Hz)
[1ATeleop loop time: 33.34ms (30 Hz)
[1ATeleop loop time: 33.34ms (30 Hz)
[1ATeleop loop time: 33.34ms (30 Hz)
[1ATeleop loop time: 33.34ms (30 Hz)
[1ATeleop loop time: 33.34ms (30 Hz)
[1ATeleop loop time: 33.34ms (30 Hz)
[1ATeleop loop time: 33.34ms (30 Hz)
[1ATeleop loop time: 33.35ms (30 Hz)
[1ATeleop loop time: 33.34ms (30 Hz)
[1ATeleop loop time: 33.35ms (30 Hz)
[1ATeleop loop time: 33.34ms (30 Hz)
[1ATeleop loop time: 33.33ms (30 Hz)
[1ATeleop loop time: 33.36ms (30 Hz)
[1ATeleop loop time: 33.36ms (30 Hz)
[1ATeleop loop time: 33.34ms (30 Hz)
[1ATeleop loop time: 33.38ms (30 Hz)
[1ATeleop loop time: 33.36ms (30 Hz)
[1ATeleop loop time: 33.34ms (30 Hz)
[1ATeleop loop time: 33.34ms (30 Hz)
[1ATeleop loop time: 33.34ms (30 Hz)
[1ATeleop loop time: 33.34ms (30 Hz)
[1ATeleop loop time: 33.36ms (30 Hz)
[1ATeleop loop time: 33.34ms (30 Hz)
[1ATeleop loop time: 33.34ms (30 Hz)
[1ATeleop loop time: 33.35ms (30 Hz)
[1ATeleop loop time: 33.36ms (30 Hz)
[1ATeleop loop time: 33.36ms (30 Hz)
[1ATeleop loop time: 33.34ms (30 Hz)
[1ATeleop loop time: 33.34ms (30 Hz)
[1ATeleop loop time: 33.37ms (30 Hz)
[1ATeleop loop time: 33.37ms (30 Hz)
[1ATeleop loop time: 33.34ms (30 Hz)
[1ATeleop loop time: 33.38ms (30 Hz)
[1ATeleop loop time: 33.34ms (30 Hz)
[1ATeleop loop time: 33.34ms (30 Hz)
[1ATeleop loop time: 33.36ms (30 Hz)
[1ATeleop loop time: 33.34ms (30 Hz)
[1ATeleop loop time: 33.34ms (30 Hz)
[1ATeleop loop time: 33.34ms (30 Hz)
[1ATeleop loop time: 33.34ms (30 Hz)
[1ATeleop loop time: 33.34ms (30 Hz)
[1ATeleop loop time: 33.34ms (30 Hz)
[1ATeleop loop time: 33.35ms (30 Hz)
[1ATeleop loop time: 33.34ms (30 Hz)
[1ATeleop loop time: 33.34ms (30 Hz)
[1ATeleop loop time: 33.36ms (30 Hz)
[1ATeleop loop time: 33.37ms (30 Hz)
[1ATeleop loop time: 33.36ms (30 Hz)
[1ATeleop loop time: 33.34ms (30 Hz)
[1ATeleop loop time: 33.34ms (30 Hz)
[1ATeleop loop time: 33.37ms (30 Hz)
[1ATeleop loop time: 33.34ms (30 Hz)
[1ATeleop loop time: 33.34ms (30 Hz)
[1ATeleop loop time: 33.34ms (30 Hz)
[1ATeleop loop time: 33.34ms (30 Hz)
[1ATeleop loop time: 33.34ms (30 Hz)
[1ATeleop loop time: 33.34ms (30 Hz)
[1ATeleop loop time: 33.34ms (30 Hz)
[1ATeleop loop time: 33.39ms (30 Hz)
[1ATeleop loop time: 33.36ms (30 Hz)
[1ATeleop loop time: 33.34ms (30 Hz)
[1ATeleop loop time: 33.34ms (30 Hz)
[1ATeleop loop time: 33.34ms (30 Hz)
[1ATeleop loop time: 33.34ms (30 Hz)
[1ATeleop loop time: 33.34ms (30 Hz)
[1ATeleop loop time: 33.36ms (30 Hz)
[1ATeleop loop time: 33.60ms (30 Hz)
[1ATeleop loop time: 33.34ms (30 Hz)
[1ATeleop loop time: 33.34ms (30 Hz)
[1ATeleop loop time: 33.34ms (30 Hz)
[1ATeleop loop time: 33.34ms (30 Hz)
[1ATeleop loop time: 33.34ms (30 Hz)
[1ATeleop loop time: 33.36ms (30 Hz)
[1ATeleop loop time: 33.34ms (30 Hz)
[1ATeleop loop time: 33.34ms (30 Hz)
[1ATeleop loop time: 33.34ms (30 Hz)
[1ATeleop loop time: 33.34ms (30 Hz)
[1ATeleop loop time: 33.34ms (30 Hz)
[1ATeleop loop time: 33.34ms (30 Hz)
[1ATeleop loop time: 33.34ms (30 Hz)
[1ATeleop loop time: 33.34ms (30 Hz)
[1ATeleop loop time: 33.34ms (30 Hz)
[1ATeleop loop time: 33.34ms (30 Hz)
[1ATeleop loop time: 33.35ms (30 Hz)
[1ATeleop loop time: 33.37ms (30 Hz)
[1ATeleop loop time: 33.34ms (30 Hz)
[1ATeleop loop time: 33.37ms (30 Hz)
[1ATeleop loop time: 33.34ms (30 Hz)
[1ATeleop loop time: 33.34ms (30 Hz)
[1ATeleop loop time: 33.34ms (30 Hz)
[1ATeleop loop time: 33.36ms (30 Hz)
[1ATeleop loop time: 33.34ms (30 Hz)
[1ATeleop loop time: 33.36ms (30 Hz)
[1ATeleop loop time: 33.34ms (30 Hz)
[1ATeleop loop time: 33.34ms (30 Hz)
[1ATeleop loop time: 33.34ms (30 Hz)
[1ATeleop loop time: 33.33ms (30 Hz)
[1ATeleop loop time: 33.34ms (30 Hz)
[1ATeleop loop time: 33.34ms (30 Hz)
[1ATeleop loop time: 33.34ms (30 Hz)
[1ATeleop loop time: 33.34ms (30 Hz)
[1ATeleop loop time: 33.34ms (30 Hz)
[1ATeleop loop time: 33.34ms (30 Hz)
[1ATeleop loop time: 33.34ms (30 Hz)
[1ATeleop loop time: 33.34ms (30 Hz)
[1ATeleop loop time: 33.36ms (30 Hz)
[1ATeleop loop time: 33.35ms (30 Hz)
[1ATeleop loop time: 33.34ms (30 Hz)
[1ATeleop loop time: 33.34ms (30 Hz)
[1ATeleop loop time: 33.34ms (30 Hz)
[1ATeleop loop time: 33.34ms (30 Hz)
[1ATeleop loop time: 33.34ms (30 Hz)
[1ATeleop loop time: 33.34ms (30 Hz)
[1ATeleop loop time: 33.34ms (30 Hz)
[1ATeleop loop time: 33.34ms (30 Hz)
[1ATeleop loop time: 33.34ms (30 Hz)
[1ATeleop loop time: 33.34ms (30 Hz)
[1ATeleop loop time: 33.34ms (30 Hz)
[1ATeleop loop time: 33.34ms (30 Hz)
[1ATeleop loop time: 33.34ms (30 Hz)
[1ATeleop loop time: 33.34ms (30 Hz)
[1ATeleop loop time: 33.34ms (30 Hz)
[1ATeleop loop time: 33.34ms (30 Hz)
[1ATeleop loop time: 33.34ms (30 Hz)
[1ATeleop loop time: 33.34ms (30 Hz)
[1ATeleop loop time: 33.36ms (30 Hz)
[1ATeleop loop time: 33.38ms (30 Hz)
[1ATeleop loop time: 33.34ms (30 Hz)
[1ATeleop loop time: 33.44ms (30 Hz)
[1ATeleop loop time: 33.34ms (30 Hz)
[1ATeleop loop time: 33.34ms (30 Hz)
[1ATeleop loop time: 33.34ms (30 Hz)
[1ATeleop loop time: 33.34ms (30 Hz)
[1ATeleop loop time: 33.37ms (30 Hz)
[1ATeleop loop time: 33.34ms (30 Hz)
[1ATeleop loop time: 33.37ms (30 Hz)
[1ATeleop loop time: 33.36ms (30 Hz)
[1ATeleop loop time: 33.34ms (30 Hz)
[1ATeleop loop time: 33.34ms (30 Hz)
[1ATeleop loop time: 33.34ms (30 Hz)
[1ATeleop loop time: 33.34ms (30 Hz)
[1ATeleop loop time: 33.34ms (30 Hz)
[1ATeleop loop time: 33.34ms (30 Hz)
[1ATeleop loop time: 33.34ms (30 Hz)
[1ATeleop loop time: 33.34ms (30 Hz)
[1ATeleop loop time: 33.34ms (30 Hz)
[1ATeleop loop time: 33.34ms (30 Hz)
[1ATeleop loop time: 33.37ms (30 Hz)
[1ATeleop loop time: 33.34ms (30 Hz)
[1ATeleop loop time: 33.34ms (30 Hz)
[1ATeleop loop time: 33.34ms (30 Hz)
[1ATeleop loop time: 33.34ms (30 Hz)
[1ATeleop loop time: 33.35ms (30 Hz)
[1ATeleop loop time: 33.34ms (30 Hz)
[1ATeleop loop time: 33.34ms (30 Hz)
[1ATeleop loop time: 33.36ms (30 Hz)WARNING 2026-10-07 15:48:06 ts/utils.py:121 Relative goal position magnitude had to be clamped to be safe.
{   'elbow_flex': {   'original goal_pos': -26.593406593406595,
                      'safe goal_pos': -26.53846153846154},
    'shoulder_lift': {   'original goal_pos': 89.18681318681318,
                         'safe goal_pos': 88.51648351648352}}
WARNING 2026-10-07 15:48:06 ts/utils.py:121 Relative goal position magnitude had to be clamped to be safe.
{   'elbow_flex': {   'original goal_pos': -27.912087912087912,
                      'safe goal_pos': -27.32967032967033},
    'shoulder_lift': {   'original goal_pos': 91.91208791208791,
                         'safe goal_pos': 90.0989010989011}}
WARNING 2026-10-07 15:48:06 ts/utils.py:121 Relative goal position magnitude had to be clamped to be safe.
{   'elbow_flex': {   'original goal_pos': -28.967032967032967,
                      'safe goal_pos': -28.384615384615383},
    'shoulder_lift': {   'original goal_pos': 94.37362637362638,
                         'safe goal_pos': 91.85714285714286}}
WARNING 2026-10-07 15:48:06 ts/utils.py:121 Relative goal position magnitude had to be clamped to be safe.
{   'elbow_flex': {   'original goal_pos': -30.46153846153846,
                      'safe goal_pos': -29.35164835164835},
    'shoulder_lift': {   'original goal_pos': 96.3956043956044,
                         'safe goal_pos': 93.43956043956044}}
WARNING 2026-10-07 15:48:06 ts/utils.py:121 Relative goal position magnitude had to be clamped to be safe.
{   'elbow_flex': {   'original goal_pos': -32.13186813186813,
                      'safe goal_pos': -30.318681318681318},
    'shoulder_lift': {   'original goal_pos': 97.71428571428571,
                         'safe goal_pos': 95.10989010989012}}
WARNING 2026-10-07 15:48:06 ts/utils.py:121 Relative goal position magnitude had to be clamped to be safe.
{   'elbow_flex': {   'original goal_pos': -33.45054945054945,
                      'safe goal_pos': -31.285714285714285},
    'shoulder_lift': {   'original goal_pos': 98.94505494505495,
                         'safe goal_pos': 96.86813186813187}}
WARNING 2026-10-07 15:48:06 ts/utils.py:121 Relative goal position magnitude had to be clamped to be safe.
{   'elbow_flex': {   'original goal_pos': -34.59340659340659,
                      'safe goal_pos': -32.252747252747255},
    'shoulder_lift': {   'original goal_pos': 100.0,
                         'safe goal_pos': 98.45054945054945}}
WARNING 2026-10-07 15:48:06 ts/utils.py:121 Relative goal position magnitude had to be clamped to be safe.
{   'elbow_flex': {   'original goal_pos': -35.38461538461539,
                      'safe goal_pos': -33.21978021978022},
    'shoulder_lift': {   'original goal_pos': 100.7032967032967,
                         'safe goal_pos': 100.12087912087912}}
WARNING 2026-10-07 15:48:06 ts/utils.py:121 Relative goal position magnitude had to be clamped to be safe.
{   'elbow_flex': {   'original goal_pos': -36.35164835164835,
                      'safe goal_pos': -34.27472527472527}}
WARNING 2026-10-07 15:48:06 ts/utils.py:121 Relative goal position magnitude had to be clamped to be safe.
{   'elbow_flex': {   'original goal_pos': -37.494505494505496,
                      'safe goal_pos': -35.24175824175824}}
WARNING 2026-10-07 15:48:06 ts/utils.py:121 Relative goal position magnitude had to be clamped to be safe.
{   'elbow_flex': {   'original goal_pos': -38.81318681318681,
                      'safe goal_pos': -36.20879120879121}}
WARNING 2026-10-07 15:48:07 ts/utils.py:121 Relative goal position magnitude had to be clamped to be safe.
{   'elbow_flex': {   'original goal_pos': -40.30769230769231,
                      'safe goal_pos': -37.175824175824175}}
WARNING 2026-10-07 15:48:07 ts/utils.py:121 Relative goal position magnitude had to be clamped to be safe.
{   'elbow_flex': {   'original goal_pos': -41.89010989010989,
                      'safe goal_pos': -38.142857142857146}}
WARNING 2026-10-07 15:48:07 ts/utils.py:121 Relative goal position magnitude had to be clamped to be safe.
{   'elbow_flex': {   'original goal_pos': -43.2967032967033,
                      'safe goal_pos': -39.1978021978022}}
WARNING 2026-10-07 15:48:07 ts/utils.py:121 Relative goal position magnitude had to be clamped to be safe.
{   'elbow_flex': {   'original goal_pos': -44.7032967032967,
                      'safe goal_pos': -40.34065934065934}}
WARNING 2026-10-07 15:48:07 ts/utils.py:121 Relative goal position magnitude had to be clamped to be safe.
{   'elbow_flex': {   'original goal_pos': -45.934065934065934,
                      'safe goal_pos': -41.395604395604394}}
WARNING 2026-10-07 15:48:07 ts/utils.py:121 Relative goal position magnitude had to be clamped to be safe.
{   'elbow_flex': {   'original goal_pos': -46.81318681318681,
                      'safe goal_pos': -42.362637362637365}}
WARNING 2026-10-07 15:48:07 ts/utils.py:121 Relative goal position magnitude had to be clamped to be safe.
{   'elbow_flex': {   'original goal_pos': -47.69230769230769,
                      'safe goal_pos': -43.417582417582416},
    'wrist_roll': {   'original goal_pos': -0.4835164835164835,
                      'safe goal_pos': -1.813186813186813}}
WARNING 2026-10-07 15:48:07 ts/utils.py:121 Relative goal position magnitude had to be clamped to be safe.
{   'elbow_flex': {   'original goal_pos': -48.395604395604394,
                      'safe goal_pos': -44.472527472527474},
    'wrist_roll': {   'original goal_pos': 2.065934065934066,
                      'safe goal_pos': -0.6703296703296706}}
WARNING 2026-10-07 15:48:07 ts/utils.py:121 Relative goal position magnitude had to be clamped to be safe.
{   'elbow_flex': {   'original goal_pos': -48.747252747252745,
                      'safe goal_pos': -45.43956043956044},
    'wrist_roll': {   'original goal_pos': 3.8241758241758244,
                      'safe goal_pos': 1.0}}
WARNING 2026-10-07 15:48:07 ts/utils.py:121 Relative goal position magnitude had to be clamped to be safe.
{   'elbow_flex': {   'original goal_pos': -48.65934065934066,
                      'safe goal_pos': -46.494505494505496},
    'wrist_roll': {   'original goal_pos': 3.7362637362637363,
                      'safe goal_pos': 2.230769230769231}}
WARNING 2026-10-07 15:48:07 ts/utils.py:121 Relative goal position magnitude had to be clamped to be safe.
{   'elbow_flex': {   'original goal_pos': -48.043956043956044,
                      'safe goal_pos': -47.46153846153846}}
WARNING 2026-10-07 15:48:07 ts/utils.py:121 Relative goal position magnitude had to be clamped to be safe.
{   'wrist_flex': {   'original goal_pos': 56.92307692307692,
                      'safe goal_pos': 57.505494505494504}}
WARNING 2026-10-07 15:48:07 ts/utils.py:121 Relative goal position magnitude had to be clamped to be safe.
{   'wrist_flex': {   'original goal_pos': 53.75824175824176,
                      'safe goal_pos': 56.362637362637365}}
WARNING 2026-10-07 15:48:07 ts/utils.py:121 Relative goal position magnitude had to be clamped to be safe.
{   'wrist_flex': {   'original goal_pos': 50.24175824175824,
                      'safe goal_pos': 54.86813186813187}}
WARNING 2026-10-07 15:48:07 ts/utils.py:121 Relative goal position magnitude had to be clamped to be safe.
{   'gripper': {   'original goal_pos': 11.094564408041698,
                   'safe goal_pos': 8.56234096692112},
    'wrist_flex': {   'original goal_pos': 46.9010989010989,
                      'safe goal_pos': 53.54945054945055}}
WARNING 2026-10-07 15:48:07 ts/utils.py:121 Relative goal position magnitude had to be clamped to be safe.
{   'gripper': {   'original goal_pos': 14.817572598659718,
                   'safe goal_pos': 9.961832061068701},
    'wrist_flex': {   'original goal_pos': 44.0,
                      'safe goal_pos': 52.142857142857146}}
WARNING 2026-10-07 15:48:07 ts/utils.py:121 Relative goal position magnitude had to be clamped to be safe.
{   'gripper': {   'original goal_pos': 18.763961280714817,
                   'safe goal_pos': 11.552162849872774},
    'wrist_flex': {   'original goal_pos': 41.8021978021978,
                      'safe goal_pos': 50.824175824175825}}
WARNING 2026-10-07 15:48:07 ts/utils.py:121 Relative goal position magnitude had to be clamped to be safe.
{   'gripper': {   'original goal_pos': 22.338049143708115,
                   'safe goal_pos': 12.888040712468193},
    'wrist_flex': {   'original goal_pos': 40.48351648351648,
                      'safe goal_pos': 49.59340659340659}}
WARNING 2026-10-07 15:48:07 ts/utils.py:121 Relative goal position magnitude had to be clamped to be safe.
{   'gripper': {   'original goal_pos': 25.61429635145197,
                   'safe goal_pos': 14.351145038167939},
    'wrist_flex': {   'original goal_pos': 40.395604395604394,
                      'safe goal_pos': 48.18681318681319}}
WARNING 2026-10-07 15:48:07 ts/utils.py:121 Relative goal position magnitude had to be clamped to be safe.
{   'gripper': {   'original goal_pos': 28.145941921072225,
                   'safe goal_pos': 15.750636132315522},
    'wrist_flex': {   'original goal_pos': 40.65934065934066,
                      'safe goal_pos': 46.956043956043956}}
WARNING 2026-10-07 15:48:07 ts/utils.py:121 Relative goal position magnitude had to be clamped to be safe.
{   'gripper': {   'original goal_pos': 30.007446016381234,
                   'safe goal_pos': 17.213740458015266},
    'wrist_flex': {   'original goal_pos': 41.18681318681319,
                      'safe goal_pos': 45.54945054945055}}
WARNING 2026-10-07 15:48:07 ts/utils.py:121 Relative goal position magnitude had to be clamped to be safe.
{   'gripper': {   'original goal_pos': 30.97542814594192,
                   'safe goal_pos': 18.61323155216285},
    'wrist_flex': {   'original goal_pos': 41.89010989010989,
                      'safe goal_pos': 44.31868131868132}}
WARNING 2026-10-07 15:48:07 ts/utils.py:121 Relative goal position magnitude had to be clamped to be safe.
{   'gripper': {   'original goal_pos': 30.97542814594192,
                   'safe goal_pos': 20.076335877862597},
    'wrist_flex': {   'original goal_pos': 42.505494505494504,
                      'safe goal_pos': 42.91208791208791}}
WARNING 2026-10-07 15:48:07 ts/utils.py:121 Relative goal position magnitude had to be clamped to be safe.
{   'gripper': {   'original goal_pos': 30.67758749069248,
                   'safe goal_pos': 21.475826972010175}}
WARNING 2026-10-07 15:48:07 ts/utils.py:121 Relative goal position magnitude had to be clamped to be safe.
{   'gripper': {   'original goal_pos': 29.932985852568876,
                   'safe goal_pos': 22.938931297709924}}
WARNING 2026-10-07 15:48:07 ts/utils.py:121 Relative goal position magnitude had to be clamped to be safe.
{   'gripper': {   'original goal_pos': 28.96500372300819,
                   'safe goal_pos': 24.40203562340967}}
WARNING 2026-10-07 15:48:07 ts/utils.py:121 Relative goal position magnitude had to be clamped to be safe.
{   'gripper': {   'original goal_pos': 27.699180938198065,
                   'safe goal_pos': 25.865139949109416}}
WARNING 2026-10-07 15:48:08 ts/utils.py:121 Relative goal position magnitude had to be clamped to be safe.
{   'wrist_flex': {   'original goal_pos': 37.142857142857146,
                      'safe goal_pos': 38.07692307692308}}
WARNING 2026-10-07 15:48:08 ts/utils.py:121 Relative goal position magnitude had to be clamped to be safe.
{   'wrist_flex': {   'original goal_pos': 34.417582417582416,
                      'safe goal_pos': 36.934065934065934}}
WARNING 2026-10-07 15:48:08 ts/utils.py:121 Relative goal position magnitude had to be clamped to be safe.
{   'wrist_flex': {   'original goal_pos': 32.043956043956044,
                      'safe goal_pos': 35.35164835164835}}
WARNING 2026-10-07 15:48:08 ts/utils.py:121 Relative goal position magnitude had to be clamped to be safe.
{   'wrist_flex': {   'original goal_pos': 30.021978021978022,
                      'safe goal_pos': 34.120879120879124}}
WARNING 2026-10-07 15:48:08 ts/utils.py:121 Relative goal position magnitude had to be clamped to be safe.
{   'wrist_flex': {   'original goal_pos': 28.35164835164835,
                      'safe goal_pos': 32.8021978021978}}
WARNING 2026-10-07 15:48:08 ts/utils.py:121 Relative goal position magnitude had to be clamped to be safe.
{   'wrist_flex': {   'original goal_pos': 27.032967032967033,
                      'safe goal_pos': 31.395604395604394}}
WARNING 2026-10-07 15:48:08 ts/utils.py:121 Relative goal position magnitude had to be clamped to be safe.
{   'wrist_flex': {   'original goal_pos': 26.153846153846153,
                      'safe goal_pos': 30.164835164835168}}
WARNING 2026-10-07 15:48:08 ts/utils.py:121 Relative goal position magnitude had to be clamped to be safe.
{   'wrist_flex': {   'original goal_pos': 25.36263736263736,
                      'safe goal_pos': 28.846153846153847}}
WARNING 2026-10-07 15:48:08 ts/utils.py:121 Relative goal position magnitude had to be clamped to be safe.
{   'wrist_flex': {   'original goal_pos': 24.571428571428573,
                      'safe goal_pos': 27.439560439560438}}
WARNING 2026-10-07 15:48:08 ts/utils.py:121 Relative goal position magnitude had to be clamped to be safe.
{   'wrist_flex': {   'original goal_pos': 23.604395604395606,
                      'safe goal_pos': 26.208791208791208}}
WARNING 2026-10-07 15:48:08 ts/utils.py:121 Relative goal position magnitude had to be clamped to be safe.
{   'wrist_flex': {   'original goal_pos': 22.54945054945055,
                      'safe goal_pos': 24.802197802197803}}
WARNING 2026-10-07 15:48:09 ts/utils.py:121 Relative goal position magnitude had to be clamped to be safe.
{   'wrist_flex': {   'original goal_pos': 21.75824175824176,
                      'safe goal_pos': 23.571428571428573}}
WARNING 2026-10-07 15:48:09 ts/utils.py:121 Relative goal position magnitude had to be clamped to be safe.
{   'wrist_flex': {   'original goal_pos': 21.23076923076923,
                      'safe goal_pos': 22.252747252747252}}
WARNING 2026-10-07 15:48:09 ts/utils.py:121 Relative goal position magnitude had to be clamped to be safe.
{   'wrist_flex': {   'original goal_pos': 20.87912087912088,
                      'safe goal_pos': 20.934065934065934}}
WARNING 2026-10-07 15:48:09 ts/utils.py:121 Relative goal position magnitude had to be clamped to be safe.
{   'gripper': {   'original goal_pos': 15.4132539091586,
                   'safe goal_pos': 16.119592875318066}}
WARNING 2026-10-07 15:48:09 ts/utils.py:121 Relative goal position magnitude had to be clamped to be safe.
{   'gripper': {   'original goal_pos': 11.54132539091586,
                   'safe goal_pos': 15.038167938931299}}
WARNING 2026-10-07 15:48:09 ts/utils.py:121 Relative goal position magnitude had to be clamped to be safe.
{   'gripper': {   'original goal_pos': 7.148175725986597,
                   'safe goal_pos': 13.447837150127228}}
WARNING 2026-10-07 15:48:09 ts/utils.py:121 Relative goal position magnitude had to be clamped to be safe.
{   'gripper': {   'original goal_pos': 3.276247207743857,
                   'safe goal_pos': 11.921119592875318}}
WARNING 2026-10-07 15:48:09 ts/utils.py:121 Relative goal position magnitude had to be clamped to be safe.
{   'gripper': {   'original goal_pos': 1.1913626209977661,
                   'safe goal_pos': 10.521628498727736}}
WARNING 2026-10-07 15:48:09 ts/utils.py:121 Relative goal position magnitude had to be clamped to be safe.
{   'gripper': {   'original goal_pos': 1.93596425912137,
                   'safe goal_pos': 9.058524173027989}}
WARNING 2026-10-07 15:48:10 ts/utils.py:121 Relative goal position magnitude had to be clamped to be safe.
{   'gripper': {   'original goal_pos': 2.680565897244974,
                   'safe goal_pos': 7.595419847328243}}
WARNING 2026-10-07 15:48:10 ts/utils.py:121 Relative goal position magnitude had to be clamped to be safe.
{   'gripper': {   'original goal_pos': 2.5316455696202533,
                   'safe goal_pos': 6.132315521628499}}
WARNING 2026-10-07 15:48:10 ts/utils.py:121 Relative goal position magnitude had to be clamped to be safe.
{   'gripper': {   'original goal_pos': 2.2338049143708116,
                   'safe goal_pos': 4.669211195928753}}
WARNING 2026-10-07 15:48:10 ts/utils.py:121 Relative goal position magnitude had to be clamped to be safe.
{   'gripper': {   'original goal_pos': 1.93596425912137,
                   'safe goal_pos': 3.206106870229007}}
WARNING 2026-10-07 15:48:10 ts/utils.py:121 Relative goal position magnitude had to be clamped to be safe.
{   'gripper': {   'original goal_pos': 1.6381236038719285,
                   'safe goal_pos': 1.7430025445292623}}
WARNING 2026-10-07 15:48:10 ts/utils.py:121 Relative goal position magnitude had to be clamped to be safe.
{   'wrist_flex': {   'original goal_pos': 16.307692307692307,
                      'safe goal_pos': 16.626373626373628}}
WARNING 2026-10-07 15:48:10 ts/utils.py:121 Relative goal position magnitude had to be clamped to be safe.
{   'wrist_flex': {   'original goal_pos': 12.791208791208792,
                      'safe goal_pos': 15.747252747252748}}
WARNING 2026-10-07 15:48:10 ts/utils.py:121 Relative goal position magnitude had to be clamped to be safe.
{   'wrist_flex': {   'original goal_pos': 9.714285714285714,
                      'safe goal_pos': 14.252747252747252}}
WARNING 2026-10-07 15:48:10 ts/utils.py:121 Relative goal position magnitude had to be clamped to be safe.
{   'wrist_flex': {   'original goal_pos': 7.34065934065934,
                      'safe goal_pos': 12.934065934065934}}
WARNING 2026-10-07 15:48:10 ts/utils.py:121 Relative goal position magnitude had to be clamped to be safe.
{   'wrist_flex': {   'original goal_pos': 6.197802197802198,
                      'safe goal_pos': 11.615384615384617}}
WARNING 2026-10-07 15:48:10 ts/utils.py:121 Relative goal position magnitude had to be clamped to be safe.
{   'wrist_flex': {   'original goal_pos': 6.021978021978022,
                      'safe goal_pos': 10.208791208791208}}
WARNING 2026-10-07 15:48:10 ts/utils.py:121 Relative goal position magnitude had to be clamped to be safe.
{   'wrist_flex': {   'original goal_pos': 5.846153846153846,
                      'safe goal_pos': 8.89010989010989}}
WARNING 2026-10-07 15:48:10 ts/utils.py:121 Relative goal position magnitude had to be clamped to be safe.
{   'wrist_flex': {   'original goal_pos': 5.582417582417582,
                      'safe goal_pos': 7.571428571428571}}
WARNING 2026-10-07 15:48:10 ts/utils.py:121 Relative goal position magnitude had to be clamped to be safe.
{   'wrist_flex': {   'original goal_pos': 4.615384615384615,
                      'safe goal_pos': 6.164835164835164}}
WARNING 2026-10-07 15:48:10 ts/utils.py:121 Relative goal position magnitude had to be clamped to be safe.
{   'wrist_flex': {   'original goal_pos': 3.032967032967033,
                      'safe goal_pos': 4.934065934065934}}
WARNING 2026-10-07 15:48:10 ts/utils.py:121 Relative goal position magnitude had to be clamped to be safe.
{   'wrist_flex': {   'original goal_pos': 1.978021978021978,
                      'safe goal_pos': 3.5274725274725274}}
WARNING 2026-10-07 15:48:10 ts/utils.py:121 Relative goal position magnitude had to be clamped to be safe.
{   'shoulder_lift': {   'original goal_pos': 126.28571428571429,
                         'safe goal_pos': 126.95604395604394},
    'wrist_flex': {   'original goal_pos': 1.3626373626373627,
                      'safe goal_pos': 2.208791208791209}}
WARNING 2026-10-07 15:48:10 ts/utils.py:121 Relative goal position magnitude had to be clamped to be safe.
{   'shoulder_lift': {   'original goal_pos': 124.08791208791209,
                         'safe goal_pos': 126.25274725274724}}
WARNING 2026-10-07 15:48:10 ts/utils.py:121 Relative goal position magnitude had to be clamped to be safe.
{   'shoulder_lift': {   'original goal_pos': 121.45054945054945,
                         'safe goal_pos': 125.46153846153845},
    'wrist_roll': {   'original goal_pos': -6.1098901098901095,
                      'safe goal_pos': -4.868131868131868}}
WARNING 2026-10-07 15:48:10 ts/utils.py:121 Relative goal position magnitude had to be clamped to be safe.
{   'shoulder_lift': {   'original goal_pos': 118.81318681318682,
                         'safe goal_pos': 124.4065934065934},
    'wrist_roll': {   'original goal_pos': -7.78021978021978,
                      'safe goal_pos': -6.626373626373626}}
WARNING 2026-10-07 15:48:10 ts/utils.py:121 Relative goal position magnitude had to be clamped to be safe.
{   'shoulder_lift': {   'original goal_pos': 115.91208791208791,
                         'safe goal_pos': 123.52747252747253},
    'wrist_roll': {   'original goal_pos': -8.395604395604396,
                      'safe goal_pos': -7.945054945054945}}
WARNING 2026-10-07 15:48:10 ts/utils.py:121 Relative goal position magnitude had to be clamped to be safe.
{   'shoulder_lift': {   'original goal_pos': 113.01098901098901,
                         'safe goal_pos': 122.64835164835165}}
WARNING 2026-10-07 15:48:10 ts/utils.py:121 Relative goal position magnitude had to be clamped to be safe.
{   'shoulder_lift': {   'original goal_pos': 109.84615384615384,
                         'safe goal_pos': 121.68131868131869}}
WARNING 2026-10-07 15:48:10 ts/utils.py:121 Relative goal position magnitude had to be clamped to be safe.
{   'shoulder_lift': {   'original goal_pos': 106.76923076923077,
                         'safe goal_pos': 120.8021978021978}}
WARNING 2026-10-07 15:48:11 ts/utils.py:121 Relative goal position magnitude had to be clamped to be safe.
{   'shoulder_lift': {   'original goal_pos': 104.04395604395604,
                         'safe goal_pos': 119.83516483516483},
    'wrist_flex': {   'original goal_pos': 11.384615384615385,
                      'safe goal_pos': 10.45054945054945}}
WARNING 2026-10-07 15:48:11 ts/utils.py:121 Relative goal position magnitude had to be clamped to be safe.
{   'shoulder_lift': {   'original goal_pos': 101.31868131868131,
                         'safe goal_pos': 118.86813186813187},
    'wrist_flex': {   'original goal_pos': 13.494505494505495,
                      'safe goal_pos': 12.032967032967033}}
WARNING 2026-10-07 15:48:11 ts/utils.py:121 Relative goal position magnitude had to be clamped to be safe.
{   'shoulder_lift': {   'original goal_pos': 98.76923076923077,
                         'safe goal_pos': 117.98901098901099},
    'wrist_flex': {   'original goal_pos': 15.076923076923077,
                      'safe goal_pos': 13.615384615384615}}
WARNING 2026-10-07 15:48:11 ts/utils.py:121 Relative goal position magnitude had to be clamped to be safe.
{   'shoulder_lift': {   'original goal_pos': 96.48351648351648,
                         'safe goal_pos': 117.02197802197803},
    'wrist_flex': {   'original goal_pos': 16.307692307692307,
                      'safe goal_pos': 15.021978021978022}}
WARNING 2026-10-07 15:48:11 ts/utils.py:121 Relative goal position magnitude had to be clamped to be safe.
{   'elbow_flex': {   'original goal_pos': -17.714285714285715,
                      'safe goal_pos': -18.032967032967033},
    'shoulder_lift': {   'original goal_pos': 94.37362637362638,
                         'safe goal_pos': 116.05494505494505},
    'wrist_flex': {   'original goal_pos': 17.274725274725274,
                      'safe goal_pos': 16.604395604395606}}
WARNING 2026-10-07 15:48:11 ts/utils.py:121 Relative goal position magnitude had to be clamped to be safe.
{   'elbow_flex': {   'original goal_pos': -15.604395604395604,
                      'safe goal_pos': -16.45054945054945},
    'shoulder_lift': {   'original goal_pos': 92.52747252747253,
                         'safe goal_pos': 115.08791208791209}}
WARNING 2026-10-07 15:48:11 ts/utils.py:121 Relative goal position magnitude had to be clamped to be safe.
{   'elbow_flex': {   'original goal_pos': -13.582417582417582,
                      'safe goal_pos': -14.956043956043956},
    'shoulder_lift': {   'original goal_pos': 90.94505494505495,
                         'safe goal_pos': 114.12087912087912}}
WARNING 2026-10-07 15:48:11 ts/utils.py:121 Relative goal position magnitude had to be clamped to be safe.
{   'elbow_flex': {   'original goal_pos': -11.912087912087912,
                      'safe goal_pos': -13.46153846153846},
    'shoulder_lift': {   'original goal_pos': 89.8021978021978,
                         'safe goal_pos': 113.06593406593407}}
WARNING 2026-10-07 15:48:11 ts/utils.py:121 Relative goal position magnitude had to be clamped to be safe.
{   'elbow_flex': {   'original goal_pos': -10.505494505494505,
                      'safe goal_pos': -11.87912087912088},
    'shoulder_lift': {   'original goal_pos': 88.92307692307692,
                         'safe goal_pos': 112.18681318681318}}
WARNING 2026-10-07 15:48:11 ts/utils.py:121 Relative goal position magnitude had to be clamped to be safe.
{   'elbow_flex': {   'original goal_pos': -9.714285714285714,
                      'safe goal_pos': -10.472527472527473},
    'shoulder_lift': {   'original goal_pos': 88.3956043956044,
                         'safe goal_pos': 111.13186813186813}}
WARNING 2026-10-07 15:48:11 ts/utils.py:121 Relative goal position magnitude had to be clamped to be safe.
{   'shoulder_lift': {   'original goal_pos': 88.21978021978022,
                         'safe goal_pos': 110.07692307692308}}
WARNING 2026-10-07 15:48:11 ts/utils.py:121 Relative goal position magnitude had to be clamped to be safe.
{   'shoulder_lift': {   'original goal_pos': 88.21978021978022,
                         'safe goal_pos': 109.10989010989012}}
WARNING 2026-10-07 15:48:11 ts/utils.py:121 Relative goal position magnitude had to be clamped to be safe.
{   'shoulder_lift': {   'original goal_pos': 88.21978021978022,
                         'safe goal_pos': 108.05494505494505}}
WARNING 2026-10-07 15:48:11 ts/utils.py:121 Relative goal position magnitude had to be clamped to be safe.
{   'shoulder_lift': {   'original goal_pos': 88.13186813186813,
                         'safe goal_pos': 107.0}}
WARNING 2026-10-07 15:48:11 ts/utils.py:121 Relative goal position magnitude had to be clamped to be safe.
{   'shoulder_lift': {   'original goal_pos': 88.04395604395604,
                         'safe goal_pos': 105.94505494505495}}
WARNING 2026-10-07 15:48:11 ts/utils.py:121 Relative goal position magnitude had to be clamped to be safe.
{   'gripper': {   'original goal_pos': 8.339538346984364,
                   'safe goal_pos': 7.544529262086513},
    'shoulder_lift': {   'original goal_pos': 88.04395604395604,
                         'safe goal_pos': 104.8021978021978}}
WARNING 2026-10-07 15:48:11 ts/utils.py:121 Relative goal position magnitude had to be clamped to be safe.
{   'gripper': {   'original goal_pos': 12.881608339538348,
                   'safe goal_pos': 8.435114503816795},
    'shoulder_lift': {   'original goal_pos': 88.04395604395604,
                         'safe goal_pos': 103.74725274725274},
    'wrist_flex': {   'original goal_pos': 27.12087912087912,
                      'safe goal_pos': 26.626373626373628}}
WARNING 2026-10-07 15:48:11 ts/utils.py:121 Relative goal position magnitude had to be clamped to be safe.
{   'gripper': {   'original goal_pos': 17.944899478778854,
                   'safe goal_pos': 9.89821882951654},
    'shoulder_lift': {   'original goal_pos': 88.04395604395604,
                         'safe goal_pos': 102.6923076923077},
    'wrist_flex': {   'original goal_pos': 29.318681318681318,
                      'safe goal_pos': 28.12087912087912}}
WARNING 2026-10-07 15:48:11 ts/utils.py:121 Relative goal position magnitude had to be clamped to be safe.
{   'gripper': {   'original goal_pos': 23.15711094564408,
                   'safe goal_pos': 11.424936386768447},
    'shoulder_lift': {   'original goal_pos': 87.95604395604396,
                         'safe goal_pos': 101.63736263736264},
    'wrist_flex': {   'original goal_pos': 31.428571428571427,
                      'safe goal_pos': 29.791208791208792}}
WARNING 2026-10-07 15:48:11 ts/utils.py:121 Relative goal position magnitude had to be clamped to be safe.
{   'gripper': {   'original goal_pos': 28.145941921072225,
                   'safe goal_pos': 12.760814249363868},
    'shoulder_lift': {   'original goal_pos': 87.95604395604396,
                         'safe goal_pos': 100.58241758241758},
    'wrist_flex': {   'original goal_pos': 33.53846153846154,
                      'safe goal_pos': 31.197802197802197}}
WARNING 2026-10-07 15:48:11 ts/utils.py:121 Relative goal position magnitude had to be clamped to be safe.
{   'gripper': {   'original goal_pos': 32.836932241250935,
                   'safe goal_pos': 14.223918575063614},
    'shoulder_lift': {   'original goal_pos': 87.95604395604396,
                         'safe goal_pos': 99.52747252747253},
    'wrist_flex': {   'original goal_pos': 35.38461538461539,
                      'safe goal_pos': 32.78021978021978}}
WARNING 2026-10-07 15:48:11 ts/utils.py:121 Relative goal position magnitude had to be clamped to be safe.
{   'elbow_flex': {   'original goal_pos': -19.032967032967033,
                      'safe goal_pos': -18.450549450549453},
    'gripper': {   'original goal_pos': 36.559940431868945,
                   'safe goal_pos': 15.750636132315522},
    'shoulder_lift': {   'original goal_pos': 87.95604395604396,
                         'safe goal_pos': 98.47252747252747},
    'wrist_flex': {   'original goal_pos': 37.40659340659341,
                      'safe goal_pos': 34.27472527472527}}
WARNING 2026-10-07 15:48:11 ts/utils.py:121 Relative goal position magnitude had to be clamped to be safe.
{   'elbow_flex': {   'original goal_pos': -20.615384615384617,
                      'safe goal_pos': -19.68131868131868},
    'gripper': {   'original goal_pos': 39.612807148175726,
                   'safe goal_pos': 17.022900763358777},
    'shoulder_lift': {   'original goal_pos': 87.95604395604396,
                         'safe goal_pos': 97.50549450549451},
    'wrist_flex': {   'original goal_pos': 39.51648351648352,
                      'safe goal_pos': 35.769230769230774}}
WARNING 2026-10-07 15:48:11 ts/utils.py:121 Relative goal position magnitude had to be clamped to be safe.
{   'elbow_flex': {   'original goal_pos': -22.10989010989011,
                      'safe goal_pos': -20.824175824175825},
    'gripper': {   'original goal_pos': 41.548771407297096,
                   'safe goal_pos': 18.486005089058523},
    'shoulder_lift': {   'original goal_pos': 87.95604395604396,
                         'safe goal_pos': 96.36263736263736},
    'wrist_flex': {   'original goal_pos': 41.714285714285715,
                      'safe goal_pos': 37.26373626373626}}
WARNING 2026-10-07 15:48:11 ts/utils.py:121 Relative goal position magnitude had to be clamped to be safe.
{   'elbow_flex': {   'original goal_pos': -23.78021978021978,
                      'safe goal_pos': -21.791208791208792},
    'gripper': {   'original goal_pos': 42.591213700670146,
                   'safe goal_pos': 19.94910941475827},
    'shoulder_lift': {   'original goal_pos': 87.95604395604396,
                         'safe goal_pos': 95.3076923076923},
    'wrist_flex': {   'original goal_pos': 43.73626373626374,
                      'safe goal_pos': 38.84615384615385}}
WARNING 2026-10-07 15:48:11 ts/utils.py:121 Relative goal position magnitude had to be clamped to be safe.
{   'elbow_flex': {   'original goal_pos': -25.36263736263736,
                      'safe goal_pos': -23.021978021978022},
    'gripper': {   'original goal_pos': 42.81459419210722,
                   'safe goal_pos': 21.348600508905854},
    'shoulder_lift': {   'original goal_pos': 87.95604395604396,
                         'safe goal_pos': 94.34065934065934},
    'wrist_flex': {   'original goal_pos': 45.494505494505496,
                      'safe goal_pos': 40.34065934065934}}
WARNING 2026-10-07 15:48:11 ts/utils.py:121 Relative goal position magnitude had to be clamped to be safe.
{   'elbow_flex': {   'original goal_pos': -26.76923076923077,
                      'safe goal_pos': -23.98901098901099},
    'gripper': {   'original goal_pos': 42.74013402829486,
                   'safe goal_pos': 22.8117048346056},
    'shoulder_lift': {   'original goal_pos': 87.95604395604396,
                         'safe goal_pos': 93.28571428571429},
    'shoulder_pan': {   'original goal_pos': 17.054945054945055,
                        'safe goal_pos': 17.32967032967033},
    'wrist_flex': {   'original goal_pos': 47.42857142857143,
                      'safe goal_pos': 41.83516483516483}}
WARNING 2026-10-07 15:48:11 ts/utils.py:121 Relative goal position magnitude had to be clamped to be safe.
{   'elbow_flex': {   'original goal_pos': -27.912087912087912,
                      'safe goal_pos': -25.13186813186813},
    'gripper': {   'original goal_pos': 42.74013402829486,
                   'safe goal_pos': 24.147582697201017},
    'shoulder_lift': {   'original goal_pos': 87.95604395604396,
                         'safe goal_pos': 92.31868131868131},
    'shoulder_pan': {   'original goal_pos': 15.384615384615385,
                        'safe goal_pos': 15.835164835164836},
    'wrist_flex': {   'original goal_pos': 49.27472527472528,
                      'safe goal_pos': 43.417582417582416}}
WARNING 2026-10-07 15:48:11 ts/utils.py:121 Relative goal position magnitude had to be clamped to be safe.
{   'elbow_flex': {   'original goal_pos': -29.142857142857142,
                      'safe goal_pos': -26.186813186813186},
    'gripper': {   'original goal_pos': 42.74013402829486,
                   'safe goal_pos': 25.610687022900763},
    'shoulder_lift': {   'original goal_pos': 87.95604395604396,
                         'safe goal_pos': 91.26373626373626},
    'shoulder_pan': {   'original goal_pos': 13.89010989010989,
                        'safe goal_pos': 14.34065934065934},
    'wrist_flex': {   'original goal_pos': 51.20879120879121,
                      'safe goal_pos': 44.91208791208791}}
WARNING 2026-10-07 15:48:11 ts/utils.py:121 Relative goal position magnitude had to be clamped to be safe.
{   'elbow_flex': {   'original goal_pos': -30.373626373626372,
                      'safe goal_pos': -27.153846153846153},
    'gripper': {   'original goal_pos': 42.74013402829486,
                   'safe goal_pos': 27.010178117048344},
    'shoulder_lift': {   'original goal_pos': 87.95604395604396,
                         'safe goal_pos': 90.2967032967033},
    'shoulder_pan': {   'original goal_pos': 12.571428571428571,
                        'safe goal_pos': 12.934065934065934},
    'wrist_flex': {   'original goal_pos': 53.23076923076923,
                      'safe goal_pos': 46.494505494505496}}
WARNING 2026-10-07 15:48:12 ts/utils.py:121 Relative goal position magnitude had to be clamped to be safe.
{   'elbow_flex': {   'original goal_pos': -31.516483516483518,
                      'safe goal_pos': -28.208791208791208},
    'gripper': {   'original goal_pos': 42.74013402829486,
                   'safe goal_pos': 28.473282442748094},
    'shoulder_lift': {   'original goal_pos': 87.95604395604396,
                         'safe goal_pos': 89.24175824175825},
    'shoulder_pan': {   'original goal_pos': 11.340659340659341,
                        'safe goal_pos': 11.52747252747253},
    'wrist_flex': {   'original goal_pos': 55.16483516483517,
                      'safe goal_pos': 47.989010989010985}}
WARNING 2026-10-07 15:48:12 ts/utils.py:121 Relative goal position magnitude had to be clamped to be safe.
{   'elbow_flex': {   'original goal_pos': -32.57142857142857,
                      'safe goal_pos': -29.175824175824175},
    'gripper': {   'original goal_pos': 42.74013402829486,
                   'safe goal_pos': 29.87277353689567},
    'shoulder_lift': {   'original goal_pos': 87.95604395604396,
                         'safe goal_pos': 88.27472527472527},
    'wrist_flex': {   'original goal_pos': 57.0989010989011,
                      'safe goal_pos': 49.48351648351648}}
WARNING 2026-10-07 15:48:12 ts/utils.py:121 Relative goal position magnitude had to be clamped to be safe.
{   'elbow_flex': {   'original goal_pos': -33.53846153846154,
                      'safe goal_pos': -30.23076923076923},
    'gripper': {   'original goal_pos': 42.74013402829486,
                   'safe goal_pos': 31.272264631043257},
    'wrist_flex': {   'original goal_pos': 58.857142857142854,
                      'safe goal_pos': 50.97802197802198}}
WARNING 2026-10-07 15:48:12 ts/utils.py:121 Relative goal position magnitude had to be clamped to be safe.
{   'elbow_flex': {   'original goal_pos': -34.59340659340659,
                      'safe goal_pos': -31.197802197802197},
    'gripper': {   'original goal_pos': 42.74013402829486,
                   'safe goal_pos': 32.735368956743},
    'wrist_flex': {   'original goal_pos': 60.43956043956044,
                      'safe goal_pos': 52.56043956043956}}
WARNING 2026-10-07 15:48:12 ts/utils.py:121 Relative goal position magnitude had to be clamped to be safe.
{   'elbow_flex': {   'original goal_pos': -35.56043956043956,
                      'safe goal_pos': -32.252747252747255},
    'gripper': {   'original goal_pos': 42.74013402829486,
                   'safe goal_pos': 34.13486005089059},
    'wrist_flex': {   'original goal_pos': 61.934065934065934,
                      'safe goal_pos': 53.967032967032964}}
WARNING 2026-10-07 15:48:12 ts/utils.py:121 Relative goal position magnitude had to be clamped to be safe.
{   'elbow_flex': {   'original goal_pos': -36.35164835164835,
                      'safe goal_pos': -33.21978021978022},
    'gripper': {   'original goal_pos': 42.74013402829486,
                   'safe goal_pos': 35.53435114503817},
    'wrist_flex': {   'original goal_pos': 63.604395604395606,
                      'safe goal_pos': 55.54945054945055}}
WARNING 2026-10-07 15:48:12 ts/utils.py:121 Relative goal position magnitude had to be clamped to be safe.
{   'elbow_flex': {   'original goal_pos': -37.05494505494506,
                      'safe goal_pos': -34.18681318681318},
    'gripper': {   'original goal_pos': 42.74013402829486,
                   'safe goal_pos': 36.99745547073791},
    'wrist_flex': {   'original goal_pos': 65.27472527472527,
                      'safe goal_pos': 57.043956043956044}}
WARNING 2026-10-07 15:48:12 ts/utils.py:121 Relative goal position magnitude had to be clamped to be safe.
{   'elbow_flex': {   'original goal_pos': -37.67032967032967,
                      'safe goal_pos': -35.15384615384615},
    'gripper': {   'original goal_pos': 42.74013402829486,
                   'safe goal_pos': 38.396946564885496},
    'wrist_flex': {   'original goal_pos': 66.94505494505495,
                      'safe goal_pos': 58.53846153846154}}
WARNING 2026-10-07 15:48:12 ts/utils.py:121 Relative goal position magnitude had to be clamped to be safe.
{   'elbow_flex': {   'original goal_pos': -38.285714285714285,
                      'safe goal_pos': -36.032967032967036},
    'gripper': {   'original goal_pos': 42.74013402829486,
                   'safe goal_pos': 39.79643765903308},
    'wrist_flex': {   'original goal_pos': 68.35164835164835,
                      'safe goal_pos': 60.032967032967036}}
WARNING 2026-10-07 15:48:12 ts/utils.py:121 Relative goal position magnitude had to be clamped to be safe.
{   'elbow_flex': {   'original goal_pos': -38.72527472527472,
                      'safe goal_pos': -37.0},
    'gripper': {   'original goal_pos': 42.74013402829486,
                   'safe goal_pos': 41.19592875318066},
    'wrist_flex': {   'original goal_pos': 69.58241758241758,
                      'safe goal_pos': 61.527472527472526}}
WARNING 2026-10-07 15:48:12 ts/utils.py:121 Relative goal position magnitude had to be clamped to be safe.
{   'elbow_flex': {   'original goal_pos': -38.9010989010989,
                      'safe goal_pos': -37.879120879120876},
    'gripper': {   'original goal_pos': 42.74013402829486,
                   'safe goal_pos': 42.595419847328245},
    'wrist_flex': {   'original goal_pos': 70.98901098901099,
                      'safe goal_pos': 63.10989010989011}}
WARNING 2026-10-07 15:48:12 ts/utils.py:121 Relative goal position magnitude had to be clamped to be safe.
{   'elbow_flex': {   'original goal_pos': -38.989010989010985,
                      'safe goal_pos': -38.84615384615385},
    'wrist_flex': {   'original goal_pos': 72.3956043956044,
                      'safe goal_pos': 64.6043956043956}}
WARNING 2026-10-07 15:48:12 ts/utils.py:121 Relative goal position magnitude had to be clamped to be safe.
{   'wrist_flex': {   'original goal_pos': 73.8021978021978,
                      'safe goal_pos': 66.09890109890111}}
WARNING 2026-10-07 15:48:12 ts/utils.py:121 Relative goal position magnitude had to be clamped to be safe.
{   'wrist_flex': {   'original goal_pos': 74.68131868131869,
                      'safe goal_pos': 67.5934065934066}}
WARNING 2026-10-07 15:48:12 ts/utils.py:121 Relative goal position magnitude had to be clamped to be safe.
{   'wrist_flex': {   'original goal_pos': 75.47252747252747,
                      'safe goal_pos': 69.17582417582418}}
WARNING 2026-10-07 15:48:12 ts/utils.py:121 Relative goal position magnitude had to be clamped to be safe.
{'wrist_flex': {'original goal_pos': 76.0, 'safe goal_pos': 70.67032967032966}}
WARNING 2026-10-07 15:48:12 ts/utils.py:121 Relative goal position magnitude had to be clamped to be safe.
{'wrist_flex': {'original goal_pos': 76.0, 'safe goal_pos': 72.25274725274726}}
WARNING 2026-10-07 15:48:12 ts/utils.py:121 Relative goal position magnitude had to be clamped to be safe.
{   'wrist_flex': {   'original goal_pos': 76.08791208791209,
                      'safe goal_pos': 73.83516483516483}}
WARNING 2026-10-07 15:48:12 ts/utils.py:121 Relative goal position magnitude had to be clamped to be safe.
{   'wrist_flex': {   'original goal_pos': 76.43956043956044,
                      'safe goal_pos': 75.32967032967034}}
WARNING 2026-10-07 15:48:12 ts/utils.py:121 Relative goal position magnitude had to be clamped to be safe.
{   'gripper': {   'original goal_pos': 35.740878629932986,
                   'safe goal_pos': 36.28498727735369}}
WARNING 2026-10-07 15:48:12 ts/utils.py:121 Relative goal position magnitude had to be clamped to be safe.
{   'gripper': {   'original goal_pos': 33.06031273268801,
                   'safe goal_pos': 35.012722646310436}}
WARNING 2026-10-07 15:48:12 ts/utils.py:121 Relative goal position magnitude had to be clamped to be safe.
{   'gripper': {   'original goal_pos': 30.081906180193595,
                   'safe goal_pos': 33.48600508905852}}
WARNING 2026-10-07 15:48:12 ts/utils.py:121 Relative goal position magnitude had to be clamped to be safe.
{   'gripper': {   'original goal_pos': 27.2524199553239,
                   'safe goal_pos': 32.02290076335878}}
WARNING 2026-10-07 15:48:12 ts/utils.py:121 Relative goal position magnitude had to be clamped to be safe.
{   'gripper': {   'original goal_pos': 24.199553239017128,
                   'safe goal_pos': 30.6234096692112}}
WARNING 2026-10-07 15:48:12 ts/utils.py:121 Relative goal position magnitude had to be clamped to be safe.
{   'gripper': {   'original goal_pos': 21.295606850335073,
                   'safe goal_pos': 29.160305343511446}}
WARNING 2026-10-07 15:48:12 ts/utils.py:121 Relative goal position magnitude had to be clamped to be safe.
{   'gripper': {   'original goal_pos': 18.540580789277737,
                   'safe goal_pos': 27.760814249363868}}
WARNING 2026-10-07 15:48:12 ts/utils.py:121 Relative goal position magnitude had to be clamped to be safe.
{   'gripper': {   'original goal_pos': 16.157855547282203,
                   'safe goal_pos': 26.234096692111958}}
WARNING 2026-10-07 15:48:12 ts/utils.py:121 Relative goal position magnitude had to be clamped to be safe.
{   'gripper': {   'original goal_pos': 13.924050632911392,
                   'safe goal_pos': 24.770992366412212}}
WARNING 2026-10-07 15:48:13 ts/utils.py:121 Relative goal position magnitude had to be clamped to be safe.
{   'gripper': {   'original goal_pos': 11.988086373790022,
                   'safe goal_pos': 23.30788804071247}}
WARNING 2026-10-07 15:48:13 ts/utils.py:121 Relative goal position magnitude had to be clamped to be safe.
{   'gripper': {   'original goal_pos': 10.275502606105734,
                   'safe goal_pos': 21.908396946564885}}
WARNING 2026-10-07 15:48:13 ts/utils.py:121 Relative goal position magnitude had to be clamped to be safe.
{   'gripper': {   'original goal_pos': 8.786299329858526,
                   'safe goal_pos': 20.38167938931298}}
WARNING 2026-10-07 15:48:13 ts/utils.py:121 Relative goal position magnitude had to be clamped to be safe.
{   'gripper': {   'original goal_pos': 7.4460163812360385,
                   'safe goal_pos': 18.918575063613233}}
WARNING 2026-10-07 15:48:13 ts/utils.py:121 Relative goal position magnitude had to be clamped to be safe.
{   'gripper': {   'original goal_pos': 6.329113924050633,
                   'safe goal_pos': 17.455470737913487}}
WARNING 2026-10-07 15:48:13 ts/utils.py:121 Relative goal position magnitude had to be clamped to be safe.
{   'gripper': {   'original goal_pos': 5.5100521221146685,
                   'safe goal_pos': 15.992366412213741}}
WARNING 2026-10-07 15:48:13 ts/utils.py:121 Relative goal position magnitude had to be clamped to be safe.
{   'gripper': {   'original goal_pos': 4.988830975428146,
                   'safe goal_pos': 14.529262086513995}}
WARNING 2026-10-07 15:48:13 ts/utils.py:121 Relative goal position magnitude had to be clamped to be safe.
{   'gripper': {   'original goal_pos': 4.839910647803425,
                   'safe goal_pos': 13.002544529262089}}
WARNING 2026-10-07 15:48:13 ts/utils.py:121 Relative goal position magnitude had to be clamped to be safe.
{   'gripper': {   'original goal_pos': 4.7654504839910645,
                   'safe goal_pos': 11.539440203562343}}
WARNING 2026-10-07 15:48:13 ts/utils.py:121 Relative goal position magnitude had to be clamped to be safe.
{   'gripper': {   'original goal_pos': 4.839910647803425,
                   'safe goal_pos': 10.139949109414758}}
WARNING 2026-10-07 15:48:13 ts/utils.py:121 Relative goal position magnitude had to be clamped to be safe.
{   'gripper': {   'original goal_pos': 4.914370811615785,
                   'safe goal_pos': 8.676844783715012}}
WARNING 2026-10-07 15:48:13 ts/utils.py:121 Relative goal position magnitude had to be clamped to be safe.
{   'gripper': {   'original goal_pos': 4.914370811615785,
                   'safe goal_pos': 7.1501272264631055},
    'shoulder_lift': {   'original goal_pos': 84.26373626373626,
                         'safe goal_pos': 84.67032967032966}}
WARNING 2026-10-07 15:48:13 ts/utils.py:121 Relative goal position magnitude had to be clamped to be safe.
{   'gripper': {   'original goal_pos': 4.914370811615785,
                   'safe goal_pos': 5.750636132315522},
    'shoulder_lift': {   'original goal_pos': 82.5934065934066,
                         'safe goal_pos': 83.87912087912088}}
WARNING 2026-10-07 15:48:13 ts/utils.py:121 Relative goal position magnitude had to be clamped to be safe.
{   'shoulder_lift': {   'original goal_pos': 80.92307692307692,
                         'safe goal_pos': 82.82417582417582}}
WARNING 2026-10-07 15:48:13 ts/utils.py:121 Relative goal position magnitude had to be clamped to be safe.
{   'shoulder_lift': {   'original goal_pos': 79.16483516483517,
                         'safe goal_pos': 81.85714285714286}}
WARNING 2026-10-07 15:48:13 ts/utils.py:121 Relative goal position magnitude had to be clamped to be safe.
{   'shoulder_lift': {   'original goal_pos': 77.31868131868131,
                         'safe goal_pos': 80.8021978021978}}
WARNING 2026-10-07 15:48:13 ts/utils.py:121 Relative goal position magnitude had to be clamped to be safe.
{   'shoulder_lift': {   'original goal_pos': 75.82417582417582,
                         'safe goal_pos': 79.92307692307692}}

[1ATeleop loop time: 33.34ms (30 Hz)
[1ATeleop loop time: 33.34ms (30 Hz)
[1ATeleop loop time: 33.37ms (30 Hz)
[1ATeleop loop time: 33.34ms (30 Hz)
[1ATeleop loop time: 33.34ms (30 Hz)
[1ATeleop loop time: 33.34ms (30 Hz)
[1ATeleop loop time: 33.34ms (30 Hz)
[1ATeleop loop time: 33.34ms (30 Hz)
[1ATeleop loop time: 33.34ms (30 Hz)
[1ATeleop loop time: 33.34ms (30 Hz)
[1ATeleop loop time: 33.34ms (30 Hz)
[1ATeleop loop time: 33.34ms (30 Hz)
[1ATeleop loop time: 33.34ms (30 Hz)
[1ATeleop loop time: 33.34ms (30 Hz)
[1ATeleop loop time: 33.34ms (30 Hz)
[1ATeleop loop time: 33.34ms (30 Hz)
[1ATeleop loop time: 33.34ms (30 Hz)
[1ATeleop loop time: 33.34ms (30 Hz)
[1ATeleop loop time: 33.34ms (30 Hz)
[1ATeleop loop time: 33.34ms (30 Hz)
[1ATeleop loop time: 33.34ms (30 Hz)
[1ATeleop loop time: 33.34ms (30 Hz)
[1ATeleop loop time: 33.34ms (30 Hz)
[1ATeleop loop time: 33.34ms (30 Hz)
[1ATeleop loop time: 33.34ms (30 Hz)
[1ATeleop loop time: 33.34ms (30 Hz)
[1ATeleop loop time: 33.38ms (30 Hz)
[1ATeleop loop time: 33.34ms (30 Hz)
[1ATeleop loop time: 33.37ms (30 Hz)
[1ATeleop loop time: 33.37ms (30 Hz)
[1ATeleop loop time: 33.34ms (30 Hz)
[1ATeleop loop time: 33.40ms (30 Hz)
[1ATeleop loop time: 33.34ms (30 Hz)
[1ATeleop loop time: 33.34ms (30 Hz)
[1ATeleop loop time: 33.34ms (30 Hz)
[1ATeleop loop time: 33.35ms (30 Hz)
[1ATeleop loop time: 33.34ms (30 Hz)
[1ATeleop loop time: 33.36ms (30 Hz)
[1ATeleop loop time: 33.34ms (30 Hz)
[1ATeleop loop time: 33.34ms (30 Hz)
[1ATeleop loop time: 33.34ms (30 Hz)
[1ATeleop loop time: 33.34ms (30 Hz)
[1ATeleop loop time: 33.34ms (30 Hz)
[1ATeleop loop time: 33.34ms (30 Hz)
[1ATeleop loop time: 33.35ms (30 Hz)
[1ATeleop loop time: 33.33ms (30 Hz)
[1ATeleop loop time: 33.34ms (30 Hz)
[1ATeleop loop time: 33.34ms (30 Hz)
[1ATeleop loop time: 33.35ms (30 Hz)
[1ATeleop loop time: 33.34ms (30 Hz)
[1ATeleop loop time: 33.34ms (30 Hz)
[1ATeleop loop time: 33.34ms (30 Hz)
[1ATeleop loop time: 33.34ms (30 Hz)
[1ATeleop loop time: 33.34ms (30 Hz)
[1ATeleop loop time: 33.34ms (30 Hz)
[1ATeleop loop time: 33.34ms (30 Hz)
[1ATeleop loop time: 33.34ms (30 Hz)
[1ATeleop loop time: 33.37ms (30 Hz)
[1ATeleop loop time: 33.36ms (30 Hz)
[1ATeleop loop time: 33.35ms (30 Hz)
[1ATeleop loop time: 33.34ms (30 Hz)
[1ATeleop loop time: 33.34ms (30 Hz)
[1ATeleop loop time: 33.34ms (30 Hz)
[1ATeleop loop time: 33.34ms (30 Hz)
[1ATeleop loop time: 33.34ms (30 Hz)
[1ATeleop loop time: 33.34ms (30 Hz)
[1ATeleop loop time: 33.34ms (30 Hz)
[1ATeleop loop time: 33.35ms (30 Hz)
[1ATeleop loop time: 33.34ms (30 Hz)
[1ATeleop loop time: 33.34ms (30 Hz)
[1ATeleop loop time: 33.34ms (30 Hz)
[1ATeleop loop time: 33.34ms (30 Hz)
[1ATeleop loop time: 33.34ms (30 Hz)
[1ATeleop loop time: 33.34ms (30 Hz)
[1ATeleop loop time: 33.34ms (30 Hz)
[1ATeleop loop time: 33.34ms (30 Hz)
[1ATeleop loop time: 33.34ms (30 Hz)
[1ATeleop loop time: 33.34ms (30 Hz)
[1ATeleop loop time: 33.34ms (30 Hz)
[1ATeleop loop time: 33.34ms (30 Hz)
[1ATeleop loop time: 33.36ms (30 Hz)
[1ATeleop loop time: 33.34ms (30 Hz)
[1ATeleop loop time: 33.34ms (30 Hz)
[1ATeleop loop time: 33.34ms (30 Hz)
[1ATeleop loop time: 33.34ms (30 Hz)
[1ATeleop loop time: 33.34ms (30 Hz)
[1ATeleop loop time: 33.36ms (30 Hz)
[1ATeleop loop time: 33.34ms (30 Hz)
[1ATeleop loop time: 33.34ms (30 Hz)
[1ATeleop loop time: 33.37ms (30 Hz)
[1ATeleop loop time: 33.34ms (30 Hz)
[1ATeleop loop time: 33.34ms (30 Hz)
[1ATeleop loop time: 33.33ms (30 Hz)
[1ATeleop loop time: 33.34ms (30 Hz)
[1ATeleop loop time: 33.34ms (30 Hz)
[1ATeleop loop time: 33.34ms (30 Hz)
[1ATeleop loop time: 33.34ms (30 Hz)
[1ATeleop loop time: 33.34ms (30 Hz)
[1ATeleop loop time: 33.34ms (30 Hz)
[1ATeleop loop time: 33.34ms (30 Hz)
[1ATeleop loop time: 33.34ms (30 Hz)
[1ATeleop loop time: 33.34ms (30 Hz)
[1ATeleop loop time: 33.34ms (30 Hz)
[1ATeleop loop time: 33.34ms (30 Hz)
[1ATeleop loop time: 33.34ms (30 Hz)
[1ATeleop loop time: 33.36ms (30 Hz)
[1ATeleop loop time: 33.34ms (30 Hz)
[1ATeleop loop time: 33.34ms (30 Hz)
[1ATeleop loop time: 33.34ms (30 Hz)
[1ATeleop loop time: 33.34ms (30 Hz)
[1ATeleop loop time: 33.34ms (30 Hz)
[1ATeleop loop time: 33.34ms (30 Hz)
[1ATeleop loop time: 33.34ms (30 Hz)
[1ATeleop loop time: 33.34ms (30 Hz)
[1ATeleop loop time: 33.34ms (30 Hz)
[1ATeleop loop time: 33.34ms (30 Hz)
[1ATeleop loop time: 33.34ms (30 Hz)
[1ATeleop loop time: 33.34ms (30 Hz)
[1ATeleop loop time: 33.34ms (30 Hz)
[1ATeleop loop time: 33.34ms (30 Hz)
[1ATeleop loop time: 33.34ms (30 Hz)
[1ATeleop loop time: 33.34ms (30 Hz)
[1ATeleop loop time: 33.34ms (30 Hz)
[1ATeleop loop time: 33.34ms (30 Hz)
[1ATeleop loop time: 33.34ms (30 Hz)
[1ATeleop loop time: 33.34ms (30 Hz)
[1ATeleop loop time: 33.34ms (30 Hz)
[1ATeleop loop time: 33.34ms (30 Hz)
[1ATeleop loop time: 33.34ms (30 Hz)
[1ATeleop loop time: 33.34ms (30 Hz)
[1ATeleop loop time: 33.34ms (30 Hz)
[1ATeleop loop time: 33.34ms (30 Hz)
[1ATeleop loop time: 33.34ms (30 Hz)
[1ATeleop loop time: 33.34ms (30 Hz)
[1ATeleop loop time: 33.34ms (30 Hz)
[1ATeleop loop time: 33.35ms (30 Hz)
[1ATeleop loop time: 33.35ms (30 Hz)
[1ATeleop loop time: 33.34ms (30 Hz)
[1ATeleop loop time: 33.34ms (30 Hz)
[1ATeleop loop time: 33.34ms (30 Hz)
[1ATeleop loop time: 33.34ms (30 Hz)
[1ATeleop loop time: 33.34ms (30 Hz)
[1ATeleop loop time: 33.34ms (30 Hz)
[1ATeleop loop time: 33.34ms (30 Hz)
[1ATeleop loop time: 33.34ms (30 Hz)
[1ATeleop loop time: 33.34ms (30 Hz)
[1ATeleop loop time: 33.34ms (30 Hz)
[1ATeleop loop time: 33.34ms (30 Hz)
[1ATeleop loop time: 33.34ms (30 Hz)
[1ATeleop loop time: 33.33ms (30 Hz)
[1ATeleop loop time: 33.34ms (30 Hz)
[1ATeleop loop time: 33.36ms (30 Hz)
[1ATeleop loop time: 33.35ms (30 Hz)
[1ATeleop loop time: 33.36ms (30 Hz)
[1ATeleop loop time: 33.34ms (30 Hz)
[1ATeleop loop time: 33.34ms (30 Hz)
[1ATeleop loop time: 33.35ms (30 Hz)
[1ATeleop loop time: 33.35ms (30 Hz)
[1ATeleop loop time: 33.34ms (30 Hz)
[1ATeleop loop time: 33.35ms (30 Hz)
[1ATeleop loop time: 33.34ms (30 Hz)
[1ATeleop loop time: 33.34ms (30 Hz)
[1ATeleop loop time: 33.35ms (30 Hz)
[1ATeleop loop time: 33.34ms (30 Hz)
[1ATeleop loop time: 33.37ms (30 Hz)
[1ATeleop loop time: 33.34ms (30 Hz)
[1ATeleop loop time: 33.35ms (30 Hz)
[1ATeleop loop time: 33.35ms (30 Hz)
[1ATeleop loop time: 33.36ms (30 Hz)
[1ATeleop loop time: 33.36ms (30 Hz)
[1ATeleop loop time: 33.36ms (30 Hz)
[1ATeleop loop time: 33.37ms (30 Hz)
[1ATeleop loop time: 33.34ms (30 Hz)
[1ATeleop loop time: 33.34ms (30 Hz)
[1ATeleop loop time: 33.34ms (30 Hz)
[1ATeleop loop time: 33.34ms (30 Hz)
[1ATeleop loop time: 33.34ms (30 Hz)
[1ATeleop loop time: 33.34ms (30 Hz)
[1ATeleop loop time: 33.34ms (30 Hz)
[1ATeleop loop time: 33.34ms (30 Hz)
[1ATeleop loop time: 33.34ms (30 Hz)
[1ATeleop loop time: 33.35ms (30 Hz)
[1ATeleop loop time: 33.34ms (30 Hz)
[1ATeleop loop time: 33.34ms (30 Hz)
[1ATeleop loop time: 33.34ms (30 Hz)
[1ATeleop loop time: 33.34ms (30 Hz)
[1ATeleop loop time: 33.34ms (30 Hz)
[1ATeleop loop time: 33.35ms (30 Hz)
[1ATeleop loop time: 33.34ms (30 Hz)
[1ATeleop loop time: 33.34ms (30 Hz)
[1ATeleop loop time: 33.34ms (30 Hz)
[1ATeleop loop time: 33.34ms (30 Hz)
[1ATeleop loop time: 33.34ms (30 Hz)
[1ATeleop loop time: 33.34ms (30 Hz)
[1ATeleop loop time: 33.34ms (30 Hz)
[1ATeleop loop time: 33.34ms (30 Hz)
[1ATeleop loop time: 33.35ms (30 Hz)
[1ATeleop loop time: 33.35ms (30 Hz)
[1ATeleop loop time: 33.36ms (30 Hz)
[1ATeleop loop time: 33.36ms (30 Hz)
[1ATeleop loop time: 33.36ms (30 Hz)
[1ATeleop loop time: 33.34ms (30 Hz)
[1ATeleop loop time: 33.34ms (30 Hz)
[1ATeleop loop time: 33.35ms (30 Hz)
[1ATeleop loop time: 33.36ms (30 Hz)
[1ATeleop loop time: 33.34ms (30 Hz)
[1ATeleop loop time: 33.34ms (30 Hz)
[1ATeleop loop time: 33.34ms (30 Hz)
[1ATeleop loop time: 33.34ms (30 Hz)
[1ATeleop loop time: 33.34ms (30 Hz)
[1ATeleop loop time: 33.37ms (30 Hz)
[1ATeleop loop time: 33.34ms (30 Hz)
[1ATeleop loop time: 33.36ms (30 Hz)
[1ATeleop loop time: 33.34ms (30 Hz)
[1ATeleop loop time: 33.35ms (30 Hz)
[1ATeleop loop time: 33.36ms (30 Hz)WARNING 2026-10-07 15:48:13 ts/utils.py:121 Relative goal position magnitude had to be clamped to be safe.
{   'shoulder_lift': {   'original goal_pos': 74.15384615384616,
                         'safe goal_pos': 78.95604395604396}}
WARNING 2026-10-07 15:48:13 ts/utils.py:121 Relative goal position magnitude had to be clamped to be safe.
{   'shoulder_lift': {   'original goal_pos': 72.57142857142857,
                         'safe goal_pos': 77.9010989010989}}
WARNING 2026-10-07 15:48:13 ts/utils.py:121 Relative goal position magnitude had to be clamped to be safe.
{   'shoulder_lift': {   'original goal_pos': 70.81318681318682,
                         'safe goal_pos': 76.84615384615384},
    'wrist_flex': {   'original goal_pos': 83.56043956043956,
                      'safe goal_pos': 83.06593406593407}}
WARNING 2026-10-07 15:48:13 ts/utils.py:121 Relative goal position magnitude had to be clamped to be safe.
{   'shoulder_lift': {   'original goal_pos': 69.14285714285714,
                         'safe goal_pos': 75.87912087912088},
    'wrist_flex': {   'original goal_pos': 86.02197802197803,
                      'safe goal_pos': 84.47252747252747}}
WARNING 2026-10-07 15:48:13 ts/utils.py:121 Relative goal position magnitude had to be clamped to be safe.
{   'shoulder_lift': {   'original goal_pos': 67.64835164835165,
                         'safe goal_pos': 74.82417582417582},
    'wrist_flex': {   'original goal_pos': 88.21978021978022,
                      'safe goal_pos': 86.14285714285714}}
WARNING 2026-10-07 15:48:13 ts/utils.py:121 Relative goal position magnitude had to be clamped to be safe.
{   'shoulder_lift': {   'original goal_pos': 66.15384615384616,
                         'safe goal_pos': 73.85714285714286},
    'wrist_flex': {   'original goal_pos': 90.5934065934066,
                      'safe goal_pos': 87.63736263736264}}
WARNING 2026-10-07 15:48:13 ts/utils.py:121 Relative goal position magnitude had to be clamped to be safe.
{   'shoulder_lift': {   'original goal_pos': 64.48351648351648,
                         'safe goal_pos': 72.89010989010988},
    'wrist_flex': {   'original goal_pos': 92.96703296703296,
                      'safe goal_pos': 89.21978021978022}}
WARNING 2026-10-07 15:48:13 ts/utils.py:121 Relative goal position magnitude had to be clamped to be safe.
{   'shoulder_lift': {   'original goal_pos': 62.46153846153846,
                         'safe goal_pos': 71.83516483516483},
    'wrist_flex': {   'original goal_pos': 94.72527472527473,
                      'safe goal_pos': 90.71428571428571}}
WARNING 2026-10-07 15:48:13 ts/utils.py:121 Relative goal position magnitude had to be clamped to be safe.
{   'shoulder_lift': {   'original goal_pos': 60.175824175824175,
                         'safe goal_pos': 70.78021978021978},
    'wrist_flex': {   'original goal_pos': 96.48351648351648,
                      'safe goal_pos': 92.20879120879121}}
WARNING 2026-10-07 15:48:13 ts/utils.py:121 Relative goal position magnitude had to be clamped to be safe.
{   'shoulder_lift': {   'original goal_pos': 57.53846153846154,
                         'safe goal_pos': 69.63736263736264},
    'wrist_flex': {   'original goal_pos': 97.8021978021978,
                      'safe goal_pos': 93.7032967032967}}
WARNING 2026-10-07 15:48:13 ts/utils.py:121 Relative goal position magnitude had to be clamped to be safe.
{   'shoulder_lift': {   'original goal_pos': 54.81318681318681,
                         'safe goal_pos': 68.58241758241758},
    'wrist_flex': {   'original goal_pos': 99.12087912087912,
                      'safe goal_pos': 95.28571428571429}}
WARNING 2026-10-07 15:48:13 ts/utils.py:121 Relative goal position magnitude had to be clamped to be safe.
{   'shoulder_lift': {   'original goal_pos': 52.26373626373626,
                         'safe goal_pos': 67.52747252747253},
    'wrist_flex': {   'original goal_pos': 100.52747252747253,
                      'safe goal_pos': 96.86813186813187}}
WARNING 2026-10-07 15:48:13 ts/utils.py:121 Relative goal position magnitude had to be clamped to be safe.
{   'shoulder_lift': {   'original goal_pos': 49.53846153846154,
                         'safe goal_pos': 66.47252747252747},
    'wrist_flex': {   'original goal_pos': 101.93406593406593,
                      'safe goal_pos': 98.36263736263736}}
WARNING 2026-10-07 15:48:14 ts/utils.py:121 Relative goal position magnitude had to be clamped to be safe.
{   'shoulder_lift': {   'original goal_pos': 46.9010989010989,
                         'safe goal_pos': 65.32967032967034},
    'wrist_flex': {   'original goal_pos': 103.34065934065934,
                      'safe goal_pos': 99.94505494505495}}
WARNING 2026-10-07 15:48:14 ts/utils.py:121 Relative goal position magnitude had to be clamped to be safe.
{   'shoulder_lift': {   'original goal_pos': 44.175824175824175,
                         'safe goal_pos': 64.27472527472527},
    'wrist_flex': {   'original goal_pos': 105.18681318681318,
                      'safe goal_pos': 101.43956043956044}}
WARNING 2026-10-07 15:48:14 ts/utils.py:121 Relative goal position magnitude had to be clamped to be safe.
{   'shoulder_lift': {   'original goal_pos': 41.45054945054945,
                         'safe goal_pos': 63.21978021978022},
    'wrist_flex': {   'original goal_pos': 107.2967032967033,
                      'safe goal_pos': 103.02197802197803}}
WARNING 2026-10-07 15:48:14 ts/utils.py:121 Relative goal position magnitude had to be clamped to be safe.
{   'shoulder_lift': {   'original goal_pos': 38.989010989010985,
                         'safe goal_pos': 62.07692307692308},
    'wrist_flex': {   'original goal_pos': 109.75824175824175,
                      'safe goal_pos': 104.51648351648352}}
WARNING 2026-10-07 15:48:14 ts/utils.py:121 Relative goal position magnitude had to be clamped to be safe.
{   'shoulder_lift': {   'original goal_pos': 36.43956043956044,
                         'safe goal_pos': 60.93406593406593},
    'wrist_flex': {   'original goal_pos': 112.57142857142857,
                      'safe goal_pos': 106.01098901098901}}
WARNING 2026-10-07 15:48:14 ts/utils.py:121 Relative goal position magnitude had to be clamped to be safe.
{   'shoulder_lift': {   'original goal_pos': 34.15384615384615,
                         'safe goal_pos': 59.79120879120879},
    'wrist_flex': {   'original goal_pos': 115.38461538461539,
                      'safe goal_pos': 107.68131868131869}}
WARNING 2026-10-07 15:48:14 ts/utils.py:121 Relative goal position magnitude had to be clamped to be safe.
{   'shoulder_lift': {   'original goal_pos': 32.395604395604394,
                         'safe goal_pos': 58.824175824175825},
    'wrist_flex': {   'original goal_pos': 117.93406593406593,
                      'safe goal_pos': 109.17582417582418}}
WARNING 2026-10-07 15:48:14 ts/utils.py:121 Relative goal position magnitude had to be clamped to be safe.
{   'shoulder_lift': {   'original goal_pos': 31.076923076923077,
                         'safe goal_pos': 57.59340659340659},
    'wrist_flex': {   'original goal_pos': 119.95604395604396,
                      'safe goal_pos': 110.67032967032966}}
WARNING 2026-10-07 15:48:14 ts/utils.py:121 Relative goal position magnitude had to be clamped to be safe.
{   'shoulder_lift': {   'original goal_pos': 30.9010989010989,
                         'safe goal_pos': 56.45054945054945},
    'wrist_flex': {   'original goal_pos': 121.01098901098901,
                      'safe goal_pos': 112.16483516483517}}
WARNING 2026-10-07 15:48:14 ts/utils.py:121 Relative goal position magnitude had to be clamped to be safe.
{   'gripper': {   'original goal_pos': 10.573343261355175,
                   'safe goal_pos': 10.089058524173026},
    'shoulder_lift': {   'original goal_pos': 31.252747252747252,
                         'safe goal_pos': 55.21978021978022},
    'wrist_flex': {   'original goal_pos': 120.92307692307692,
                      'safe goal_pos': 113.74725274725274}}
WARNING 2026-10-07 15:48:14 ts/utils.py:121 Relative goal position magnitude had to be clamped to be safe.
{   'gripper': {   'original goal_pos': 15.115413253909157,
                   'safe goal_pos': 10.788804071246819},
    'shoulder_lift': {   'original goal_pos': 32.13186813186813,
                         'safe goal_pos': 54.07692307692308},
    'wrist_flex': {   'original goal_pos': 120.3956043956044,
                      'safe goal_pos': 115.32967032967034}}
WARNING 2026-10-07 15:48:14 ts/utils.py:121 Relative goal position magnitude had to be clamped to be safe.
{   'gripper': {   'original goal_pos': 20.551005212211468,
                   'safe goal_pos': 12.37913486005089},
    'shoulder_lift': {   'original goal_pos': 33.45054945054945,
                         'safe goal_pos': 52.934065934065934},
    'wrist_flex': {   'original goal_pos': 119.6923076923077,
                      'safe goal_pos': 116.82417582417582}}
WARNING 2026-10-07 15:48:14 ts/utils.py:121 Relative goal position magnitude had to be clamped to be safe.
{   'gripper': {   'original goal_pos': 26.061057334326136,
                   'safe goal_pos': 13.842239185750635},
    'shoulder_lift': {   'original goal_pos': 34.857142857142854,
                         'safe goal_pos': 51.7032967032967},
    'wrist_flex': {   'original goal_pos': 119.25274725274726,
                      'safe goal_pos': 118.31868131868131}}
WARNING 2026-10-07 15:48:14 ts/utils.py:121 Relative goal position magnitude had to be clamped to be safe.
{   'gripper': {   'original goal_pos': 31.496649292628444,
                   'safe goal_pos': 15.178117048346055},
    'shoulder_lift': {   'original goal_pos': 35.91208791208791,
                         'safe goal_pos': 50.472527472527474}}
WARNING 2026-10-07 15:48:14 ts/utils.py:121 Relative goal position magnitude had to be clamped to be safe.
{   'gripper': {   'original goal_pos': 36.559940431868945,
                   'safe goal_pos': 16.641221374045802},
    'shoulder_lift': {   'original goal_pos': 37.23076923076923,
                         'safe goal_pos': 49.32967032967033}}
WARNING 2026-10-07 15:48:14 ts/utils.py:121 Relative goal position magnitude had to be clamped to be safe.
{   'gripper': {   'original goal_pos': 40.95309009679821,
                   'safe goal_pos': 18.104325699745548},
    'shoulder_lift': {   'original goal_pos': 38.10989010989011,
                         'safe goal_pos': 48.0989010989011}}
WARNING 2026-10-07 15:48:14 ts/utils.py:121 Relative goal position magnitude had to be clamped to be safe.
{   'gripper': {   'original goal_pos': 44.527177959791516,
                   'safe goal_pos': 19.50381679389313},
    'shoulder_lift': {   'original goal_pos': 38.9010989010989,
                         'safe goal_pos': 46.956043956043956}}
WARNING 2026-10-07 15:48:14 ts/utils.py:121 Relative goal position magnitude had to be clamped to be safe.
{   'gripper': {   'original goal_pos': 47.20774385703649,
                   'safe goal_pos': 20.966921119592875},
    'shoulder_lift': {   'original goal_pos': 39.51648351648352,
                         'safe goal_pos': 45.637362637362635}}
WARNING 2026-10-07 15:48:14 ts/utils.py:121 Relative goal position magnitude had to be clamped to be safe.
{   'gripper': {   'original goal_pos': 48.92032762472077,
                   'safe goal_pos': 22.36641221374046},
    'shoulder_lift': {   'original goal_pos': 40.21978021978022,
                         'safe goal_pos': 44.40659340659341}}
WARNING 2026-10-07 15:48:14 ts/utils.py:121 Relative goal position magnitude had to be clamped to be safe.
{   'gripper': {   'original goal_pos': 49.4415487714073,
                   'safe goal_pos': 23.765903307888042},
    'shoulder_lift': {   'original goal_pos': 40.65934065934066,
                         'safe goal_pos': 43.26373626373626}}
WARNING 2026-10-07 15:48:14 ts/utils.py:121 Relative goal position magnitude had to be clamped to be safe.
{   'gripper': {   'original goal_pos': 49.292628443782576,
                   'safe goal_pos': 25.229007633587788},
    'shoulder_lift': {   'original goal_pos': 41.0989010989011,
                         'safe goal_pos': 41.857142857142854}}
WARNING 2026-10-07 15:48:14 ts/utils.py:121 Relative goal position magnitude had to be clamped to be safe.
{   'gripper': {   'original goal_pos': 49.218168279970214,
                   'safe goal_pos': 26.62849872773537},
    'shoulder_pan': {   'original goal_pos': -3.340659340659341,
                        'safe goal_pos': -3.615384615384615}}
WARNING 2026-10-07 15:48:14 ts/utils.py:121 Relative goal position magnitude had to be clamped to be safe.
{   'gripper': {   'original goal_pos': 48.99478778853313,
                   'safe goal_pos': 28.02798982188295},
    'shoulder_pan': {   'original goal_pos': -2.10989010989011,
                        'safe goal_pos': -2.2967032967032965}}
WARNING 2026-10-07 15:48:14 ts/utils.py:121 Relative goal position magnitude had to be clamped to be safe.
{   'gripper': {   'original goal_pos': 48.92032762472077,
                   'safe goal_pos': 29.491094147582697}}
WARNING 2026-10-07 15:48:14 ts/utils.py:121 Relative goal position magnitude had to be clamped to be safe.
{   'gripper': {   'original goal_pos': 48.92032762472077,
                   'safe goal_pos': 30.890585241730278}}
WARNING 2026-10-07 15:48:14 ts/utils.py:121 Relative goal position magnitude had to be clamped to be safe.
{   'elbow_flex': {   'original goal_pos': -35.73626373626374,
                      'safe goal_pos': -35.681318681318686},
    'gripper': {   'original goal_pos': 48.92032762472077,
                   'safe goal_pos': 32.353689567430024}}
WARNING 2026-10-07 15:48:14 ts/utils.py:121 Relative goal position magnitude had to be clamped to be safe.
{   'elbow_flex': {   'original goal_pos': -36.879120879120876,
                      'safe goal_pos': -36.472527472527474},
    'gripper': {   'original goal_pos': 48.92032762472077,
                   'safe goal_pos': 33.75318066157761}}
WARNING 2026-10-07 15:48:14 ts/utils.py:121 Relative goal position magnitude had to be clamped to be safe.
{   'elbow_flex': {   'original goal_pos': -38.02197802197802,
                      'safe goal_pos': -37.26373626373626},
    'gripper': {   'original goal_pos': 48.92032762472077,
                   'safe goal_pos': 35.152671755725194}}
WARNING 2026-10-07 15:48:14 ts/utils.py:121 Relative goal position magnitude had to be clamped to be safe.
{   'elbow_flex': {   'original goal_pos': -39.16483516483517,
                      'safe goal_pos': -38.05494505494506},
    'gripper': {   'original goal_pos': 49.218168279970214,
                   'safe goal_pos': 36.61577608142493}}
WARNING 2026-10-07 15:48:14 ts/utils.py:121 Relative goal position magnitude had to be clamped to be safe.
{   'elbow_flex': {   'original goal_pos': -40.21978021978022,
                      'safe goal_pos': -38.934065934065934},
    'gripper': {   'original goal_pos': 49.36708860759494,
                   'safe goal_pos': 38.01526717557252}}
WARNING 2026-10-07 15:48:15 ts/utils.py:121 Relative goal position magnitude had to be clamped to be safe.
{   'elbow_flex': {   'original goal_pos': -41.27472527472528,
                      'safe goal_pos': -39.81318681318681},
    'gripper': {   'original goal_pos': 49.36708860759494,
                   'safe goal_pos': 39.4147582697201}}
WARNING 2026-10-07 15:48:15 ts/utils.py:121 Relative goal position magnitude had to be clamped to be safe.
{   'elbow_flex': {   'original goal_pos': -42.065934065934066,
                      'safe goal_pos': -40.604395604395606},
    'gripper': {   'original goal_pos': 49.36708860759494,
                   'safe goal_pos': 40.81424936386768}}
WARNING 2026-10-07 15:48:15 ts/utils.py:121 Relative goal position magnitude had to be clamped to be safe.
{   'elbow_flex': {   'original goal_pos': -42.857142857142854,
                      'safe goal_pos': -41.395604395604394},
    'gripper': {   'original goal_pos': 49.36708860759494,
                   'safe goal_pos': 42.213740458015266}}
WARNING 2026-10-07 15:48:15 ts/utils.py:121 Relative goal position magnitude had to be clamped to be safe.
{   'elbow_flex': {   'original goal_pos': -43.64835164835165,
                      'safe goal_pos': -42.27472527472528},
    'gripper': {   'original goal_pos': 49.36708860759494,
                   'safe goal_pos': 43.74045801526718}}
WARNING 2026-10-07 15:48:15 ts/utils.py:121 Relative goal position magnitude had to be clamped to be safe.
{   'elbow_flex': {   'original goal_pos': -44.527472527472526,
                      'safe goal_pos': -42.97802197802198},
    'gripper': {   'original goal_pos': 49.4415487714073,
                   'safe goal_pos': 45.0763358778626}}
WARNING 2026-10-07 15:48:15 ts/utils.py:121 Relative goal position magnitude had to be clamped to be safe.
{   'elbow_flex': {   'original goal_pos': -45.40659340659341,
                      'safe goal_pos': -43.76923076923077},
    'gripper': {   'original goal_pos': 49.4415487714073,
                   'safe goal_pos': 46.539440203562336}}
WARNING 2026-10-07 15:48:15 ts/utils.py:121 Relative goal position magnitude had to be clamped to be safe.
{   'elbow_flex': {   'original goal_pos': -46.1978021978022,
                      'safe goal_pos': -44.56043956043956},
    'gripper': {   'original goal_pos': 49.4415487714073,
                   'safe goal_pos': 48.00254452926209}}
WARNING 2026-10-07 15:48:15 ts/utils.py:121 Relative goal position magnitude had to be clamped to be safe.
{   'elbow_flex': {   'original goal_pos': -46.9010989010989,
                      'safe goal_pos': -45.26373626373626},
    'gripper': {   'original goal_pos': 49.4415487714073,
                   'safe goal_pos': 49.40203562340967}}
WARNING 2026-10-07 15:48:15 ts/utils.py:121 Relative goal position magnitude had to be clamped to be safe.
{   'elbow_flex': {   'original goal_pos': -47.604395604395606,
                      'safe goal_pos': -46.142857142857146}}
WARNING 2026-10-07 15:48:15 ts/utils.py:121 Relative goal position magnitude had to be clamped to be safe.
{   'elbow_flex': {   'original goal_pos': -48.13186813186813,
                      'safe goal_pos': -46.934065934065934}}
WARNING 2026-10-07 15:48:15 ts/utils.py:121 Relative goal position magnitude had to be clamped to be safe.
{   'elbow_flex': {   'original goal_pos': -48.65934065934066,
                      'safe goal_pos': -47.81318681318681}}
WARNING 2026-10-07 15:48:15 ts/utils.py:121 Relative goal position magnitude had to be clamped to be safe.
{   'elbow_flex': {   'original goal_pos': -49.18681318681319,
                      'safe goal_pos': -48.604395604395606}}
WARNING 2026-10-07 15:48:15 ts/utils.py:121 Relative goal position magnitude had to be clamped to be safe.
{   'elbow_flex': {   'original goal_pos': -49.714285714285715,
                      'safe goal_pos': -49.395604395604394}}
WARNING 2026-10-07 15:48:15 ts/utils.py:121 Relative goal position magnitude had to be clamped to be safe.
{   'gripper': {   'original goal_pos': 46.388682055100524,
                   'safe goal_pos': 46.653944020356235}}
WARNING 2026-10-07 15:48:15 ts/utils.py:121 Relative goal position magnitude had to be clamped to be safe.
{   'gripper': {   'original goal_pos': 44.00595681310499,
                   'safe goal_pos': 45.38167938931297}}
WARNING 2026-10-07 15:48:15 ts/utils.py:121 Relative goal position magnitude had to be clamped to be safe.
{   'gripper': {   'original goal_pos': 41.69769173492182,
                   'safe goal_pos': 43.918575063613225}}
WARNING 2026-10-07 15:48:15 ts/utils.py:121 Relative goal position magnitude had to be clamped to be safe.
{   'gripper': {   'original goal_pos': 39.612807148175726,
                   'safe goal_pos': 42.391857506361326}}
WARNING 2026-10-07 15:48:15 ts/utils.py:121 Relative goal position magnitude had to be clamped to be safe.
{   'gripper': {   'original goal_pos': 37.82576321667908,
                   'safe goal_pos': 40.99236641221374}}
WARNING 2026-10-07 15:48:15 ts/utils.py:121 Relative goal position magnitude had to be clamped to be safe.
{   'gripper': {   'original goal_pos': 36.03871928518243,
                   'safe goal_pos': 39.592875318066156}}
WARNING 2026-10-07 15:48:15 ts/utils.py:121 Relative goal position magnitude had to be clamped to be safe.
{   'gripper': {   'original goal_pos': 34.47505584512286,
                   'safe goal_pos': 38.06615776081425}}
WARNING 2026-10-07 15:48:15 ts/utils.py:121 Relative goal position magnitude had to be clamped to be safe.
{   'gripper': {   'original goal_pos': 33.06031273268801,
                   'safe goal_pos': 36.66666666666667},
    'wrist_flex': {   'original goal_pos': 105.8021978021978,
                      'safe goal_pos': 106.38461538461539}}
WARNING 2026-10-07 15:48:15 ts/utils.py:121 Relative goal position magnitude had to be clamped to be safe.
{   'gripper': {   'original goal_pos': 31.720029784065524,
                   'safe goal_pos': 35.20356234096692},
    'wrist_flex': {   'original goal_pos': 103.86813186813187,
                      'safe goal_pos': 104.89010989010988}}
WARNING 2026-10-07 15:48:16 ts/utils.py:121 Relative goal position magnitude had to be clamped to be safe.
{   'gripper': {   'original goal_pos': 30.97542814594192,
                   'safe goal_pos': 33.80407124681934},
    'wrist_flex': {   'original goal_pos': 102.1978021978022,
                      'safe goal_pos': 103.57142857142857}}
WARNING 2026-10-07 15:48:16 ts/utils.py:121 Relative goal position magnitude had to be clamped to be safe.
{   'gripper': {   'original goal_pos': 30.4542069992554,
                   'safe goal_pos': 32.27735368956743},
    'wrist_flex': {   'original goal_pos': 100.79120879120879,
                      'safe goal_pos': 102.34065934065934}}
WARNING 2026-10-07 15:48:16 ts/utils.py:121 Relative goal position magnitude had to be clamped to be safe.
{   'gripper': {   'original goal_pos': 30.230826507818314,
                   'safe goal_pos': 30.87786259541985},
    'wrist_flex': {   'original goal_pos': 99.47252747252747,
                      'safe goal_pos': 100.84615384615384}}
WARNING 2026-10-07 15:48:16 ts/utils.py:121 Relative goal position magnitude had to be clamped to be safe.
{   'wrist_flex': {   'original goal_pos': 98.06593406593407,
                      'safe goal_pos': 99.61538461538461}}
WARNING 2026-10-07 15:48:16 ts/utils.py:121 Relative goal position magnitude had to be clamped to be safe.
{   'wrist_flex': {   'original goal_pos': 96.65934065934066,
                      'safe goal_pos': 98.20879120879121}}
WARNING 2026-10-07 15:48:16 ts/utils.py:121 Relative goal position magnitude had to be clamped to be safe.
{   'wrist_flex': {   'original goal_pos': 95.6923076923077,
                      'safe goal_pos': 96.89010989010988}}
WARNING 2026-10-07 15:48:16 ts/utils.py:121 Relative goal position magnitude had to be clamped to be safe.
{   'wrist_flex': {   'original goal_pos': 94.9010989010989,
                      'safe goal_pos': 95.57142857142857}}
WARNING 2026-10-07 15:48:16 ts/utils.py:121 Relative goal position magnitude had to be clamped to be safe.
{   'wrist_flex': {   'original goal_pos': 89.01098901098901,
                      'safe goal_pos': 89.15384615384616}}
WARNING 2026-10-07 15:48:16 ts/utils.py:121 Relative goal position magnitude had to be clamped to be safe.
{   'wrist_flex': {   'original goal_pos': 86.10989010989012,
                      'safe goal_pos': 88.01098901098901}}
WARNING 2026-10-07 15:48:16 ts/utils.py:121 Relative goal position magnitude had to be clamped to be safe.
{   'wrist_flex': {   'original goal_pos': 83.03296703296704,
                      'safe goal_pos': 86.51648351648352}}
WARNING 2026-10-07 15:48:16 ts/utils.py:121 Relative goal position magnitude had to be clamped to be safe.
{   'wrist_flex': {   'original goal_pos': 80.48351648351648,
                      'safe goal_pos': 85.1978021978022}}
WARNING 2026-10-07 15:48:16 ts/utils.py:121 Relative goal position magnitude had to be clamped to be safe.
{   'wrist_flex': {   'original goal_pos': 78.54945054945055,
                      'safe goal_pos': 83.87912087912088}}
WARNING 2026-10-07 15:48:17 ts/utils.py:121 Relative goal position magnitude had to be clamped to be safe.
{   'gripper': {   'original goal_pos': 23.827252419955325,
                   'safe goal_pos': 24.389312977099237},
    'wrist_flex': {   'original goal_pos': 77.49450549450549,
                      'safe goal_pos': 82.47252747252747}}
WARNING 2026-10-07 15:48:17 ts/utils.py:121 Relative goal position magnitude had to be clamped to be safe.
{   'gripper': {   'original goal_pos': 20.476545048399107,
                   'safe goal_pos': 23.117048346055977},
    'wrist_flex': {   'original goal_pos': 77.05494505494505,
                      'safe goal_pos': 81.15384615384616}}
WARNING 2026-10-07 15:48:17 ts/utils.py:121 Relative goal position magnitude had to be clamped to be safe.
{   'gripper': {   'original goal_pos': 16.679076693968728,
                   'safe goal_pos': 21.590330788804074},
    'wrist_flex': {   'original goal_pos': 77.05494505494505,
                      'safe goal_pos': 79.74725274725274}}
WARNING 2026-10-07 15:48:17 ts/utils.py:121 Relative goal position magnitude had to be clamped to be safe.
{   'gripper': {   'original goal_pos': 12.658227848101266,
                   'safe goal_pos': 20.06361323155216},
    'wrist_flex': {   'original goal_pos': 76.87912087912088,
                      'safe goal_pos': 78.34065934065934}}
WARNING 2026-10-07 15:48:17 ts/utils.py:121 Relative goal position magnitude had to be clamped to be safe.
{   'gripper': {   'original goal_pos': 9.009679821295608,
                   'safe goal_pos': 18.60050890585242},
    'wrist_flex': {   'original goal_pos': 76.87912087912088,
                      'safe goal_pos': 77.02197802197803}}
WARNING 2026-10-07 15:48:17 ts/utils.py:121 Relative goal position magnitude had to be clamped to be safe.
{   'gripper': {   'original goal_pos': 6.105733432613552,
                   'safe goal_pos': 17.137404580152673}}
WARNING 2026-10-07 15:48:17 ts/utils.py:121 Relative goal position magnitude had to be clamped to be safe.
{   'gripper': {   'original goal_pos': 3.9463886820551006,
                   'safe goal_pos': 15.737913486005088}}
WARNING 2026-10-07 15:48:17 ts/utils.py:121 Relative goal position magnitude had to be clamped to be safe.
{   'gripper': {   'original goal_pos': 2.308265078183172,
                   'safe goal_pos': 14.211195928753181}}
WARNING 2026-10-07 15:48:17 ts/utils.py:121 Relative goal position magnitude had to be clamped to be safe.
{   'gripper': {   'original goal_pos': 1.6381236038719285,
                   'safe goal_pos': 12.748091603053435}}
WARNING 2026-10-07 15:48:17 ts/utils.py:121 Relative goal position magnitude had to be clamped to be safe.
{   'gripper': {   'original goal_pos': 1.93596425912137,
                   'safe goal_pos': 11.28498727735369}}
WARNING 2026-10-07 15:48:17 ts/utils.py:121 Relative goal position magnitude had to be clamped to be safe.
{   'gripper': {   'original goal_pos': 2.4571854058078926,
                   'safe goal_pos': 9.821882951653945}}
WARNING 2026-10-07 15:48:17 ts/utils.py:121 Relative goal position magnitude had to be clamped to be safe.
{   'gripper': {   'original goal_pos': 3.1273268801191363,
                   'safe goal_pos': 8.295165394402037}}
WARNING 2026-10-07 15:48:17 ts/utils.py:121 Relative goal position magnitude had to be clamped to be safe.
{   'gripper': {   'original goal_pos': 3.79746835443038,
                   'safe goal_pos': 6.895674300254452}}
WARNING 2026-10-07 15:48:17 ts/utils.py:121 Relative goal position magnitude had to be clamped to be safe.
{   'gripper': {   'original goal_pos': 4.169769173492182,
                   'safe goal_pos': 5.432569974554708}}
WARNING 2026-10-07 15:48:17 ts/utils.py:121 Relative goal position magnitude had to be clamped to be safe.
{   'wrist_flex': {   'original goal_pos': 69.31868131868131,
                      'safe goal_pos': 71.57142857142857}}
WARNING 2026-10-07 15:48:17 ts/utils.py:121 Relative goal position magnitude had to be clamped to be safe.
{   'wrist_flex': {   'original goal_pos': 65.97802197802197,
                      'safe goal_pos': 70.16483516483517}}
WARNING 2026-10-07 15:48:17 ts/utils.py:121 Relative goal position magnitude had to be clamped to be safe.
{   'wrist_flex': {   'original goal_pos': 62.72527472527472,
                      'safe goal_pos': 68.67032967032966}}
WARNING 2026-10-07 15:48:17 ts/utils.py:121 Relative goal position magnitude had to be clamped to be safe.
{   'wrist_flex': {   'original goal_pos': 59.73626373626374,
                      'safe goal_pos': 67.35164835164835}}
WARNING 2026-10-07 15:48:17 ts/utils.py:121 Relative goal position magnitude had to be clamped to be safe.
{   'wrist_flex': {   'original goal_pos': 57.010989010989015,
                      'safe goal_pos': 66.03296703296704}}
WARNING 2026-10-07 15:48:17 ts/utils.py:121 Relative goal position magnitude had to be clamped to be safe.
{   'wrist_flex': {   'original goal_pos': 54.9010989010989,
                      'safe goal_pos': 64.62637362637362}}
WARNING 2026-10-07 15:48:17 ts/utils.py:121 Relative goal position magnitude had to be clamped to be safe.
{   'wrist_flex': {   'original goal_pos': 53.31868131868132,
                      'safe goal_pos': 63.395604395604394}}
WARNING 2026-10-07 15:48:17 ts/utils.py:121 Relative goal position magnitude had to be clamped to be safe.
{   'wrist_flex': {   'original goal_pos': 52.967032967032964,
                      'safe goal_pos': 61.98901098901099}}
WARNING 2026-10-07 15:48:17 ts/utils.py:121 Relative goal position magnitude had to be clamped to be safe.
{   'wrist_flex': {   'original goal_pos': 52.7032967032967,
                      'safe goal_pos': 60.75824175824175}}
WARNING 2026-10-07 15:48:18 ts/utils.py:121 Relative goal position magnitude had to be clamped to be safe.
{   'wrist_flex': {   'original goal_pos': 52.7032967032967,
                      'safe goal_pos': 59.35164835164835}}
WARNING 2026-10-07 15:48:18 ts/utils.py:121 Relative goal position magnitude had to be clamped to be safe.
{   'wrist_flex': {   'original goal_pos': 52.7032967032967,
                      'safe goal_pos': 58.032967032967036}}
WARNING 2026-10-07 15:48:18 ts/utils.py:121 Relative goal position magnitude had to be clamped to be safe.
{   'wrist_flex': {   'original goal_pos': 52.7032967032967,
                      'safe goal_pos': 56.8021978021978}}
WARNING 2026-10-07 15:48:18 ts/utils.py:121 Relative goal position magnitude had to be clamped to be safe.
{   'wrist_flex': {   'original goal_pos': 52.7032967032967,
                      'safe goal_pos': 55.395604395604394}}
WARNING 2026-10-07 15:48:18 ts/utils.py:121 Relative goal position magnitude had to be clamped to be safe.
{   'wrist_flex': {   'original goal_pos': 52.61538461538461,
                      'safe goal_pos': 54.07692307692308}}
WARNING 2026-10-07 15:48:18 ts/utils.py:121 Relative goal position magnitude had to be clamped to be safe.
{   'wrist_flex': {   'original goal_pos': 52.61538461538461,
                      'safe goal_pos': 52.75824175824176}}
WARNING 2026-10-07 15:48:18 ts/utils.py:121 Relative goal position magnitude had to be clamped to be safe.
{   'gripper': {   'original goal_pos': 8.786299329858526,
                   'safe goal_pos': 8.244274809160306}}
WARNING 2026-10-07 15:48:18 ts/utils.py:121 Relative goal position magnitude had to be clamped to be safe.
{   'gripper': {   'original goal_pos': 12.137006701414743,
                   'safe goal_pos': 9.325699745547073}}
WARNING 2026-10-07 15:48:18 ts/utils.py:121 Relative goal position magnitude had to be clamped to be safe.
{   'gripper': {   'original goal_pos': 15.56217423678332,
                   'safe goal_pos': 10.852417302798983}}
WARNING 2026-10-07 15:48:18 ts/utils.py:121 Relative goal position magnitude had to be clamped to be safe.
{   'gripper': {   'original goal_pos': 19.3596425912137,
                   'safe goal_pos': 12.442748091603054}}
WARNING 2026-10-07 15:48:18 ts/utils.py:121 Relative goal position magnitude had to be clamped to be safe.
{   'gripper': {   'original goal_pos': 22.486969471332838,
                   'safe goal_pos': 13.71501272264631}}
WARNING 2026-10-07 15:48:18 ts/utils.py:121 Relative goal position magnitude had to be clamped to be safe.
{   'gripper': {   'original goal_pos': 25.24199553239017,
                   'safe goal_pos': 15.114503816793894}}
WARNING 2026-10-07 15:48:18 ts/utils.py:121 Relative goal position magnitude had to be clamped to be safe.
{   'gripper': {   'original goal_pos': 27.32688011913626,
                   'safe goal_pos': 16.577608142493638}}
WARNING 2026-10-07 15:48:18 ts/utils.py:121 Relative goal position magnitude had to be clamped to be safe.
{   'gripper': {   'original goal_pos': 28.22040208488459,
                   'safe goal_pos': 17.977099236641223}}
WARNING 2026-10-07 15:48:18 ts/utils.py:121 Relative goal position magnitude had to be clamped to be safe.
{   'gripper': {   'original goal_pos': 28.145941921072225,
                   'safe goal_pos': 19.376590330788805}}
WARNING 2026-10-07 15:48:18 ts/utils.py:121 Relative goal position magnitude had to be clamped to be safe.
{   'gripper': {   'original goal_pos': 27.699180938198065,
                   'safe goal_pos': 20.839694656488547}}
WARNING 2026-10-07 15:48:18 ts/utils.py:121 Relative goal position magnitude had to be clamped to be safe.
{   'gripper': {   'original goal_pos': 26.8801191362621,
                   'safe goal_pos': 22.239185750636132}}
WARNING 2026-10-07 15:48:18 ts/utils.py:121 Relative goal position magnitude had to be clamped to be safe.
{   'gripper': {   'original goal_pos': 25.837676842889056,
                   'safe goal_pos': 23.702290076335878}}
WARNING 2026-10-07 15:48:18 ts/utils.py:121 Relative goal position magnitude had to be clamped to be safe.
{   'gripper': {   'original goal_pos': 15.860014892032762,
                   'safe goal_pos': 15.865139949109416}}
WARNING 2026-10-07 15:48:18 ts/utils.py:121 Relative goal position magnitude had to be clamped to be safe.
{   'gripper': {   'original goal_pos': 14.296351451973194,
                   'safe goal_pos': 14.529262086513995}}
WARNING 2026-10-07 15:48:19 ts/utils.py:121 Relative goal position magnitude had to be clamped to be safe.
{   'gripper': {   'original goal_pos': 12.881608339538348,
                   'safe goal_pos': 12.938931297709924}}
WARNING 2026-10-07 15:48:19 ts/utils.py:121 Relative goal position magnitude had to be clamped to be safe.
{   'wrist_flex': {   'original goal_pos': 47.16483516483517,
                      'safe goal_pos': 47.30769230769231}}
WARNING 2026-10-07 15:48:19 ts/utils.py:121 Relative goal position magnitude had to be clamped to be safe.
{   'wrist_flex': {   'original goal_pos': 45.494505494505496,
                      'safe goal_pos': 46.07692307692308}}
WARNING 2026-10-07 15:48:19 ts/utils.py:121 Relative goal position magnitude had to be clamped to be safe.
{   'wrist_flex': {   'original goal_pos': 44.175824175824175,
                      'safe goal_pos': 44.582417582417584}}
WARNING 2026-10-07 15:48:19 ts/utils.py:121 Relative goal position magnitude had to be clamped to be safe.
{   'wrist_flex': {   'original goal_pos': 43.120879120879124,
                      'safe goal_pos': 43.26373626373626}}
WARNING 2026-10-07 15:48:19 ts/utils.py:121 Relative goal position magnitude had to be clamped to be safe.
{   'gripper': {   'original goal_pos': 18.019359642591215,
                   'safe goal_pos': 17.595419847328245}}
WARNING 2026-10-07 15:48:19 ts/utils.py:121 Relative goal position magnitude had to be clamped to be safe.
{   'gripper': {   'original goal_pos': 20.104244229337304,
                   'safe goal_pos': 19.05852417302799}}
WARNING 2026-10-07 15:48:19 ts/utils.py:121 Relative goal position magnitude had to be clamped to be safe.
{   'gripper': {   'original goal_pos': 22.412509307520477,
                   'safe goal_pos': 20.458015267175576}}
WARNING 2026-10-07 15:48:19 ts/utils.py:121 Relative goal position magnitude had to be clamped to be safe.
{   'gripper': {   'original goal_pos': 24.57185405807893,
                   'safe goal_pos': 21.921119592875318}}
WARNING 2026-10-07 15:48:20 ts/utils.py:121 Relative goal position magnitude had to be clamped to be safe.
{   'gripper': {   'original goal_pos': 26.135517498138494,
                   'safe goal_pos': 23.3206106870229}}
WARNING 2026-10-07 15:48:20 ts/utils.py:121 Relative goal position magnitude had to be clamped to be safe.
{   'gripper': {   'original goal_pos': 27.02903946388682,
                   'safe goal_pos': 24.84732824427481}}
WARNING 2026-10-07 15:48:20 ts/utils.py:121 Relative goal position magnitude had to be clamped to be safe.
{   'gripper': {   'original goal_pos': 27.10349962769918,
                   'safe goal_pos': 26.246819338422394}}
WARNING 2026-10-07 15:48:20 ts/utils.py:121 Relative goal position magnitude had to be clamped to be safe.
{   'wrist_flex': {   'original goal_pos': 37.05494505494506,
                      'safe goal_pos': 37.54945054945055}}
WARNING 2026-10-07 15:48:20 ts/utils.py:121 Relative goal position magnitude had to be clamped to be safe.
{   'wrist_flex': {   'original goal_pos': 35.032967032967036,
                      'safe goal_pos': 36.142857142857146}}
WARNING 2026-10-07 15:48:20 ts/utils.py:121 Relative goal position magnitude had to be clamped to be safe.
{   'wrist_flex': {   'original goal_pos': 33.53846153846154,
                      'safe goal_pos': 34.64835164835165}}
WARNING 2026-10-07 15:48:20 ts/utils.py:121 Relative goal position magnitude had to be clamped to be safe.
{   'wrist_flex': {   'original goal_pos': 32.83516483516483,
                      'safe goal_pos': 33.417582417582416}}

[1ATeleop loop time: 33.36ms (30 Hz)
[1ATeleop loop time: 33.35ms (30 Hz)
[1ATeleop loop time: 33.34ms (30 Hz)
[1ATeleop loop time: 33.34ms (30 Hz)
[1ATeleop loop time: 33.35ms (30 Hz)
[1ATeleop loop time: 33.34ms (30 Hz)
[1ATeleop loop time: 33.36ms (30 Hz)
[1ATeleop loop time: 33.34ms (30 Hz)
[1ATeleop loop time: 33.34ms (30 Hz)
[1ATeleop loop time: 33.36ms (30 Hz)
[1ATeleop loop time: 33.35ms (30 Hz)
[1ATeleop loop time: 33.34ms (30 Hz)
[1ATeleop loop time: 33.36ms (30 Hz)
[1ATeleop loop time: 33.34ms (30 Hz)
[1ATeleop loop time: 33.34ms (30 Hz)
[1ATeleop loop time: 33.36ms (30 Hz)
[1ATeleop loop time: 33.34ms (30 Hz)
[1ATeleop loop time: 33.34ms (30 Hz)
[1ATeleop loop time: 33.33ms (30 Hz)
[1ATeleop loop time: 33.34ms (30 Hz)
[1ATeleop loop time: 33.34ms (30 Hz)
[1ATeleop loop time: 33.34ms (30 Hz)
[1ATeleop loop time: 33.36ms (30 Hz)
[1ATeleop loop time: 33.34ms (30 Hz)
[1ATeleop loop time: 33.34ms (30 Hz)
[1ATeleop loop time: 33.35ms (30 Hz)
[1ATeleop loop time: 33.36ms (30 Hz)
[1ATeleop loop time: 33.34ms (30 Hz)
[1ATeleop loop time: 33.36ms (30 Hz)
[1ATeleop loop time: 33.34ms (30 Hz)
[1ATeleop loop time: 33.35ms (30 Hz)
[1ATeleop loop time: 33.35ms (30 Hz)
[1ATeleop loop time: 33.34ms (30 Hz)
[1ATeleop loop time: 33.34ms (30 Hz)
[1ATeleop loop time: 33.34ms (30 Hz)
[1ATeleop loop time: 33.34ms (30 Hz)
[1ATeleop loop time: 33.35ms (30 Hz)
[1ATeleop loop time: 33.34ms (30 Hz)
[1ATeleop loop time: 33.34ms (30 Hz)
[1ATeleop loop time: 33.35ms (30 Hz)
[1ATeleop loop time: 33.34ms (30 Hz)
[1ATeleop loop time: 33.34ms (30 Hz)
[1ATeleop loop time: 33.34ms (30 Hz)
[1ATeleop loop time: 33.36ms (30 Hz)
[1ATeleop loop time: 33.34ms (30 Hz)
[1ATeleop loop time: 33.35ms (30 Hz)
[1ATeleop loop time: 33.34ms (30 Hz)
[1ATeleop loop time: 33.34ms (30 Hz)
[1ATeleop loop time: 33.34ms (30 Hz)
[1ATeleop loop time: 33.34ms (30 Hz)
[1ATeleop loop time: 33.34ms (30 Hz)
[1ATeleop loop time: 33.34ms (30 Hz)
[1ATeleop loop time: 33.34ms (30 Hz)
[1ATeleop loop time: 33.34ms (30 Hz)
[1ATeleop loop time: 33.34ms (30 Hz)
[1ATeleop loop time: 33.36ms (30 Hz)
[1ATeleop loop time: 33.34ms (30 Hz)
[1ATeleop loop time: 33.34ms (30 Hz)
[1ATeleop loop time: 33.34ms (30 Hz)
[1ATeleop loop time: 33.34ms (30 Hz)
[1ATeleop loop time: 33.38ms (30 Hz)
[1ATeleop loop time: 33.34ms (30 Hz)
[1ATeleop loop time: 33.65ms (30 Hz)
[1ATeleop loop time: 33.42ms (30 Hz)
[1ATeleop loop time: 33.34ms (30 Hz)
[1ATeleop loop time: 33.34ms (30 Hz)
[1ATeleop loop time: 33.34ms (30 Hz)
[1ATeleop loop time: 33.36ms (30 Hz)
[1ATeleop loop time: 33.34ms (30 Hz)
[1ATeleop loop time: 33.34ms (30 Hz)
[1ATeleop loop time: 33.34ms (30 Hz)
[1ATeleop loop time: 33.34ms (30 Hz)
[1ATeleop loop time: 33.34ms (30 Hz)
[1ATeleop loop time: 33.37ms (30 Hz)
[1ATeleop loop time: 33.34ms (30 Hz)
[1ATeleop loop time: 33.34ms (30 Hz)
[1ATeleop loop time: 33.36ms (30 Hz)
[1ATeleop loop time: 33.34ms (30 Hz)
[1ATeleop loop time: 33.34ms (30 Hz)
[1ATeleop loop time: 33.34ms (30 Hz)
[1ATeleop loop time: 33.37ms (30 Hz)
[1ATeleop loop time: 33.37ms (30 Hz)
[1ATeleop loop time: 33.34ms (30 Hz)
[1ATeleop loop time: 33.34ms (30 Hz)
[1ATeleop loop time: 33.34ms (30 Hz)
[1ATeleop loop time: 33.34ms (30 Hz)
[1ATeleop loop time: 33.38ms (30 Hz)
[1ATeleop loop time: 33.34ms (30 Hz)
[1ATeleop loop time: 33.34ms (30 Hz)
[1ATeleop loop time: 33.34ms (30 Hz)
[1ATeleop loop time: 33.34ms (30 Hz)
[1ATeleop loop time: 33.34ms (30 Hz)
[1ATeleop loop time: 33.36ms (30 Hz)
[1ATeleop loop time: 33.34ms (30 Hz)
[1ATeleop loop time: 33.34ms (30 Hz)
[1ATeleop loop time: 33.34ms (30 Hz)
[1ATeleop loop time: 33.34ms (30 Hz)
[1ATeleop loop time: 33.34ms (30 Hz)
[1ATeleop loop time: 33.34ms (30 Hz)
[1ATeleop loop time: 33.35ms (30 Hz)
[1ATeleop loop time: 33.34ms (30 Hz)
[1ATeleop loop time: 33.34ms (30 Hz)
[1ATeleop loop time: 33.36ms (30 Hz)
[1ATeleop loop time: 33.34ms (30 Hz)
[1ATeleop loop time: 33.34ms (30 Hz)
[1ATeleop loop time: 33.34ms (30 Hz)
[1ATeleop loop time: 33.34ms (30 Hz)
[1ATeleop loop time: 33.34ms (30 Hz)
[1ATeleop loop time: 33.36ms (30 Hz)
[1ATeleop loop time: 33.35ms (30 Hz)
[1ATeleop loop time: 33.34ms (30 Hz)
[1ATeleop loop time: 33.34ms (30 Hz)
[1ATeleop loop time: 33.34ms (30 Hz)
[1ATeleop loop time: 33.36ms (30 Hz)
[1ATeleop loop time: 33.34ms (30 Hz)
[1ATeleop loop time: 33.34ms (30 Hz)
[1ATeleop loop time: 33.34ms (30 Hz)
[1ATeleop loop time: 33.34ms (30 Hz)
[1ATeleop loop time: 33.36ms (30 Hz)
[1ATeleop loop time: 33.34ms (30 Hz)
[1ATeleop loop time: 33.34ms (30 Hz)
[1ATeleop loop time: 33.34ms (30 Hz)
[1ATeleop loop time: 33.33ms (30 Hz)
[1ATeleop loop time: 33.34ms (30 Hz)
[1ATeleop loop time: 33.34ms (30 Hz)
[1ATeleop loop time: 33.36ms (30 Hz)
[1ATeleop loop time: 33.34ms (30 Hz)
[1ATeleop loop time: 33.34ms (30 Hz)
[1ATeleop loop time: 33.35ms (30 Hz)
[1ATeleop loop time: 33.34ms (30 Hz)
[1ATeleop loop time: 33.34ms (30 Hz)
[1ATeleop loop time: 33.34ms (30 Hz)
[1ATeleop loop time: 33.34ms (30 Hz)
[1ATeleop loop time: 33.34ms (30 Hz)
[1ATeleop loop time: 33.34ms (30 Hz)
[1ATeleop loop time: 33.34ms (30 Hz)
[1ATeleop loop time: 33.34ms (30 Hz)
[1ATeleop loop time: 33.34ms (30 Hz)
[1ATeleop loop time: 33.36ms (30 Hz)
[1ATeleop loop time: 33.34ms (30 Hz)
[1ATeleop loop time: 33.34ms (30 Hz)
[1ATeleop loop time: 33.34ms (30 Hz)
[1ATeleop loop time: 33.34ms (30 Hz)
[1ATeleop loop time: 33.34ms (30 Hz)
[1ATeleop loop time: 33.36ms (30 Hz)
[1ATeleop loop time: 33.34ms (30 Hz)
[1ATeleop loop time: 33.40ms (30 Hz)
[1ATeleop loop time: 33.34ms (30 Hz)
[1ATeleop loop time: 33.34ms (30 Hz)
[1ATeleop loop time: 33.34ms (30 Hz)
[1ATeleop loop time: 33.34ms (30 Hz)
[1ATeleop loop time: 33.34ms (30 Hz)
[1ATeleop loop time: 33.34ms (30 Hz)
[1ATeleop loop time: 33.34ms (30 Hz)
[1ATeleop loop time: 33.34ms (30 Hz)
[1ATeleop loop time: 33.34ms (30 Hz)
[1ATeleop loop time: 33.34ms (30 Hz)
[1ATeleop loop time: 33.34ms (30 Hz)
[1ATeleop loop time: 33.34ms (30 Hz)
[1ATeleop loop time: 33.34ms (30 Hz)
[1ATeleop loop time: 33.34ms (30 Hz)
[1ATeleop loop time: 33.34ms (30 Hz)
[1ATeleop loop time: 33.34ms (30 Hz)
[1ATeleop loop time: 33.34ms (30 Hz)
[1ATeleop loop time: 33.34ms (30 Hz)
[1ATeleop loop time: 33.34ms (30 Hz)
[1ATeleop loop time: 33.34ms (30 Hz)
[1ATeleop loop time: 33.34ms (30 Hz)
[1ATeleop loop time: 33.34ms (30 Hz)
[1ATeleop loop time: 33.34ms (30 Hz)
[1ATeleop loop time: 33.34ms (30 Hz)
[1ATeleop loop time: 33.34ms (30 Hz)
[1ATeleop loop time: 33.34ms (30 Hz)
[1ATeleop loop time: 33.34ms (30 Hz)
[1ATeleop loop time: 33.34ms (30 Hz)
[1ATeleop loop time: 33.37ms (30 Hz)
[1ATeleop loop time: 33.35ms (30 Hz)
[1ATeleop loop time: 33.34ms (30 Hz)
[1ATeleop loop time: 33.34ms (30 Hz)
[1ATeleop loop time: 33.34ms (30 Hz)
[1ATeleop loop time: 33.34ms (30 Hz)
[1ATeleop loop time: 33.34ms (30 Hz)
[1ATeleop loop time: 33.34ms (30 Hz)
[1ATeleop loop time: 33.34ms (30 Hz)
[1ATeleop loop time: 33.34ms (30 Hz)
[1ATeleop loop time: 33.36ms (30 Hz)
[1ATeleop loop time: 33.34ms (30 Hz)
[1ATeleop loop time: 33.34ms (30 Hz)
[1ATeleop loop time: 33.34ms (30 Hz)
[1ATeleop loop time: 33.34ms (30 Hz)
[1ATeleop loop time: 33.34ms (30 Hz)
[1ATeleop loop time: 33.34ms (30 Hz)
[1ATeleop loop time: 33.34ms (30 Hz)
[1ATeleop loop time: 33.34ms (30 Hz)
[1ATeleop loop time: 33.34ms (30 Hz)
[1ATeleop loop time: 33.34ms (30 Hz)
[1ATeleop loop time: 33.36ms (30 Hz)
[1ATeleop loop time: 33.34ms (30 Hz)
[1ATeleop loop time: 33.34ms (30 Hz)
[1ATeleop loop time: 33.34ms (30 Hz)
[1ATeleop loop time: 33.34ms (30 Hz)
[1ATeleop loop time: 33.34ms (30 Hz)
[1ATeleop loop time: 33.36ms (30 Hz)
[1ATeleop loop time: 33.34ms (30 Hz)
[1ATeleop loop time: 33.34ms (30 Hz)
[1ATeleop loop time: 33.34ms (30 Hz)
[1ATeleop loop time: 33.34ms (30 Hz)
[1ATeleop loop time: 33.34ms (30 Hz)
[1ATeleop loop time: 33.34ms (30 Hz)
[1ATeleop loop time: 33.34ms (30 Hz)
[1ATeleop loop time: 33.34ms (30 Hz)
[1ATeleop loop time: 33.34ms (30 Hz)
[1ATeleop loop time: 33.34ms (30 Hz)
[1ATeleop loop time: 33.34ms (30 Hz)
[1ATeleop loop time: 33.35ms (30 Hz)
[1ATeleop loop time: 33.34ms (30 Hz)WARNING 2026-10-07 15:48:20 ts/utils.py:121 Relative goal position magnitude had to be clamped to be safe.
{   'gripper': {   'original goal_pos': 18.9873417721519,
                   'safe goal_pos': 19.87277353689567}}
WARNING 2026-10-07 15:48:20 ts/utils.py:121 Relative goal position magnitude had to be clamped to be safe.
{   'gripper': {   'original goal_pos': 16.604616530156367,
                   'safe goal_pos': 18.40966921119593}}
WARNING 2026-10-07 15:48:20 ts/utils.py:121 Relative goal position magnitude had to be clamped to be safe.
{   'gripper': {   'original goal_pos': 14.519731943410275,
                   'safe goal_pos': 16.882951653944023}}
WARNING 2026-10-07 15:48:20 ts/utils.py:121 Relative goal position magnitude had to be clamped to be safe.
{   'gripper': {   'original goal_pos': 12.807148175725985,
                   'safe goal_pos': 15.419847328244277}}
WARNING 2026-10-07 15:48:20 ts/utils.py:121 Relative goal position magnitude had to be clamped to be safe.
{   'gripper': {   'original goal_pos': 11.69024571854058,
                   'safe goal_pos': 13.956743002544528}}
WARNING 2026-10-07 15:48:20 ts/utils.py:121 Relative goal position magnitude had to be clamped to be safe.
{   'gripper': {   'original goal_pos': 11.020104244229337,
                   'safe goal_pos': 12.493638676844782}}
WARNING 2026-10-07 15:48:21 ts/utils.py:121 Relative goal position magnitude had to be clamped to be safe.
{   'gripper': {   'original goal_pos': 11.020104244229337,
                   'safe goal_pos': 11.030534351145036}}
WARNING 2026-10-07 15:48:21 ts/utils.py:121 Relative goal position magnitude had to be clamped to be safe.
{   'wrist_flex': {   'original goal_pos': 30.021978021978022,
                      'safe goal_pos': 30.86813186813187}}
WARNING 2026-10-07 15:48:21 ts/utils.py:121 Relative goal position magnitude had to be clamped to be safe.
{   'wrist_flex': {   'original goal_pos': 26.32967032967033,
                      'safe goal_pos': 29.81318681318681}}
WARNING 2026-10-07 15:48:21 ts/utils.py:121 Relative goal position magnitude had to be clamped to be safe.
{   'wrist_flex': {   'original goal_pos': 22.54945054945055,
                      'safe goal_pos': 28.230769230769234}}
WARNING 2026-10-07 15:48:21 ts/utils.py:121 Relative goal position magnitude had to be clamped to be safe.
{'wrist_flex': {'original goal_pos': 19.296703296703296, 'safe goal_pos': 27.0}}
WARNING 2026-10-07 15:48:21 ts/utils.py:121 Relative goal position magnitude had to be clamped to be safe.
{   'wrist_flex': {   'original goal_pos': 16.21978021978022,
                      'safe goal_pos': 25.76923076923077}}
WARNING 2026-10-07 15:48:21 ts/utils.py:121 Relative goal position magnitude had to be clamped to be safe.
{   'wrist_flex': {   'original goal_pos': 13.494505494505495,
                      'safe goal_pos': 24.274725274725274}}
WARNING 2026-10-07 15:48:21 ts/utils.py:121 Relative goal position magnitude had to be clamped to be safe.
{   'wrist_flex': {   'original goal_pos': 11.384615384615385,
                      'safe goal_pos': 22.956043956043956}}
WARNING 2026-10-07 15:48:21 ts/utils.py:121 Relative goal position magnitude had to be clamped to be safe.
{   'wrist_flex': {   'original goal_pos': 9.802197802197803,
                      'safe goal_pos': 21.63736263736264}}
WARNING 2026-10-07 15:48:21 ts/utils.py:121 Relative goal position magnitude had to be clamped to be safe.
{   'wrist_flex': {   'original goal_pos': 8.923076923076923,
                      'safe goal_pos': 20.318681318681318}}
WARNING 2026-10-07 15:48:21 ts/utils.py:121 Relative goal position magnitude had to be clamped to be safe.
{   'wrist_flex': {   'original goal_pos': 8.571428571428571,
                      'safe goal_pos': 18.912087912087912}}
WARNING 2026-10-07 15:48:21 ts/utils.py:121 Relative goal position magnitude had to be clamped to be safe.
{   'wrist_flex': {   'original goal_pos': 8.395604395604396,
                      'safe goal_pos': 17.505494505494507}}
WARNING 2026-10-07 15:48:21 ts/utils.py:121 Relative goal position magnitude had to be clamped to be safe.
{   'wrist_flex': {   'original goal_pos': 8.307692307692308,
                      'safe goal_pos': 16.186813186813186}}
WARNING 2026-10-07 15:48:21 ts/utils.py:121 Relative goal position magnitude had to be clamped to be safe.
{   'wrist_flex': {   'original goal_pos': 8.219780219780219,
                      'safe goal_pos': 14.780219780219781}}
WARNING 2026-10-07 15:48:21 ts/utils.py:121 Relative goal position magnitude had to be clamped to be safe.
{   'wrist_flex': {   'original goal_pos': 8.219780219780219,
                      'safe goal_pos': 13.549450549450551}}
WARNING 2026-10-07 15:48:21 ts/utils.py:121 Relative goal position magnitude had to be clamped to be safe.
{   'wrist_flex': {   'original goal_pos': 8.307692307692308,
                      'safe goal_pos': 12.23076923076923}}
WARNING 2026-10-07 15:48:21 ts/utils.py:121 Relative goal position magnitude had to be clamped to be safe.
{   'shoulder_lift': {   'original goal_pos': 125.31868131868131,
                         'safe goal_pos': 126.16483516483515},
    'wrist_flex': {   'original goal_pos': 8.571428571428571,
                      'safe goal_pos': 10.824175824175825}}
WARNING 2026-10-07 15:48:21 ts/utils.py:121 Relative goal position magnitude had to be clamped to be safe.
{   'shoulder_lift': {   'original goal_pos': 123.12087912087912,
                         'safe goal_pos': 125.46153846153845},
    'wrist_flex': {   'original goal_pos': 8.747252747252746,
                      'safe goal_pos': 9.593406593406593}}
WARNING 2026-10-07 15:48:21 ts/utils.py:121 Relative goal position magnitude had to be clamped to be safe.
{   'shoulder_lift': {   'original goal_pos': 120.74725274725274,
                         'safe goal_pos': 124.58241758241758},
    'wrist_roll': {   'original goal_pos': -10.153846153846153,
                      'safe goal_pos': -8.296703296703296}}
WARNING 2026-10-07 15:48:21 ts/utils.py:121 Relative goal position magnitude had to be clamped to be safe.
{   'elbow_flex': {   'original goal_pos': -33.45054945054945,
                      'safe goal_pos': -33.505494505494504},
    'shoulder_lift': {   'original goal_pos': 118.10989010989012,
                         'safe goal_pos': 123.7032967032967},
    'wrist_roll': {   'original goal_pos': -12.527472527472527,
                      'safe goal_pos': -9.791208791208792}}
WARNING 2026-10-07 15:48:21 ts/utils.py:121 Relative goal position magnitude had to be clamped to be safe.
{   'shoulder_lift': {   'original goal_pos': 115.38461538461539,
                         'safe goal_pos': 122.73626373626374},
    'wrist_roll': {   'original goal_pos': -14.021978021978022,
                      'safe goal_pos': -11.285714285714285}}
WARNING 2026-10-07 15:48:21 ts/utils.py:121 Relative goal position magnitude had to be clamped to be safe.
{   'shoulder_lift': {   'original goal_pos': 112.65934065934066,
                         'safe goal_pos': 121.94505494505495},
    'wrist_roll': {   'original goal_pos': -14.54945054945055,
                      'safe goal_pos': -12.780219780219781}}
WARNING 2026-10-07 15:48:21 ts/utils.py:121 Relative goal position magnitude had to be clamped to be safe.
{   'shoulder_lift': {   'original goal_pos': 109.84615384615384,
                         'safe goal_pos': 120.97802197802197},
    'wrist_flex': {   'original goal_pos': 18.945054945054945,
                      'safe goal_pos': 17.835164835164836},
    'wrist_roll': {   'original goal_pos': -14.725274725274724,
                      'safe goal_pos': -14.186813186813186}}
WARNING 2026-10-07 15:48:21 ts/utils.py:121 Relative goal position magnitude had to be clamped to be safe.
{   'elbow_flex': {   'original goal_pos': -27.208791208791208,
                      'safe goal_pos': -27.527472527472526},
    'shoulder_lift': {   'original goal_pos': 107.20879120879121,
                         'safe goal_pos': 120.0989010989011},
    'wrist_flex': {   'original goal_pos': 20.967032967032967,
                      'safe goal_pos': 19.505494505494504}}
WARNING 2026-10-07 15:48:21 ts/utils.py:121 Relative goal position magnitude had to be clamped to be safe.
{   'elbow_flex': {   'original goal_pos': -25.45054945054945,
                      'safe goal_pos': -25.945054945054945},
    'shoulder_lift': {   'original goal_pos': 104.57142857142857,
                         'safe goal_pos': 119.21978021978022},
    'wrist_flex': {   'original goal_pos': 22.725274725274726,
                      'safe goal_pos': 21.087912087912088}}
WARNING 2026-10-07 15:48:21 ts/utils.py:121 Relative goal position magnitude had to be clamped to be safe.
{   'elbow_flex': {   'original goal_pos': -24.043956043956044,
                      'safe goal_pos': -24.36263736263736},
    'shoulder_lift': {   'original goal_pos': 102.02197802197803,
                         'safe goal_pos': 118.34065934065934},
    'wrist_flex': {   'original goal_pos': 24.307692307692307,
                      'safe goal_pos': 22.582417582417584}}
WARNING 2026-10-07 15:48:21 ts/utils.py:121 Relative goal position magnitude had to be clamped to be safe.
{   'elbow_flex': {   'original goal_pos': -22.373626373626372,
                      'safe goal_pos': -22.86813186813187},
    'shoulder_lift': {   'original goal_pos': 99.38461538461539,
                         'safe goal_pos': 117.46153846153847},
    'wrist_flex': {   'original goal_pos': 25.53846153846154,
                      'safe goal_pos': 24.076923076923077}}
WARNING 2026-10-07 15:48:21 ts/utils.py:121 Relative goal position magnitude had to be clamped to be safe.
{   'elbow_flex': {   'original goal_pos': -20.703296703296704,
                      'safe goal_pos': -21.285714285714285},
    'shoulder_lift': {   'original goal_pos': 96.83516483516483,
                         'safe goal_pos': 116.49450549450549},
    'wrist_flex': {   'original goal_pos': 26.32967032967033,
                      'safe goal_pos': 25.65934065934066}}
WARNING 2026-10-07 15:48:21 ts/utils.py:121 Relative goal position magnitude had to be clamped to be safe.
{   'elbow_flex': {   'original goal_pos': -19.12087912087912,
                      'safe goal_pos': -19.703296703296704},
    'shoulder_lift': {   'original goal_pos': 94.02197802197803,
                         'safe goal_pos': 115.61538461538461}}
WARNING 2026-10-07 15:48:21 ts/utils.py:121 Relative goal position magnitude had to be clamped to be safe.
{   'elbow_flex': {   'original goal_pos': -17.53846153846154,
                      'safe goal_pos': -18.208791208791208},
    'shoulder_lift': {   'original goal_pos': 91.12087912087912,
                         'safe goal_pos': 114.56043956043956}}
WARNING 2026-10-07 15:48:22 ts/utils.py:121 Relative goal position magnitude had to be clamped to be safe.
{   'elbow_flex': {   'original goal_pos': -16.307692307692307,
                      'safe goal_pos': -16.714285714285715},
    'shoulder_lift': {   'original goal_pos': 88.3076923076923,
                         'safe goal_pos': 113.68131868131869}}
WARNING 2026-10-07 15:48:22 ts/utils.py:121 Relative goal position magnitude had to be clamped to be safe.
{   'shoulder_lift': {   'original goal_pos': 85.58241758241758,
                         'safe goal_pos': 112.62637362637362}}
WARNING 2026-10-07 15:48:22 ts/utils.py:121 Relative goal position magnitude had to be clamped to be safe.
{   'shoulder_lift': {   'original goal_pos': 83.20879120879121,
                         'safe goal_pos': 111.65934065934066}}
WARNING 2026-10-07 15:48:22 ts/utils.py:121 Relative goal position magnitude had to be clamped to be safe.
{   'shoulder_lift': {   'original goal_pos': 81.01098901098901,
                         'safe goal_pos': 110.6923076923077},
    'wrist_flex': {   'original goal_pos': 35.20879120879121,
                      'safe goal_pos': 32.956043956043956}}
WARNING 2026-10-07 15:48:22 ts/utils.py:121 Relative goal position magnitude had to be clamped to be safe.
{   'shoulder_lift': {   'original goal_pos': 78.98901098901099,
                         'safe goal_pos': 109.63736263736264},
    'wrist_flex': {   'original goal_pos': 39.51648351648352,
                      'safe goal_pos': 34.62637362637363}}
WARNING 2026-10-07 15:48:22 ts/utils.py:121 Relative goal position magnitude had to be clamped to be safe.
{   'shoulder_lift': {   'original goal_pos': 77.14285714285714,
                         'safe goal_pos': 108.75824175824175},
    'wrist_flex': {   'original goal_pos': 43.73626373626374,
                      'safe goal_pos': 36.120879120879124}}
WARNING 2026-10-07 15:48:22 ts/utils.py:121 Relative goal position magnitude had to be clamped to be safe.
{   'shoulder_lift': {   'original goal_pos': 75.47252747252747,
                         'safe goal_pos': 107.7032967032967},
    'wrist_flex': {   'original goal_pos': 47.78021978021978,
                      'safe goal_pos': 37.527472527472526}}
WARNING 2026-10-07 15:48:22 ts/utils.py:121 Relative goal position magnitude had to be clamped to be safe.
{   'shoulder_lift': {   'original goal_pos': 74.15384615384616,
                         'safe goal_pos': 106.64835164835165},
    'wrist_flex': {   'original goal_pos': 51.120879120879124,
                      'safe goal_pos': 39.1978021978022}}
WARNING 2026-10-07 15:48:22 ts/utils.py:121 Relative goal position magnitude had to be clamped to be safe.
{   'shoulder_lift': {   'original goal_pos': 72.92307692307692,
                         'safe goal_pos': 105.68131868131869},
    'wrist_flex': {   'original goal_pos': 54.02197802197802,
                      'safe goal_pos': 40.604395604395606}}
WARNING 2026-10-07 15:48:22 ts/utils.py:121 Relative goal position magnitude had to be clamped to be safe.
{   'shoulder_lift': {   'original goal_pos': 72.04395604395604,
                         'safe goal_pos': 104.53846153846153},
    'wrist_flex': {   'original goal_pos': 55.86813186813187,
                      'safe goal_pos': 42.18681318681319}}
WARNING 2026-10-07 15:48:22 ts/utils.py:121 Relative goal position magnitude had to be clamped to be safe.
{   'shoulder_lift': {   'original goal_pos': 71.34065934065934,
                         'safe goal_pos': 103.57142857142857},
    'wrist_flex': {   'original goal_pos': 56.83516483516483,
                      'safe goal_pos': 43.59340659340659}}
WARNING 2026-10-07 15:48:22 ts/utils.py:121 Relative goal position magnitude had to be clamped to be safe.
{   'shoulder_lift': {   'original goal_pos': 70.98901098901099,
                         'safe goal_pos': 102.51648351648352},
    'wrist_flex': {   'original goal_pos': 57.18681318681319,
                      'safe goal_pos': 45.08791208791209}}
WARNING 2026-10-07 15:48:22 ts/utils.py:121 Relative goal position magnitude had to be clamped to be safe.
{   'shoulder_lift': {   'original goal_pos': 70.81318681318682,
                         'safe goal_pos': 101.46153846153847},
    'wrist_flex': {   'original goal_pos': 57.27472527472528,
                      'safe goal_pos': 46.67032967032967}}
WARNING 2026-10-07 15:48:22 ts/utils.py:121 Relative goal position magnitude had to be clamped to be safe.
{   'shoulder_lift': {   'original goal_pos': 70.81318681318682,
                         'safe goal_pos': 100.49450549450549},
    'wrist_flex': {   'original goal_pos': 57.27472527472528,
                      'safe goal_pos': 48.16483516483517}}
WARNING 2026-10-07 15:48:22 ts/utils.py:121 Relative goal position magnitude had to be clamped to be safe.
{   'shoulder_lift': {   'original goal_pos': 70.81318681318682,
                         'safe goal_pos': 99.43956043956044},
    'wrist_flex': {   'original goal_pos': 57.27472527472528,
                      'safe goal_pos': 49.65934065934066}}
WARNING 2026-10-07 15:48:22 ts/utils.py:121 Relative goal position magnitude had to be clamped to be safe.
{   'shoulder_lift': {   'original goal_pos': 70.9010989010989,
                         'safe goal_pos': 98.38461538461539},
    'wrist_flex': {   'original goal_pos': 57.362637362637365,
                      'safe goal_pos': 51.15384615384615}}
WARNING 2026-10-07 15:48:22 ts/utils.py:121 Relative goal position magnitude had to be clamped to be safe.
{   'shoulder_lift': {   'original goal_pos': 70.9010989010989,
                         'safe goal_pos': 97.32967032967034},
    'wrist_flex': {   'original goal_pos': 57.45054945054945,
                      'safe goal_pos': 52.73626373626374}}
WARNING 2026-10-07 15:48:22 ts/utils.py:121 Relative goal position magnitude had to be clamped to be safe.
{   'shoulder_lift': {   'original goal_pos': 70.98901098901099,
                         'safe goal_pos': 96.27472527472527},
    'wrist_flex': {   'original goal_pos': 57.53846153846154,
                      'safe goal_pos': 54.23076923076923}}
WARNING 2026-10-07 15:48:22 ts/utils.py:121 Relative goal position magnitude had to be clamped to be safe.
{   'shoulder_lift': {   'original goal_pos': 71.34065934065934,
                         'safe goal_pos': 95.21978021978022},
    'wrist_flex': {   'original goal_pos': 58.15384615384615,
                      'safe goal_pos': 55.81318681318681}}
WARNING 2026-10-07 15:48:22 ts/utils.py:121 Relative goal position magnitude had to be clamped to be safe.
{   'shoulder_lift': {   'original goal_pos': 72.04395604395604,
                         'safe goal_pos': 94.16483516483517},
    'wrist_flex': {   'original goal_pos': 59.38461538461539,
                      'safe goal_pos': 57.30769230769231}}
WARNING 2026-10-07 15:48:22 ts/utils.py:121 Relative goal position magnitude had to be clamped to be safe.
{   'shoulder_lift': {   'original goal_pos': 73.0989010989011,
                         'safe goal_pos': 93.10989010989012},
    'wrist_flex': {   'original goal_pos': 60.43956043956044,
                      'safe goal_pos': 58.8021978021978}}
WARNING 2026-10-07 15:48:22 ts/utils.py:121 Relative goal position magnitude had to be clamped to be safe.
{   'shoulder_lift': {   'original goal_pos': 74.50549450549451,
                         'safe goal_pos': 92.05494505494505},
    'wrist_flex': {   'original goal_pos': 61.23076923076923,
                      'safe goal_pos': 60.2967032967033}}
WARNING 2026-10-07 15:48:22 ts/utils.py:121 Relative goal position magnitude had to be clamped to be safe.
{   'shoulder_lift': {   'original goal_pos': 76.17582417582418,
                         'safe goal_pos': 91.08791208791209}}
WARNING 2026-10-07 15:48:22 ts/utils.py:121 Relative goal position magnitude had to be clamped to be safe.
{   'shoulder_lift': {   'original goal_pos': 78.02197802197803,
                         'safe goal_pos': 90.03296703296704}}
WARNING 2026-10-07 15:48:22 ts/utils.py:121 Relative goal position magnitude had to be clamped to be safe.
{   'shoulder_lift': {   'original goal_pos': 79.86813186813187,
                         'safe goal_pos': 88.97802197802197}}
WARNING 2026-10-07 15:48:22 ts/utils.py:121 Relative goal position magnitude had to be clamped to be safe.
{   'shoulder_lift': {   'original goal_pos': 81.62637362637362,
                         'safe goal_pos': 87.92307692307692}}
WARNING 2026-10-07 15:48:22 ts/utils.py:121 Relative goal position magnitude had to be clamped to be safe.
{   'shoulder_lift': {   'original goal_pos': 83.2967032967033,
                         'safe goal_pos': 86.95604395604396}}
WARNING 2026-10-07 15:48:22 ts/utils.py:121 Relative goal position magnitude had to be clamped to be safe.
{   'shoulder_lift': {   'original goal_pos': 84.96703296703296,
                         'safe goal_pos': 85.81318681318682}}
WARNING 2026-10-07 15:48:23 ts/utils.py:121 Relative goal position magnitude had to be clamped to be safe.
{   'wrist_flex': {   'original goal_pos': 53.582417582417584,
                      'safe goal_pos': 55.48351648351648}}
WARNING 2026-10-07 15:48:23 ts/utils.py:121 Relative goal position magnitude had to be clamped to be safe.
{   'wrist_flex': {   'original goal_pos': 49.45054945054945,
                      'safe goal_pos': 54.16483516483517}}
WARNING 2026-10-07 15:48:23 ts/utils.py:121 Relative goal position magnitude had to be clamped to be safe.
{   'wrist_flex': {   'original goal_pos': 44.7032967032967,
                      'safe goal_pos': 52.67032967032967}}
WARNING 2026-10-07 15:48:23 ts/utils.py:121 Relative goal position magnitude had to be clamped to be safe.
{   'wrist_flex': {   'original goal_pos': 40.13186813186813,
                      'safe goal_pos': 51.35164835164835}}
WARNING 2026-10-07 15:48:23 ts/utils.py:121 Relative goal position magnitude had to be clamped to be safe.
{'wrist_flex': {'original goal_pos': 36.0, 'safe goal_pos': 49.94505494505494}}
WARNING 2026-10-07 15:48:23 ts/utils.py:121 Relative goal position magnitude had to be clamped to be safe.
{   'wrist_flex': {   'original goal_pos': 32.65934065934066,
                      'safe goal_pos': 48.714285714285715}}
WARNING 2026-10-07 15:48:23 ts/utils.py:121 Relative goal position magnitude had to be clamped to be safe.
{   'wrist_flex': {   'original goal_pos': 30.10989010989011,
                      'safe goal_pos': 47.21978021978022}}
WARNING 2026-10-07 15:48:23 ts/utils.py:121 Relative goal position magnitude had to be clamped to be safe.
{   'wrist_flex': {   'original goal_pos': 28.35164835164835,
                      'safe goal_pos': 45.989010989010985}}
WARNING 2026-10-07 15:48:23 ts/utils.py:121 Relative goal position magnitude had to be clamped to be safe.
{   'wrist_flex': {   'original goal_pos': 27.032967032967033,
                      'safe goal_pos': 44.75824175824176}}
WARNING 2026-10-07 15:48:23 ts/utils.py:121 Relative goal position magnitude had to be clamped to be safe.
{   'wrist_flex': {   'original goal_pos': 25.802197802197803,
                      'safe goal_pos': 43.35164835164835}}
WARNING 2026-10-07 15:48:23 ts/utils.py:121 Relative goal position magnitude had to be clamped to be safe.
{   'wrist_flex': {   'original goal_pos': 24.65934065934066,
                      'safe goal_pos': 42.120879120879124}}
WARNING 2026-10-07 15:48:23 ts/utils.py:121 Relative goal position magnitude had to be clamped to be safe.
{   'wrist_flex': {   'original goal_pos': 23.604395604395606,
                      'safe goal_pos': 40.62637362637363}}
WARNING 2026-10-07 15:48:23 ts/utils.py:121 Relative goal position magnitude had to be clamped to be safe.
{   'wrist_flex': {   'original goal_pos': 22.725274725274726,
                      'safe goal_pos': 39.395604395604394}}
WARNING 2026-10-07 15:48:23 ts/utils.py:121 Relative goal position magnitude had to be clamped to be safe.
{   'wrist_flex': {   'original goal_pos': 21.934065934065934,
                      'safe goal_pos': 38.07692307692308}}
WARNING 2026-10-07 15:48:23 ts/utils.py:121 Relative goal position magnitude had to be clamped to be safe.
{   'wrist_flex': {   'original goal_pos': 21.23076923076923,
                      'safe goal_pos': 36.75824175824176}}
WARNING 2026-10-07 15:48:23 ts/utils.py:121 Relative goal position magnitude had to be clamped to be safe.
{   'wrist_flex': {   'original goal_pos': 20.52747252747253,
                      'safe goal_pos': 35.43956043956044}}
WARNING 2026-10-07 15:48:23 ts/utils.py:121 Relative goal position magnitude had to be clamped to be safe.
{   'wrist_flex': {   'original goal_pos': 20.263736263736263,
                      'safe goal_pos': 34.120879120879124}}
WARNING 2026-10-07 15:48:23 ts/utils.py:121 Relative goal position magnitude had to be clamped to be safe.
{   'wrist_flex': {   'original goal_pos': 20.175824175824175,
                      'safe goal_pos': 32.714285714285715}}
WARNING 2026-10-07 15:48:23 ts/utils.py:121 Relative goal position magnitude had to be clamped to be safe.
{   'wrist_flex': {   'original goal_pos': 20.175824175824175,
                      'safe goal_pos': 31.395604395604394}}
WARNING 2026-10-07 15:48:23 ts/utils.py:121 Relative goal position magnitude had to be clamped to be safe.
{   'wrist_flex': {   'original goal_pos': 20.175824175824175,
                      'safe goal_pos': 30.164835164835168}}
WARNING 2026-10-07 15:48:23 ts/utils.py:121 Relative goal position magnitude had to be clamped to be safe.
{   'wrist_flex': {   'original goal_pos': 20.175824175824175,
                      'safe goal_pos': 28.75824175824176}}
WARNING 2026-10-07 15:48:23 ts/utils.py:121 Relative goal position magnitude had to be clamped to be safe.
{   'wrist_flex': {   'original goal_pos': 20.35164835164835,
                      'safe goal_pos': 27.527472527472526}}
WARNING 2026-10-07 15:48:23 ts/utils.py:121 Relative goal position magnitude had to be clamped to be safe.
{   'wrist_flex': {   'original goal_pos': 20.439560439560438,
                      'safe goal_pos': 26.12087912087912}}
WARNING 2026-10-07 15:48:23 ts/utils.py:121 Relative goal position magnitude had to be clamped to be safe.
{   'wrist_flex': {   'original goal_pos': 20.52747252747253,
                      'safe goal_pos': 24.802197802197803}}
WARNING 2026-10-07 15:48:23 ts/utils.py:121 Relative goal position magnitude had to be clamped to be safe.
{   'wrist_flex': {   'original goal_pos': 21.23076923076923,
                      'safe goal_pos': 23.571428571428573}}
WARNING 2026-10-07 15:48:24 ts/utils.py:121 Relative goal position magnitude had to be clamped to be safe.
{   'shoulder_lift': {   'original goal_pos': 102.1978021978022,
                         'safe goal_pos': 102.05494505494505}}
WARNING 2026-10-07 15:48:24 ts/utils.py:121 Relative goal position magnitude had to be clamped to be safe.
{   'shoulder_lift': {   'original goal_pos': 104.3076923076923,
                         'safe goal_pos': 103.63736263736264}}
WARNING 2026-10-07 15:48:24 ts/utils.py:121 Relative goal position magnitude had to be clamped to be safe.
{   'shoulder_lift': {   'original goal_pos': 106.32967032967034,
                         'safe goal_pos': 105.3076923076923}}
WARNING 2026-10-07 15:48:24 ts/utils.py:121 Relative goal position magnitude had to be clamped to be safe.
{   'shoulder_lift': {   'original goal_pos': 108.61538461538461,
                         'safe goal_pos': 106.89010989010988}}
WARNING 2026-10-07 15:48:24 ts/utils.py:121 Relative goal position magnitude had to be clamped to be safe.
{   'shoulder_lift': {   'original goal_pos': 110.72527472527473,
                         'safe goal_pos': 108.56043956043956}}
WARNING 2026-10-07 15:48:24 ts/utils.py:121 Relative goal position magnitude had to be clamped to be safe.
{   'shoulder_lift': {   'original goal_pos': 113.01098901098901,
                         'safe goal_pos': 110.14285714285714}}
WARNING 2026-10-07 15:48:24 ts/utils.py:121 Relative goal position magnitude had to be clamped to be safe.
{   'shoulder_lift': {   'original goal_pos': 115.12087912087912,
                         'safe goal_pos': 111.81318681318682},
    'wrist_flex': {   'original goal_pos': 12.615384615384615,
                      'safe goal_pos': 12.846153846153847}}
WARNING 2026-10-07 15:48:24 ts/utils.py:121 Relative goal position magnitude had to be clamped to be safe.
{   'shoulder_lift': {   'original goal_pos': 117.31868131868131,
                         'safe goal_pos': 113.48351648351648},
    'wrist_flex': {   'original goal_pos': 11.032967032967033,
                      'safe goal_pos': 11.52747252747253}}
WARNING 2026-10-07 15:48:24 ts/utils.py:121 Relative goal position magnitude had to be clamped to be safe.
{   'shoulder_lift': {   'original goal_pos': 119.51648351648352,
                         'safe goal_pos': 115.06593406593407},
    'wrist_flex': {   'original goal_pos': 9.538461538461538,
                      'safe goal_pos': 10.12087912087912}}
WARNING 2026-10-07 15:48:24 ts/utils.py:121 Relative goal position magnitude had to be clamped to be safe.
{   'shoulder_lift': {   'original goal_pos': 121.53846153846153,
                         'safe goal_pos': 116.73626373626374},
    'wrist_flex': {   'original goal_pos': 8.131868131868131,
                      'safe goal_pos': 8.802197802197803}}
WARNING 2026-10-07 15:48:24 ts/utils.py:121 Relative goal position magnitude had to be clamped to be safe.
{   'shoulder_lift': {   'original goal_pos': 123.64835164835165,
                         'safe goal_pos': 118.49450549450549},
    'wrist_flex': {   'original goal_pos': 6.9010989010989015,
                      'safe goal_pos': 7.483516483516484}}
WARNING 2026-10-07 15:48:24 ts/utils.py:121 Relative goal position magnitude had to be clamped to be safe.
{   'elbow_flex': {   'original goal_pos': -23.516483516483518,
                      'safe goal_pos': -23.46153846153846},
    'shoulder_lift': {   'original goal_pos': 125.67032967032966,
                         'safe goal_pos': 120.16483516483517},
    'wrist_flex': {   'original goal_pos': 5.934065934065934,
                      'safe goal_pos': 6.164835164835164}}
WARNING 2026-10-07 15:48:24 ts/utils.py:121 Relative goal position magnitude had to be clamped to be safe.
{   'elbow_flex': {   'original goal_pos': -25.01098901098901,
                      'safe goal_pos': -24.692307692307693},
    'shoulder_lift': {   'original goal_pos': 127.6923076923077,
                         'safe goal_pos': 121.83516483516483}}
WARNING 2026-10-07 15:48:24 ts/utils.py:121 Relative goal position magnitude had to be clamped to be safe.
{   'elbow_flex': {   'original goal_pos': -26.76923076923077,
                      'safe goal_pos': -25.923076923076923},
    'shoulder_lift': {   'original goal_pos': 129.8021978021978,
                         'safe goal_pos': 123.5934065934066}}
WARNING 2026-10-07 15:48:24 ts/utils.py:121 Relative goal position magnitude had to be clamped to be safe.
{   'elbow_flex': {   'original goal_pos': -28.703296703296704,
                      'safe goal_pos': -27.153846153846153},
    'shoulder_lift': {   'original goal_pos': 131.82417582417582,
                         'safe goal_pos': 125.26373626373626},
    'wrist_roll': {   'original goal_pos': 5.934065934065934,
                      'safe goal_pos': 4.78021978021978}}
WARNING 2026-10-07 15:48:24 ts/utils.py:121 Relative goal position magnitude had to be clamped to be safe.
{   'elbow_flex': {   'original goal_pos': -30.63736263736264,
                      'safe goal_pos': -28.384615384615383},
    'shoulder_lift': {   'original goal_pos': 134.02197802197801,
                         'safe goal_pos': 126.84615384615384},
    'wrist_roll': {   'original goal_pos': 7.428571428571429,
                      'safe goal_pos': 6.450549450549451}}
WARNING 2026-10-07 15:48:24 ts/utils.py:121 Relative goal position magnitude had to be clamped to be safe.
{   'elbow_flex': {   'original goal_pos': -32.48351648351648,
                      'safe goal_pos': -29.703296703296704},
    'shoulder_lift': {   'original goal_pos': 136.30769230769232,
                         'safe goal_pos': 128.69230769230768},
    'wrist_roll': {   'original goal_pos': 8.395604395604396,
                      'safe goal_pos': 7.681318681318681}}
WARNING 2026-10-07 15:48:24 ts/utils.py:121 Relative goal position magnitude had to be clamped to be safe.
{   'elbow_flex': {   'original goal_pos': -34.32967032967033,
                      'safe goal_pos': -30.934065934065934},
    'shoulder_lift': {   'original goal_pos': 138.24175824175825,
                         'safe goal_pos': 130.36263736263737}}
WARNING 2026-10-07 15:48:24 ts/utils.py:121 Relative goal position magnitude had to be clamped to be safe.
{   'elbow_flex': {   'original goal_pos': -36.7032967032967,
                      'safe goal_pos': -32.252747252747255},
    'shoulder_lift': {   'original goal_pos': 140.17582417582418,
                         'safe goal_pos': 132.12087912087912}}
WARNING 2026-10-07 15:48:24 ts/utils.py:121 Relative goal position magnitude had to be clamped to be safe.
{   'elbow_flex': {   'original goal_pos': -39.16483516483517,
                      'safe goal_pos': -33.48351648351648},
    'shoulder_lift': {   'original goal_pos': 141.84615384615384,
                         'safe goal_pos': 133.7912087912088}}
WARNING 2026-10-07 15:48:24 ts/utils.py:121 Relative goal position magnitude had to be clamped to be safe.
{   'elbow_flex': {   'original goal_pos': -41.27472527472528,
                      'safe goal_pos': -34.714285714285715},
    'shoulder_lift': {   'original goal_pos': 143.25274725274724,
                         'safe goal_pos': 135.37362637362637}}
WARNING 2026-10-07 15:48:24 ts/utils.py:121 Relative goal position magnitude had to be clamped to be safe.
{   'elbow_flex': {   'original goal_pos': -43.032967032967036,
                      'safe goal_pos': -36.032967032967036},
    'shoulder_lift': {   'original goal_pos': 144.4835164835165,
                         'safe goal_pos': 137.21978021978023}}
WARNING 2026-10-07 15:48:24 ts/utils.py:121 Relative goal position magnitude had to be clamped to be safe.
{   'elbow_flex': {   'original goal_pos': -44.967032967032964,
                      'safe goal_pos': -37.35164835164835},
    'shoulder_lift': {   'original goal_pos': 145.62637362637363,
                         'safe goal_pos': 138.8901098901099}}
WARNING 2026-10-07 15:48:24 ts/utils.py:121 Relative goal position magnitude had to be clamped to be safe.
{   'elbow_flex': {   'original goal_pos': -47.16483516483517,
                      'safe goal_pos': -38.67032967032967},
    'shoulder_lift': {   'original goal_pos': 146.5054945054945,
                         'safe goal_pos': 140.64835164835165}}
WARNING 2026-10-07 15:48:24 ts/utils.py:121 Relative goal position magnitude had to be clamped to be safe.
{   'elbow_flex': {   'original goal_pos': -49.27472527472528,
                      'safe goal_pos': -39.9010989010989},
    'shoulder_lift': {   'original goal_pos': 147.2967032967033,
                         'safe goal_pos': 142.4065934065934}}
WARNING 2026-10-07 15:48:25 ts/utils.py:121 Relative goal position magnitude had to be clamped to be safe.
{   'elbow_flex': {   'original goal_pos': -50.76923076923077,
                      'safe goal_pos': -41.21978021978022},
    'shoulder_lift': {   'original goal_pos': 147.82417582417582,
                         'safe goal_pos': 144.16483516483515}}
WARNING 2026-10-07 15:48:25 ts/utils.py:121 Relative goal position magnitude had to be clamped to be safe.
{   'elbow_flex': {   'original goal_pos': -51.73626373626374,
                      'safe goal_pos': -42.53846153846154},
    'shoulder_lift': {   'original goal_pos': 148.0,
                         'safe goal_pos': 145.92307692307693}}
WARNING 2026-10-07 15:48:25 ts/utils.py:121 Relative goal position magnitude had to be clamped to be safe.
{   'elbow_flex': {   'original goal_pos': -52.26373626373626,
                      'safe goal_pos': -43.857142857142854},
    'shoulder_lift': {   'original goal_pos': 148.0,
                         'safe goal_pos': 147.6813186813187}}
WARNING 2026-10-07 15:48:25 ts/utils.py:121 Relative goal position magnitude had to be clamped to be safe.
{   'elbow_flex': {   'original goal_pos': -53.05494505494506,
                      'safe goal_pos': -45.08791208791209}}
WARNING 2026-10-07 15:48:25 ts/utils.py:121 Relative goal position magnitude had to be clamped to be safe.
{   'elbow_flex': {   'original goal_pos': -54.10989010989011,
                      'safe goal_pos': -46.40659340659341}}
WARNING 2026-10-07 15:48:25 ts/utils.py:121 Relative goal position magnitude had to be clamped to be safe.
{   'elbow_flex': {   'original goal_pos': -55.42857142857143,
                      'safe goal_pos': -47.72527472527472}}
WARNING 2026-10-07 15:48:25 ts/utils.py:121 Relative goal position magnitude had to be clamped to be safe.
{   'elbow_flex': {   'original goal_pos': -56.92307692307692,
                      'safe goal_pos': -48.86813186813187}}
WARNING 2026-10-07 15:48:25 ts/utils.py:121 Relative goal position magnitude had to be clamped to be safe.
{   'elbow_flex': {   'original goal_pos': -57.89010989010989,
                      'safe goal_pos': -50.27472527472528}}
WARNING 2026-10-07 15:48:25 ts/utils.py:121 Relative goal position magnitude had to be clamped to be safe.
{   'elbow_flex': {   'original goal_pos': -58.24175824175824,
                      'safe goal_pos': -51.59340659340659}}
WARNING 2026-10-07 15:48:25 ts/utils.py:121 Relative goal position magnitude had to be clamped to be safe.
{   'elbow_flex': {   'original goal_pos': -58.505494505494504,
                      'safe goal_pos': -52.73626373626374}}
WARNING 2026-10-07 15:48:25 ts/utils.py:121 Relative goal position magnitude had to be clamped to be safe.
{   'elbow_flex': {   'original goal_pos': -58.857142857142854,
                      'safe goal_pos': -54.142857142857146},
    'wrist_flex': {   'original goal_pos': 7.516483516483516,
                      'safe goal_pos': 7.373626373626374}}
WARNING 2026-10-07 15:48:25 ts/utils.py:121 Relative goal position magnitude had to be clamped to be safe.
{   'elbow_flex': {   'original goal_pos': -59.2967032967033,
                      'safe goal_pos': -55.285714285714285}}
WARNING 2026-10-07 15:48:25 ts/utils.py:121 Relative goal position magnitude had to be clamped to be safe.
{   'elbow_flex': {   'original goal_pos': -59.2967032967033,
                      'safe goal_pos': -56.69230769230769}}
WARNING 2026-10-07 15:48:25 ts/utils.py:121 Relative goal position magnitude had to be clamped to be safe.
{   'elbow_flex': {   'original goal_pos': -59.2967032967033,
                      'safe goal_pos': -57.747252747252745}}
WARNING 2026-10-07 15:48:25 ts/utils.py:121 Relative goal position magnitude had to be clamped to be safe.
{   'elbow_flex': {   'original goal_pos': -59.2967032967033,
                      'safe goal_pos': -58.97802197802198}}
WARNING 2026-10-07 15:48:26 ts/utils.py:121 Relative goal position magnitude had to be clamped to be safe.
{   'gripper': {   'original goal_pos': 14.668652271034995,
                   'safe goal_pos': 12.315521628498729}}
WARNING 2026-10-07 15:48:26 ts/utils.py:121 Relative goal position magnitude had to be clamped to be safe.
{   'gripper': {   'original goal_pos': 18.838421444527178,
                   'safe goal_pos': 13.651399491094146}}
WARNING 2026-10-07 15:48:26 ts/utils.py:121 Relative goal position magnitude had to be clamped to be safe.
{   'gripper': {   'original goal_pos': 23.231571109456443,
                   'safe goal_pos': 15.241730279898219}}
WARNING 2026-10-07 15:48:26 ts/utils.py:121 Relative goal position magnitude had to be clamped to be safe.
{   'gripper': {   'original goal_pos': 27.55026061057334,
                   'safe goal_pos': 16.577608142493638}}
WARNING 2026-10-07 15:48:26 ts/utils.py:121 Relative goal position magnitude had to be clamped to be safe.
{   'gripper': {   'original goal_pos': 31.347728965003725,
                   'safe goal_pos': 18.040712468193384}}
WARNING 2026-10-07 15:48:26 ts/utils.py:121 Relative goal position magnitude had to be clamped to be safe.
{   'gripper': {   'original goal_pos': 34.47505584512286,
                   'safe goal_pos': 19.44020356234097}}
WARNING 2026-10-07 15:48:26 ts/utils.py:121 Relative goal position magnitude had to be clamped to be safe.
{   'gripper': {   'original goal_pos': 36.708860759493675,
                   'safe goal_pos': 20.903307888040715}}
WARNING 2026-10-07 15:48:26 ts/utils.py:121 Relative goal position magnitude had to be clamped to be safe.
{   'gripper': {   'original goal_pos': 37.90022338049144,
                   'safe goal_pos': 22.302798982188293}}
WARNING 2026-10-07 15:48:26 ts/utils.py:121 Relative goal position magnitude had to be clamped to be safe.
{   'gripper': {   'original goal_pos': 38.27252419955324,
                   'safe goal_pos': 23.765903307888042}}
WARNING 2026-10-07 15:48:26 ts/utils.py:121 Relative goal position magnitude had to be clamped to be safe.
{   'gripper': {   'original goal_pos': 38.19806403574088,
                   'safe goal_pos': 25.165394402035624}}
WARNING 2026-10-07 15:48:26 ts/utils.py:121 Relative goal position magnitude had to be clamped to be safe.
{   'gripper': {   'original goal_pos': 38.19806403574088,
                   'safe goal_pos': 26.62849872773537}}
WARNING 2026-10-07 15:48:26 ts/utils.py:121 Relative goal position magnitude had to be clamped to be safe.
{   'gripper': {   'original goal_pos': 38.19806403574088,
                   'safe goal_pos': 28.02798982188295},
    'shoulder_lift': {   'original goal_pos': 142.46153846153845,
                         'safe goal_pos': 143.4835164835165},
    'wrist_roll': {   'original goal_pos': -5.318681318681318,
                      'safe goal_pos': -4.164835164835165}}
WARNING 2026-10-07 15:48:26 ts/utils.py:121 Relative goal position magnitude had to be clamped to be safe.
{   'elbow_flex': {   'original goal_pos': -53.142857142857146,
                      'safe goal_pos': -54.07692307692308},
    'gripper': {   'original goal_pos': 38.19806403574088,
                   'safe goal_pos': 29.491094147582697},
    'shoulder_lift': {   'original goal_pos': 139.2967032967033,
                         'safe goal_pos': 143.04395604395606},
    'wrist_roll': {   'original goal_pos': -8.219780219780219,
                      'safe goal_pos': -5.571428571428571}}
WARNING 2026-10-07 15:48:26 ts/utils.py:121 Relative goal position magnitude had to be clamped to be safe.
{   'elbow_flex': {   'original goal_pos': -50.32967032967033,
                      'safe goal_pos': -52.67032967032967},
    'gripper': {   'original goal_pos': 38.19806403574088,
                   'safe goal_pos': 30.890585241730278},
    'shoulder_lift': {   'original goal_pos': 135.78021978021977,
                         'safe goal_pos': 142.16483516483515},
    'wrist_roll': {   'original goal_pos': -10.505494505494505,
                      'safe goal_pos': -7.153846153846153}}
WARNING 2026-10-07 15:48:26 ts/utils.py:121 Relative goal position magnitude had to be clamped to be safe.
{   'elbow_flex': {   'original goal_pos': -47.86813186813187,
                      'safe goal_pos': -51.0},
    'gripper': {   'original goal_pos': 38.19806403574088,
                   'safe goal_pos': 32.290076335877856},
    'shoulder_lift': {   'original goal_pos': 132.17582417582418,
                         'safe goal_pos': 141.37362637362637},
    'wrist_flex': {   'original goal_pos': 19.12087912087912,
                      'safe goal_pos': 18.362637362637365},
    'wrist_roll': {   'original goal_pos': -11.912087912087912,
                      'safe goal_pos': -8.648351648351648}}
WARNING 2026-10-07 15:48:26 ts/utils.py:121 Relative goal position magnitude had to be clamped to be safe.
{   'elbow_flex': {   'original goal_pos': -45.84615384615385,
                      'safe goal_pos': -49.417582417582416},
    'gripper': {   'original goal_pos': 38.19806403574088,
                   'safe goal_pos': 33.68956743002545},
    'shoulder_lift': {   'original goal_pos': 128.21978021978023,
                         'safe goal_pos': 140.58241758241758},
    'wrist_flex': {   'original goal_pos': 23.604395604395606,
                      'safe goal_pos': 19.24175824175824},
    'wrist_roll': {   'original goal_pos': -12.0,
                      'safe goal_pos': -10.054945054945055}}
WARNING 2026-10-07 15:48:26 ts/utils.py:121 Relative goal position magnitude had to be clamped to be safe.
{   'elbow_flex': {   'original goal_pos': -44.175824175824175,
                      'safe goal_pos': -47.92307692307692},
    'gripper': {   'original goal_pos': 38.19806403574088,
                   'safe goal_pos': 35.089058524173026},
    'shoulder_lift': {   'original goal_pos': 124.35164835164835,
                         'safe goal_pos': 139.7912087912088},
    'wrist_flex': {   'original goal_pos': 28.087912087912088,
                      'safe goal_pos': 21.0},
    'wrist_roll': {   'original goal_pos': -11.824175824175825,
                      'safe goal_pos': -11.54945054945055}}
WARNING 2026-10-07 15:48:26 ts/utils.py:121 Relative goal position magnitude had to be clamped to be safe.
{   'elbow_flex': {   'original goal_pos': -42.505494505494504,
                      'safe goal_pos': -46.34065934065934},
    'gripper': {   'original goal_pos': 38.19806403574088,
                   'safe goal_pos': 36.48854961832061},
    'shoulder_lift': {   'original goal_pos': 120.74725274725274,
                         'safe goal_pos': 139.0879120879121},
    'wrist_flex': {   'original goal_pos': 33.010989010989015,
                      'safe goal_pos': 22.582417582417584}}
WARNING 2026-10-07 15:48:26 ts/utils.py:121 Relative goal position magnitude had to be clamped to be safe.
{   'elbow_flex': {   'original goal_pos': -40.57142857142857,
                      'safe goal_pos': -44.84615384615385},
    'gripper': {   'original goal_pos': 38.19806403574088,
                   'safe goal_pos': 37.95165394402035},
    'shoulder_lift': {   'original goal_pos': 116.96703296703296,
                         'safe goal_pos': 138.3846153846154},
    'wrist_flex': {   'original goal_pos': 37.494505494505496,
                      'safe goal_pos': 23.98901098901099}}
WARNING 2026-10-07 15:48:26 ts/utils.py:121 Relative goal position magnitude had to be clamped to be safe.
{   'elbow_flex': {   'original goal_pos': -38.72527472527472,
                      'safe goal_pos': -43.26373626373626},
    'shoulder_lift': {   'original goal_pos': 113.18681318681318,
                         'safe goal_pos': 137.5934065934066},
    'wrist_flex': {   'original goal_pos': 41.8021978021978,
                      'safe goal_pos': 25.65934065934066}}
WARNING 2026-10-07 15:48:26 ts/utils.py:121 Relative goal position magnitude had to be clamped to be safe.
{   'elbow_flex': {   'original goal_pos': -37.23076923076923,
                      'safe goal_pos': -41.68131868131868},
    'shoulder_lift': {   'original goal_pos': 109.58241758241758,
                         'safe goal_pos': 136.8901098901099},
    'wrist_flex': {   'original goal_pos': 45.67032967032967,
                      'safe goal_pos': 27.153846153846153}}
WARNING 2026-10-07 15:48:26 ts/utils.py:121 Relative goal position magnitude had to be clamped to be safe.
{   'elbow_flex': {   'original goal_pos': -36.08791208791209,
                      'safe goal_pos': -40.18681318681319},
    'shoulder_lift': {   'original goal_pos': 105.89010989010988,
                         'safe goal_pos': 136.0989010989011},
    'wrist_flex': {   'original goal_pos': 49.53846153846154,
                      'safe goal_pos': 28.64835164835165}}
WARNING 2026-10-07 15:48:26 ts/utils.py:121 Relative goal position magnitude had to be clamped to be safe.
{   'elbow_flex': {   'original goal_pos': -35.2967032967033,
                      'safe goal_pos': -38.604395604395606},
    'shoulder_lift': {   'original goal_pos': 102.46153846153847,
                         'safe goal_pos': 135.3956043956044},
    'wrist_flex': {   'original goal_pos': 53.75824175824176,
                      'safe goal_pos': 30.23076923076923}}
WARNING 2026-10-07 15:48:26 ts/utils.py:121 Relative goal position magnitude had to be clamped to be safe.
{   'elbow_flex': {   'original goal_pos': -34.76923076923077,
                      'safe goal_pos': -37.1978021978022},
    'shoulder_lift': {   'original goal_pos': 99.03296703296704,
                         'safe goal_pos': 134.6043956043956},
    'wrist_flex': {   'original goal_pos': 58.32967032967033,
                      'safe goal_pos': 31.725274725274726}}
WARNING 2026-10-07 15:48:26 ts/utils.py:121 Relative goal position magnitude had to be clamped to be safe.
{   'elbow_flex': {   'original goal_pos': -34.32967032967033,
                      'safe goal_pos': -35.61538461538461},
    'shoulder_lift': {   'original goal_pos': 95.95604395604396,
                         'safe goal_pos': 133.72527472527472},
    'wrist_flex': {   'original goal_pos': 63.07692307692308,
                      'safe goal_pos': 33.21978021978022}}
WARNING 2026-10-07 15:48:26 ts/utils.py:121 Relative goal position magnitude had to be clamped to be safe.
{   'shoulder_lift': {   'original goal_pos': 92.79120879120879,
                         'safe goal_pos': 132.93406593406593},
    'wrist_flex': {   'original goal_pos': 67.56043956043956,
                      'safe goal_pos': 34.714285714285715}}
WARNING 2026-10-07 15:48:26 ts/utils.py:121 Relative goal position magnitude had to be clamped to be safe.
{   'shoulder_lift': {   'original goal_pos': 89.89010989010988,
                         'safe goal_pos': 132.05494505494505},
    'wrist_flex': {   'original goal_pos': 72.21978021978022,
                      'safe goal_pos': 36.2967032967033}}
WARNING 2026-10-07 15:48:26 ts/utils.py:121 Relative goal position magnitude had to be clamped to be safe.
{   'shoulder_lift': {   'original goal_pos': 86.98901098901099,
                         'safe goal_pos': 131.17582417582418},
    'wrist_flex': {   'original goal_pos': 76.87912087912088,
                      'safe goal_pos': 37.7032967032967}}
WARNING 2026-10-07 15:48:26 ts/utils.py:121 Relative goal position magnitude had to be clamped to be safe.
{   'shoulder_lift': {   'original goal_pos': 84.52747252747253,
                         'safe goal_pos': 130.12087912087912},
    'wrist_flex': {   'original goal_pos': 81.01098901098901,
                      'safe goal_pos': 39.1978021978022}}
WARNING 2026-10-07 15:48:27 ts/utils.py:121 Relative goal position magnitude had to be clamped to be safe.
{   'shoulder_lift': {   'original goal_pos': 82.24175824175825,
                         'safe goal_pos': 129.15384615384616},
    'wrist_flex': {   'original goal_pos': 84.35164835164835,
                      'safe goal_pos': 40.69230769230769}}
WARNING 2026-10-07 15:48:27 ts/utils.py:121 Relative goal position magnitude had to be clamped to be safe.
{   'shoulder_lift': {   'original goal_pos': 80.3076923076923,
                         'safe goal_pos': 128.0989010989011},
    'wrist_flex': {   'original goal_pos': 87.07692307692308,
                      'safe goal_pos': 42.18681318681319}}
WARNING 2026-10-07 15:48:27 ts/utils.py:121 Relative goal position magnitude had to be clamped to be safe.
{   'shoulder_lift': {   'original goal_pos': 78.9010989010989,
                         'safe goal_pos': 127.04395604395606},
    'wrist_flex': {   'original goal_pos': 88.83516483516483,
                      'safe goal_pos': 43.59340659340659}}
WARNING 2026-10-07 15:48:27 ts/utils.py:121 Relative goal position magnitude had to be clamped to be safe.
{   'shoulder_lift': {   'original goal_pos': 77.84615384615384,
                         'safe goal_pos': 126.07692307692307},
    'wrist_flex': {   'original goal_pos': 89.8021978021978,
                      'safe goal_pos': 45.08791208791209}}
WARNING 2026-10-07 15:48:27 ts/utils.py:121 Relative goal position magnitude had to be clamped to be safe.
{   'shoulder_lift': {   'original goal_pos': 77.31868131868131,
                         'safe goal_pos': 125.1098901098901},
    'wrist_flex': {   'original goal_pos': 90.06593406593407,
                      'safe goal_pos': 46.67032967032967}}
WARNING 2026-10-07 15:48:27 ts/utils.py:121 Relative goal position magnitude had to be clamped to be safe.
{   'shoulder_lift': {   'original goal_pos': 77.23076923076923,
                         'safe goal_pos': 124.14285714285714},
    'wrist_flex': {   'original goal_pos': 90.24175824175825,
                      'safe goal_pos': 47.989010989010985}}
WARNING 2026-10-07 15:48:27 ts/utils.py:121 Relative goal position magnitude had to be clamped to be safe.
{   'shoulder_lift': {   'original goal_pos': 77.31868131868131,
                         'safe goal_pos': 123.17582417582418},
    'wrist_flex': {   'original goal_pos': 90.24175824175825,
                      'safe goal_pos': 49.57142857142857}}
WARNING 2026-10-07 15:48:27 ts/utils.py:121 Relative goal position magnitude had to be clamped to be safe.
{   'shoulder_lift': {   'original goal_pos': 77.58241758241758,
                         'safe goal_pos': 122.2967032967033},
    'wrist_flex': {   'original goal_pos': 90.24175824175825,
                      'safe goal_pos': 50.97802197802198}}
WARNING 2026-10-07 15:48:27 ts/utils.py:121 Relative goal position magnitude had to be clamped to be safe.
{   'shoulder_lift': {   'original goal_pos': 78.02197802197803,
                         'safe goal_pos': 121.32967032967034},
    'wrist_flex': {   'original goal_pos': 90.24175824175825,
                      'safe goal_pos': 52.56043956043956}}
WARNING 2026-10-07 15:48:27 ts/utils.py:121 Relative goal position magnitude had to be clamped to be safe.
{   'shoulder_lift': {   'original goal_pos': 78.54945054945055,
                         'safe goal_pos': 120.45054945054945},
    'wrist_flex': {   'original goal_pos': 90.15384615384616,
                      'safe goal_pos': 54.05494505494506}}
WARNING 2026-10-07 15:48:27 ts/utils.py:121 Relative goal position magnitude had to be clamped to be safe.
{   'shoulder_lift': {   'original goal_pos': 79.07692307692308,
                         'safe goal_pos': 119.57142857142857},
    'wrist_flex': {   'original goal_pos': 89.97802197802197,
                      'safe goal_pos': 55.54945054945055}}
WARNING 2026-10-07 15:48:27 ts/utils.py:121 Relative goal position magnitude had to be clamped to be safe.
{   'shoulder_lift': {   'original goal_pos': 79.42857142857143,
                         'safe goal_pos': 118.6923076923077},
    'wrist_flex': {   'original goal_pos': 89.97802197802197,
                      'safe goal_pos': 57.043956043956044}}
WARNING 2026-10-07 15:48:27 ts/utils.py:121 Relative goal position magnitude had to be clamped to be safe.
{   'shoulder_lift': {   'original goal_pos': 79.78021978021978,
                         'safe goal_pos': 117.81318681318682},
    'wrist_flex': {   'original goal_pos': 89.97802197802197,
                      'safe goal_pos': 58.53846153846154}}
WARNING 2026-10-07 15:48:27 ts/utils.py:121 Relative goal position magnitude had to be clamped to be safe.
{   'shoulder_lift': {   'original goal_pos': 80.13186813186813,
                         'safe goal_pos': 116.93406593406593},
    'wrist_flex': {   'original goal_pos': 89.97802197802197,
                      'safe goal_pos': 60.032967032967036}}
WARNING 2026-10-07 15:48:27 ts/utils.py:121 Relative goal position magnitude had to be clamped to be safe.
{   'shoulder_lift': {   'original goal_pos': 80.3956043956044,
                         'safe goal_pos': 116.05494505494505},
    'wrist_flex': {   'original goal_pos': 89.97802197802197,
                      'safe goal_pos': 61.527472527472526}}
WARNING 2026-10-07 15:48:27 ts/utils.py:121 Relative goal position magnitude had to be clamped to be safe.
{   'shoulder_lift': {   'original goal_pos': 80.83516483516483,
                         'safe goal_pos': 115.08791208791209},
    'wrist_flex': {   'original goal_pos': 89.97802197802197,
                      'safe goal_pos': 63.02197802197802}}
WARNING 2026-10-07 15:48:27 ts/utils.py:121 Relative goal position magnitude had to be clamped to be safe.
{   'shoulder_lift': {   'original goal_pos': 81.27472527472527,
                         'safe goal_pos': 114.20879120879121},
    'wrist_flex': {   'original goal_pos': 89.97802197802197,
                      'safe goal_pos': 64.6043956043956}}
WARNING 2026-10-07 15:48:27 ts/utils.py:121 Relative goal position magnitude had to be clamped to be safe.
{   'shoulder_lift': {   'original goal_pos': 81.8021978021978,
                         'safe goal_pos': 113.32967032967034},
    'wrist_flex': {   'original goal_pos': 89.97802197802197,
                      'safe goal_pos': 66.09890109890111}}
WARNING 2026-10-07 15:48:27 ts/utils.py:121 Relative goal position magnitude had to be clamped to be safe.
{   'shoulder_lift': {   'original goal_pos': 82.15384615384616,
                         'safe goal_pos': 112.45054945054945},
    'wrist_flex': {   'original goal_pos': 89.89010989010988,
                      'safe goal_pos': 67.5934065934066}}
WARNING 2026-10-07 15:48:27 ts/utils.py:121 Relative goal position magnitude had to be clamped to be safe.
{   'shoulder_lift': {   'original goal_pos': 82.41758241758242,
                         'safe goal_pos': 111.48351648351648},
    'wrist_flex': {   'original goal_pos': 89.89010989010988,
                      'safe goal_pos': 69.17582417582418}}
WARNING 2026-10-07 15:48:27 ts/utils.py:121 Relative goal position magnitude had to be clamped to be safe.
{   'shoulder_lift': {   'original goal_pos': 82.50549450549451,
                         'safe goal_pos': 110.6043956043956},
    'wrist_flex': {   'original goal_pos': 89.89010989010988,
                      'safe goal_pos': 70.67032967032966}}
WARNING 2026-10-07 15:48:27 ts/utils.py:121 Relative goal position magnitude had to be clamped to be safe.
{   'shoulder_lift': {   'original goal_pos': 82.5934065934066,
                         'safe goal_pos': 109.72527472527473},
    'wrist_flex': {   'original goal_pos': 89.89010989010988,
                      'safe goal_pos': 72.16483516483517}}
WARNING 2026-10-07 15:48:27 ts/utils.py:121 Relative goal position magnitude had to be clamped to be safe.
{   'shoulder_lift': {   'original goal_pos': 82.68131868131869,
                         'safe goal_pos': 108.84615384615384},
    'wrist_flex': {   'original goal_pos': 89.89010989010988,
                      'safe goal_pos': 73.74725274725274}}
WARNING 2026-10-07 15:48:27 ts/utils.py:121 Relative goal position magnitude had to be clamped to be safe.
{   'shoulder_lift': {   'original goal_pos': 82.68131868131869,
                         'safe goal_pos': 107.96703296703296},
    'wrist_flex': {   'original goal_pos': 89.89010989010988,
                      'safe goal_pos': 75.24175824175825}}
WARNING 2026-10-07 15:48:27 ts/utils.py:121 Relative goal position magnitude had to be clamped to be safe.
{   'shoulder_lift': {   'original goal_pos': 82.76923076923077,
                         'safe goal_pos': 107.0},
    'wrist_flex': {   'original goal_pos': 89.89010989010988,
                      'safe goal_pos': 76.73626373626374}}
WARNING 2026-10-07 15:48:27 ts/utils.py:121 Relative goal position magnitude had to be clamped to be safe.
{   'shoulder_lift': {   'original goal_pos': 82.85714285714286,
                         'safe goal_pos': 106.12087912087912},
    'wrist_flex': {   'original goal_pos': 89.89010989010988,
                      'safe goal_pos': 78.23076923076923}}
WARNING 2026-10-07 15:48:27 ts/utils.py:121 Relative goal position magnitude had to be clamped to be safe.
{   'shoulder_lift': {   'original goal_pos': 82.85714285714286,
                         'safe goal_pos': 105.15384615384616},
    'wrist_flex': {   'original goal_pos': 89.71428571428571,
                      'safe goal_pos': 79.81318681318682}}
WARNING 2026-10-07 15:48:27 ts/utils.py:121 Relative goal position magnitude had to be clamped to be safe.
{   'shoulder_lift': {   'original goal_pos': 83.03296703296704,
                         'safe goal_pos': 104.27472527472527},
    'wrist_flex': {   'original goal_pos': 88.65934065934066,
                      'safe goal_pos': 81.3076923076923}}
WARNING 2026-10-07 15:48:27 ts/utils.py:121 Relative goal position magnitude had to be clamped to be safe.
{   'shoulder_lift': {   'original goal_pos': 83.73626373626374,
                         'safe goal_pos': 103.3076923076923},
    'wrist_flex': {   'original goal_pos': 87.25274725274726,
                      'safe goal_pos': 82.8021978021978}}

[1ATeleop loop time: 33.36ms (30 Hz)
[1ATeleop loop time: 33.34ms (30 Hz)
[1ATeleop loop time: 33.34ms (30 Hz)
[1ATeleop loop time: 33.34ms (30 Hz)
[1ATeleop loop time: 33.35ms (30 Hz)
[1ATeleop loop time: 33.35ms (30 Hz)
[1ATeleop loop time: 33.34ms (30 Hz)
[1ATeleop loop time: 33.34ms (30 Hz)
[1ATeleop loop time: 33.34ms (30 Hz)
[1ATeleop loop time: 33.34ms (30 Hz)
[1ATeleop loop time: 33.34ms (30 Hz)
[1ATeleop loop time: 33.37ms (30 Hz)
[1ATeleop loop time: 33.34ms (30 Hz)
[1ATeleop loop time: 33.34ms (30 Hz)
[1ATeleop loop time: 33.35ms (30 Hz)
[1ATeleop loop time: 33.35ms (30 Hz)
[1ATeleop loop time: 33.34ms (30 Hz)
[1ATeleop loop time: 33.34ms (30 Hz)
[1ATeleop loop time: 33.34ms (30 Hz)
[1ATeleop loop time: 33.37ms (30 Hz)
[1ATeleop loop time: 33.39ms (30 Hz)
[1ATeleop loop time: 33.34ms (30 Hz)
[1ATeleop loop time: 33.38ms (30 Hz)
[1ATeleop loop time: 33.34ms (30 Hz)
[1ATeleop loop time: 33.34ms (30 Hz)
[1ATeleop loop time: 33.34ms (30 Hz)
[1ATeleop loop time: 33.36ms (30 Hz)
[1ATeleop loop time: 33.38ms (30 Hz)
[1ATeleop loop time: 33.37ms (30 Hz)
[1ATeleop loop time: 33.34ms (30 Hz)
[1ATeleop loop time: 33.37ms (30 Hz)
[1ATeleop loop time: 33.34ms (30 Hz)
[1ATeleop loop time: 33.35ms (30 Hz)
[1ATeleop loop time: 33.34ms (30 Hz)
[1ATeleop loop time: 33.34ms (30 Hz)
[1ATeleop loop time: 33.34ms (30 Hz)
[1ATeleop loop time: 33.33ms (30 Hz)
[1ATeleop loop time: 33.35ms (30 Hz)
[1ATeleop loop time: 33.34ms (30 Hz)
[1ATeleop loop time: 33.34ms (30 Hz)
[1ATeleop loop time: 33.34ms (30 Hz)
[1ATeleop loop time: 33.37ms (30 Hz)
[1ATeleop loop time: 33.34ms (30 Hz)
[1ATeleop loop time: 33.34ms (30 Hz)
[1ATeleop loop time: 33.34ms (30 Hz)
[1ATeleop loop time: 33.36ms (30 Hz)
[1ATeleop loop time: 33.34ms (30 Hz)
[1ATeleop loop time: 33.34ms (30 Hz)
[1ATeleop loop time: 33.36ms (30 Hz)
[1ATeleop loop time: 33.36ms (30 Hz)
[1ATeleop loop time: 33.34ms (30 Hz)
[1ATeleop loop time: 33.35ms (30 Hz)
[1ATeleop loop time: 33.36ms (30 Hz)
[1ATeleop loop time: 33.34ms (30 Hz)
[1ATeleop loop time: 33.34ms (30 Hz)
[1ATeleop loop time: 33.35ms (30 Hz)
[1ATeleop loop time: 33.34ms (30 Hz)
[1ATeleop loop time: 33.34ms (30 Hz)
[1ATeleop loop time: 33.37ms (30 Hz)
[1ATeleop loop time: 33.34ms (30 Hz)
[1ATeleop loop time: 33.36ms (30 Hz)
[1ATeleop loop time: 33.34ms (30 Hz)
[1ATeleop loop time: 33.36ms (30 Hz)
[1ATeleop loop time: 33.36ms (30 Hz)
[1ATeleop loop time: 33.35ms (30 Hz)
[1ATeleop loop time: 33.36ms (30 Hz)
[1ATeleop loop time: 33.34ms (30 Hz)
[1ATeleop loop time: 33.35ms (30 Hz)
[1ATeleop loop time: 33.34ms (30 Hz)
[1ATeleop loop time: 33.34ms (30 Hz)
[1ATeleop loop time: 33.35ms (30 Hz)
[1ATeleop loop time: 33.34ms (30 Hz)
[1ATeleop loop time: 33.34ms (30 Hz)
[1ATeleop loop time: 33.35ms (30 Hz)
[1ATeleop loop time: 33.34ms (30 Hz)
[1ATeleop loop time: 33.34ms (30 Hz)
[1ATeleop loop time: 33.34ms (30 Hz)
[1ATeleop loop time: 33.34ms (30 Hz)
[1ATeleop loop time: 33.34ms (30 Hz)
[1ATeleop loop time: 33.34ms (30 Hz)
[1ATeleop loop time: 33.33ms (30 Hz)
[1ATeleop loop time: 33.34ms (30 Hz)
[1ATeleop loop time: 33.36ms (30 Hz)
[1ATeleop loop time: 33.34ms (30 Hz)
[1ATeleop loop time: 33.34ms (30 Hz)
[1ATeleop loop time: 33.34ms (30 Hz)
[1ATeleop loop time: 33.34ms (30 Hz)
[1ATeleop loop time: 33.34ms (30 Hz)
[1ATeleop loop time: 33.34ms (30 Hz)
[1ATeleop loop time: 33.35ms (30 Hz)
[1ATeleop loop time: 33.36ms (30 Hz)
[1ATeleop loop time: 33.34ms (30 Hz)
[1ATeleop loop time: 33.34ms (30 Hz)
[1ATeleop loop time: 33.34ms (30 Hz)
[1ATeleop loop time: 33.34ms (30 Hz)
[1ATeleop loop time: 33.34ms (30 Hz)
[1ATeleop loop time: 33.34ms (30 Hz)
[1ATeleop loop time: 33.34ms (30 Hz)
[1ATeleop loop time: 33.34ms (30 Hz)
[1ATeleop loop time: 33.35ms (30 Hz)
[1ATeleop loop time: 33.34ms (30 Hz)
[1ATeleop loop time: 33.34ms (30 Hz)
[1ATeleop loop time: 33.34ms (30 Hz)
[1ATeleop loop time: 33.35ms (30 Hz)
[1ATeleop loop time: 33.34ms (30 Hz)
[1ATeleop loop time: 33.35ms (30 Hz)
[1ATeleop loop time: 33.34ms (30 Hz)
[1ATeleop loop time: 33.34ms (30 Hz)
[1ATeleop loop time: 33.34ms (30 Hz)
[1ATeleop loop time: 33.34ms (30 Hz)
[1ATeleop loop time: 33.35ms (30 Hz)
[1ATeleop loop time: 33.36ms (30 Hz)
[1ATeleop loop time: 33.34ms (30 Hz)
[1ATeleop loop time: 33.34ms (30 Hz)
[1ATeleop loop time: 33.35ms (30 Hz)
[1ATeleop loop time: 33.37ms (30 Hz)
[1ATeleop loop time: 33.34ms (30 Hz)
[1ATeleop loop time: 33.34ms (30 Hz)
[1ATeleop loop time: 33.34ms (30 Hz)
[1ATeleop loop time: 33.34ms (30 Hz)
[1ATeleop loop time: 33.36ms (30 Hz)
[1ATeleop loop time: 33.34ms (30 Hz)
[1ATeleop loop time: 33.34ms (30 Hz)
[1ATeleop loop time: 33.34ms (30 Hz)
[1ATeleop loop time: 33.34ms (30 Hz)
[1ATeleop loop time: 33.34ms (30 Hz)
[1ATeleop loop time: 33.34ms (30 Hz)
[1ATeleop loop time: 33.36ms (30 Hz)
[1ATeleop loop time: 33.34ms (30 Hz)
[1ATeleop loop time: 33.37ms (30 Hz)
[1ATeleop loop time: 33.34ms (30 Hz)
[1ATeleop loop time: 33.34ms (30 Hz)
[1ATeleop loop time: 33.36ms (30 Hz)
[1ATeleop loop time: 33.34ms (30 Hz)
[1ATeleop loop time: 33.35ms (30 Hz)
[1ATeleop loop time: 33.35ms (30 Hz)
[1ATeleop loop time: 33.34ms (30 Hz)
[1ATeleop loop time: 33.35ms (30 Hz)
[1ATeleop loop time: 33.35ms (30 Hz)
[1ATeleop loop time: 33.36ms (30 Hz)
[1ATeleop loop time: 33.35ms (30 Hz)
[1ATeleop loop time: 33.36ms (30 Hz)
[1ATeleop loop time: 33.34ms (30 Hz)
[1ATeleop loop time: 33.34ms (30 Hz)
[1ATeleop loop time: 33.37ms (30 Hz)
[1ATeleop loop time: 33.34ms (30 Hz)
[1ATeleop loop time: 33.37ms (30 Hz)
[1ATeleop loop time: 33.38ms (30 Hz)
[1ATeleop loop time: 33.34ms (30 Hz)
[1ATeleop loop time: 33.37ms (30 Hz)
[1ATeleop loop time: 33.34ms (30 Hz)
[1ATeleop loop time: 33.34ms (30 Hz)
[1ATeleop loop time: 33.34ms (30 Hz)
[1ATeleop loop time: 33.35ms (30 Hz)
[1ATeleop loop time: 33.35ms (30 Hz)
[1ATeleop loop time: 33.34ms (30 Hz)
[1ATeleop loop time: 33.34ms (30 Hz)
[1ATeleop loop time: 33.34ms (30 Hz)
[1ATeleop loop time: 33.35ms (30 Hz)
[1ATeleop loop time: 33.35ms (30 Hz)
[1ATeleop loop time: 33.34ms (30 Hz)
[1ATeleop loop time: 33.36ms (30 Hz)
[1ATeleop loop time: 33.34ms (30 Hz)
[1ATeleop loop time: 33.34ms (30 Hz)
[1ATeleop loop time: 33.34ms (30 Hz)
[1ATeleop loop time: 33.34ms (30 Hz)
[1ATeleop loop time: 33.34ms (30 Hz)
[1ATeleop loop time: 33.34ms (30 Hz)
[1ATeleop loop time: 33.34ms (30 Hz)
[1ATeleop loop time: 33.34ms (30 Hz)
[1ATeleop loop time: 33.34ms (30 Hz)
[1ATeleop loop time: 33.34ms (30 Hz)
[1ATeleop loop time: 33.34ms (30 Hz)
[1ATeleop loop time: 33.34ms (30 Hz)
[1ATeleop loop time: 33.36ms (30 Hz)
[1ATeleop loop time: 33.34ms (30 Hz)
[1ATeleop loop time: 33.34ms (30 Hz)
[1ATeleop loop time: 33.34ms (30 Hz)
[1ATeleop loop time: 33.37ms (30 Hz)
[1ATeleop loop time: 33.34ms (30 Hz)
[1ATeleop loop time: 33.36ms (30 Hz)
[1ATeleop loop time: 33.35ms (30 Hz)
[1ATeleop loop time: 33.34ms (30 Hz)
[1ATeleop loop time: 33.35ms (30 Hz)
[1ATeleop loop time: 33.34ms (30 Hz)
[1ATeleop loop time: 33.35ms (30 Hz)
[1ATeleop loop time: 33.34ms (30 Hz)
[1ATeleop loop time: 33.34ms (30 Hz)
[1ATeleop loop time: 33.36ms (30 Hz)
[1ATeleop loop time: 33.34ms (30 Hz)
[1ATeleop loop time: 33.36ms (30 Hz)
[1ATeleop loop time: 33.34ms (30 Hz)
[1ATeleop loop time: 33.37ms (30 Hz)
[1ATeleop loop time: 33.34ms (30 Hz)
[1ATeleop loop time: 33.37ms (30 Hz)
[1ATeleop loop time: 33.34ms (30 Hz)
[1ATeleop loop time: 33.34ms (30 Hz)
[1ATeleop loop time: 33.34ms (30 Hz)
[1ATeleop loop time: 33.34ms (30 Hz)
[1ATeleop loop time: 33.34ms (30 Hz)
[1ATeleop loop time: 33.34ms (30 Hz)
[1ATeleop loop time: 33.34ms (30 Hz)
[1ATeleop loop time: 33.34ms (30 Hz)
[1ATeleop loop time: 33.34ms (30 Hz)
[1ATeleop loop time: 33.35ms (30 Hz)
[1ATeleop loop time: 33.34ms (30 Hz)
[1ATeleop loop time: 33.34ms (30 Hz)
[1ATeleop loop time: 33.34ms (30 Hz)
[1ATeleop loop time: 33.34ms (30 Hz)
[1ATeleop loop time: 33.37ms (30 Hz)
[1ATeleop loop time: 33.34ms (30 Hz)
[1ATeleop loop time: 33.37ms (30 Hz)
[1ATeleop loop time: 33.34ms (30 Hz)
[1ATeleop loop time: 33.34ms (30 Hz)
[1ATeleop loop time: 33.34ms (30 Hz)
[1ATeleop loop time: 33.34ms (30 Hz)WARNING 2026-10-07 15:48:27 ts/utils.py:121 Relative goal position magnitude had to be clamped to be safe.
{   'shoulder_lift': {   'original goal_pos': 84.96703296703296,
                         'safe goal_pos': 102.42857142857143},
    'wrist_flex': {   'original goal_pos': 85.49450549450549,
                      'safe goal_pos': 84.38461538461539}}
WARNING 2026-10-07 15:48:28 ts/utils.py:121 Relative goal position magnitude had to be clamped to be safe.
{   'shoulder_lift': {   'original goal_pos': 86.72527472527473,
                         'safe goal_pos': 101.46153846153847}}
WARNING 2026-10-07 15:48:28 ts/utils.py:121 Relative goal position magnitude had to be clamped to be safe.
{   'shoulder_lift': {   'original goal_pos': 88.74725274725274,
                         'safe goal_pos': 100.58241758241758}}
WARNING 2026-10-07 15:48:28 ts/utils.py:121 Relative goal position magnitude had to be clamped to be safe.
{   'shoulder_lift': {   'original goal_pos': 90.85714285714286,
                         'safe goal_pos': 99.7032967032967}}
WARNING 2026-10-07 15:48:28 ts/utils.py:121 Relative goal position magnitude had to be clamped to be safe.
{   'shoulder_lift': {   'original goal_pos': 93.05494505494505,
                         'safe goal_pos': 98.82417582417582},
    'wrist_flex': {   'original goal_pos': 75.20879120879121,
                      'safe goal_pos': 76.93406593406593}}
WARNING 2026-10-07 15:48:28 ts/utils.py:121 Relative goal position magnitude had to be clamped to be safe.
{   'shoulder_lift': {   'original goal_pos': 94.9010989010989,
                         'safe goal_pos': 97.94505494505495},
    'wrist_flex': {   'original goal_pos': 72.13186813186813,
                      'safe goal_pos': 75.43956043956044}}
WARNING 2026-10-07 15:48:28 ts/utils.py:121 Relative goal position magnitude had to be clamped to be safe.
{   'shoulder_lift': {   'original goal_pos': 96.74725274725274,
                         'safe goal_pos': 96.97802197802197},
    'wrist_flex': {   'original goal_pos': 68.96703296703296,
                      'safe goal_pos': 74.03296703296704}}
WARNING 2026-10-07 15:48:28 ts/utils.py:121 Relative goal position magnitude had to be clamped to be safe.
{   'wrist_flex': {   'original goal_pos': 65.8021978021978,
                      'safe goal_pos': 72.62637362637362},
    'wrist_roll': {   'original goal_pos': -6.1098901098901095,
                      'safe goal_pos': -6.208791208791208}}
WARNING 2026-10-07 15:48:28 ts/utils.py:121 Relative goal position magnitude had to be clamped to be safe.
{   'wrist_flex': {   'original goal_pos': 62.81318681318681,
                      'safe goal_pos': 71.3076923076923}}
WARNING 2026-10-07 15:48:28 ts/utils.py:121 Relative goal position magnitude had to be clamped to be safe.
{   'wrist_flex': {   'original goal_pos': 60.527472527472526,
                      'safe goal_pos': 69.9010989010989}}
WARNING 2026-10-07 15:48:28 ts/utils.py:121 Relative goal position magnitude had to be clamped to be safe.
{   'wrist_flex': {   'original goal_pos': 58.94505494505494,
                      'safe goal_pos': 68.49450549450549}}
WARNING 2026-10-07 15:48:28 ts/utils.py:121 Relative goal position magnitude had to be clamped to be safe.
{   'wrist_flex': {   'original goal_pos': 58.065934065934066,
                      'safe goal_pos': 67.26373626373626}}
WARNING 2026-10-07 15:48:28 ts/utils.py:121 Relative goal position magnitude had to be clamped to be safe.
{   'wrist_flex': {   'original goal_pos': 57.8021978021978,
                      'safe goal_pos': 65.85714285714286}}
WARNING 2026-10-07 15:48:28 ts/utils.py:121 Relative goal position magnitude had to be clamped to be safe.
{   'wrist_flex': {   'original goal_pos': 57.8021978021978,
                      'safe goal_pos': 64.53846153846153}}
WARNING 2026-10-07 15:48:28 ts/utils.py:121 Relative goal position magnitude had to be clamped to be safe.
{   'wrist_flex': {   'original goal_pos': 57.714285714285715,
                      'safe goal_pos': 63.13186813186813}}
WARNING 2026-10-07 15:48:28 ts/utils.py:121 Relative goal position magnitude had to be clamped to be safe.
{   'wrist_flex': {   'original goal_pos': 57.62637362637363,
                      'safe goal_pos': 61.81318681318682}}
WARNING 2026-10-07 15:48:28 ts/utils.py:121 Relative goal position magnitude had to be clamped to be safe.
{   'wrist_flex': {   'original goal_pos': 57.53846153846154,
                      'safe goal_pos': 60.49450549450549}}
WARNING 2026-10-07 15:48:28 ts/utils.py:121 Relative goal position magnitude had to be clamped to be safe.
{   'wrist_flex': {   'original goal_pos': 57.53846153846154,
                      'safe goal_pos': 59.175824175824175}}
WARNING 2026-10-07 15:48:28 ts/utils.py:121 Relative goal position magnitude had to be clamped to be safe.
{   'gripper': {   'original goal_pos': 30.75204765450484,
                   'safe goal_pos': 31.513994910941477},
    'wrist_flex': {   'original goal_pos': 57.45054945054945,
                      'safe goal_pos': 57.76923076923077}}
WARNING 2026-10-07 15:48:28 ts/utils.py:121 Relative goal position magnitude had to be clamped to be safe.
{   'gripper': {   'original goal_pos': 28.22040208488459,
                   'safe goal_pos': 30.17811704834606}}
WARNING 2026-10-07 15:48:28 ts/utils.py:121 Relative goal position magnitude had to be clamped to be safe.
{   'gripper': {   'original goal_pos': 25.539836187639615,
                   'safe goal_pos': 28.651399491094146}}
WARNING 2026-10-07 15:48:28 ts/utils.py:121 Relative goal position magnitude had to be clamped to be safe.
{   'gripper': {   'original goal_pos': 23.231571109456443,
                   'safe goal_pos': 27.1882951653944}}
WARNING 2026-10-07 15:48:28 ts/utils.py:121 Relative goal position magnitude had to be clamped to be safe.
{   'gripper': {   'original goal_pos': 21.22114668652271,
                   'safe goal_pos': 25.725190839694655}}
WARNING 2026-10-07 15:48:28 ts/utils.py:121 Relative goal position magnitude had to be clamped to be safe.
{   'gripper': {   'original goal_pos': 19.50856291883842,
                   'safe goal_pos': 24.262086513994912}}
WARNING 2026-10-07 15:48:28 ts/utils.py:121 Relative goal position magnitude had to be clamped to be safe.
{   'gripper': {   'original goal_pos': 18.019359642591215,
                   'safe goal_pos': 22.86259541984733}}
WARNING 2026-10-07 15:48:28 ts/utils.py:121 Relative goal position magnitude had to be clamped to be safe.
{   'gripper': {   'original goal_pos': 16.902457185405808,
                   'safe goal_pos': 21.33587786259542}}
WARNING 2026-10-07 15:48:28 ts/utils.py:121 Relative goal position magnitude had to be clamped to be safe.
{   'gripper': {   'original goal_pos': 16.232315711094564,
                   'safe goal_pos': 19.87277353689567}}
WARNING 2026-10-07 15:48:28 ts/utils.py:121 Relative goal position magnitude had to be clamped to be safe.
{   'gripper': {   'original goal_pos': 15.785554728220403,
                   'safe goal_pos': 18.473282442748094}}
WARNING 2026-10-07 15:48:28 ts/utils.py:121 Relative goal position magnitude had to be clamped to be safe.
{   'gripper': {   'original goal_pos': 15.711094564408043,
                   'safe goal_pos': 16.946564885496183}}
WARNING 2026-10-07 15:48:30 ts/utils.py:121 Relative goal position magnitude had to be clamped to be safe.
{   'wrist_flex': {   'original goal_pos': 47.86813186813187,
                      'safe goal_pos': 48.362637362637365}}
WARNING 2026-10-07 15:48:30 ts/utils.py:121 Relative goal position magnitude had to be clamped to be safe.
{   'wrist_flex': {   'original goal_pos': 45.05494505494506,
                      'safe goal_pos': 47.13186813186813}}
WARNING 2026-10-07 15:48:30 ts/utils.py:121 Relative goal position magnitude had to be clamped to be safe.
{   'wrist_flex': {   'original goal_pos': 41.89010989010989,
                      'safe goal_pos': 45.637362637362635}}
WARNING 2026-10-07 15:48:30 ts/utils.py:121 Relative goal position magnitude had to be clamped to be safe.
{   'wrist_flex': {   'original goal_pos': 38.637362637362635,
                      'safe goal_pos': 44.31868131868132}}
WARNING 2026-10-07 15:48:30 ts/utils.py:121 Relative goal position magnitude had to be clamped to be safe.
{'wrist_flex': {'original goal_pos': 36.0, 'safe goal_pos': 43.0}}
WARNING 2026-10-07 15:48:30 ts/utils.py:121 Relative goal position magnitude had to be clamped to be safe.
{   'wrist_flex': {   'original goal_pos': 33.97802197802198,
                      'safe goal_pos': 41.68131868131868}}
WARNING 2026-10-07 15:48:30 ts/utils.py:121 Relative goal position magnitude had to be clamped to be safe.
{   'wrist_flex': {   'original goal_pos': 32.21978021978022,
                      'safe goal_pos': 40.362637362637365}}
WARNING 2026-10-07 15:48:30 ts/utils.py:121 Relative goal position magnitude had to be clamped to be safe.
{   'wrist_flex': {   'original goal_pos': 30.725274725274726,
                      'safe goal_pos': 38.956043956043956}}
WARNING 2026-10-07 15:48:30 ts/utils.py:121 Relative goal position magnitude had to be clamped to be safe.
{   'wrist_flex': {   'original goal_pos': 29.406593406593405,
                      'safe goal_pos': 37.72527472527472}}
WARNING 2026-10-07 15:48:30 ts/utils.py:121 Relative goal position magnitude had to be clamped to be safe.
{   'wrist_flex': {   'original goal_pos': 28.263736263736263,
                      'safe goal_pos': 36.40659340659341}}
WARNING 2026-10-07 15:48:30 ts/utils.py:121 Relative goal position magnitude had to be clamped to be safe.
{'wrist_flex': {'original goal_pos': 27.47252747252747, 'safe goal_pos': 35.0}}
WARNING 2026-10-07 15:48:30 ts/utils.py:121 Relative goal position magnitude had to be clamped to be safe.
{   'wrist_flex': {   'original goal_pos': 26.945054945054945,
                      'safe goal_pos': 33.76923076923077}}
WARNING 2026-10-07 15:48:30 ts/utils.py:121 Relative goal position magnitude had to be clamped to be safe.
{   'wrist_flex': {   'original goal_pos': 26.76923076923077,
                      'safe goal_pos': 32.362637362637365}}
WARNING 2026-10-07 15:48:30 ts/utils.py:121 Relative goal position magnitude had to be clamped to be safe.
{   'wrist_flex': {   'original goal_pos': 26.76923076923077,
                      'safe goal_pos': 31.043956043956044}}
WARNING 2026-10-07 15:48:30 ts/utils.py:121 Relative goal position magnitude had to be clamped to be safe.
{   'wrist_flex': {   'original goal_pos': 26.505494505494507,
                      'safe goal_pos': 29.81318681318681}}
WARNING 2026-10-07 15:48:30 ts/utils.py:121 Relative goal position magnitude had to be clamped to be safe.
{   'wrist_flex': {   'original goal_pos': 26.065934065934066,
                      'safe goal_pos': 28.40659340659341}}
WARNING 2026-10-07 15:48:30 ts/utils.py:121 Relative goal position magnitude had to be clamped to be safe.
{   'wrist_flex': {   'original goal_pos': 25.53846153846154,
                      'safe goal_pos': 27.087912087912088}}
WARNING 2026-10-07 15:48:30 ts/utils.py:121 Relative goal position magnitude had to be clamped to be safe.
{   'wrist_flex': {   'original goal_pos': 25.274725274725274,
                      'safe goal_pos': 25.76923076923077}}
WARNING 2026-10-07 15:48:31 ts/utils.py:121 Relative goal position magnitude had to be clamped to be safe.
{   'wrist_flex': {   'original goal_pos': 18.417582417582416,
                      'safe goal_pos': 20.054945054945055}}
WARNING 2026-10-07 15:48:31 ts/utils.py:121 Relative goal position magnitude had to be clamped to be safe.
{   'wrist_flex': {   'original goal_pos': 16.307692307692307,
                      'safe goal_pos': 18.560439560439562}}
WARNING 2026-10-07 15:48:31 ts/utils.py:121 Relative goal position magnitude had to be clamped to be safe.
{   'wrist_flex': {   'original goal_pos': 14.637362637362637,
                      'safe goal_pos': 17.24175824175824}}
WARNING 2026-10-07 15:48:31 ts/utils.py:121 Relative goal position magnitude had to be clamped to be safe.
{   'wrist_flex': {   'original goal_pos': 13.934065934065934,
                      'safe goal_pos': 16.01098901098901}}
WARNING 2026-10-07 15:48:31 ts/utils.py:121 Relative goal position magnitude had to be clamped to be safe.
{   'wrist_flex': {   'original goal_pos': 13.934065934065934,
                      'safe goal_pos': 14.516483516483518}}
WARNING 2026-10-07 15:48:32 ts/utils.py:121 Relative goal position magnitude had to be clamped to be safe.
{   'gripper': {   'original goal_pos': 23.901712583767683,
                   'safe goal_pos': 22.17557251908397}}
WARNING 2026-10-07 15:48:32 ts/utils.py:121 Relative goal position magnitude had to be clamped to be safe.
{   'gripper': {   'original goal_pos': 27.02903946388682,
                   'safe goal_pos': 23.638676844783713}}
WARNING 2026-10-07 15:48:32 ts/utils.py:121 Relative goal position magnitude had to be clamped to be safe.
{   'gripper': {   'original goal_pos': 30.305286671630675,
                   'safe goal_pos': 25.165394402035624}}
WARNING 2026-10-07 15:48:32 ts/utils.py:121 Relative goal position magnitude had to be clamped to be safe.
{   'gripper': {   'original goal_pos': 33.358153387937456,
                   'safe goal_pos': 26.564885496183205}}
WARNING 2026-10-07 15:48:32 ts/utils.py:121 Relative goal position magnitude had to be clamped to be safe.
{   'gripper': {   'original goal_pos': 35.88979895755771,
                   'safe goal_pos': 27.96437659033079}}
WARNING 2026-10-07 15:48:32 ts/utils.py:121 Relative goal position magnitude had to be clamped to be safe.
{   'gripper': {   'original goal_pos': 37.676842889054356,
                   'safe goal_pos': 29.427480916030532}}
WARNING 2026-10-07 15:48:32 ts/utils.py:121 Relative goal position magnitude had to be clamped to be safe.
{   'gripper': {   'original goal_pos': 38.57036485480268,
                   'safe goal_pos': 30.890585241730278}}
WARNING 2026-10-07 15:48:32 ts/utils.py:121 Relative goal position magnitude had to be clamped to be safe.
{   'gripper': {   'original goal_pos': 38.42144452717796,
                   'safe goal_pos': 32.290076335877856}}
WARNING 2026-10-07 15:48:32 ts/utils.py:121 Relative goal position magnitude had to be clamped to be safe.
{   'gripper': {   'original goal_pos': 37.82576321667908,
                   'safe goal_pos': 33.75318066157761}}
WARNING 2026-10-07 15:48:32 ts/utils.py:121 Relative goal position magnitude had to be clamped to be safe.
{   'gripper': {   'original goal_pos': 36.78332092330603,
                   'safe goal_pos': 35.152671755725194}}
WARNING 2026-10-07 15:48:32 ts/utils.py:121 Relative goal position magnitude had to be clamped to be safe.
{   'elbow_flex': {   'original goal_pos': -50.505494505494504,
                      'safe goal_pos': -50.27472527472528}}
WARNING 2026-10-07 15:48:32 ts/utils.py:121 Relative goal position magnitude had to be clamped to be safe.
{   'elbow_flex': {   'original goal_pos': -52.26373626373626,
                      'safe goal_pos': -51.505494505494504}}
WARNING 2026-10-07 15:48:32 ts/utils.py:121 Relative goal position magnitude had to be clamped to be safe.
{   'elbow_flex': {   'original goal_pos': -53.67032967032967,
                      'safe goal_pos': -52.64835164835165}}
WARNING 2026-10-07 15:48:32 ts/utils.py:121 Relative goal position magnitude had to be clamped to be safe.
{   'elbow_flex': {   'original goal_pos': -54.637362637362635,
                      'safe goal_pos': -53.79120879120879}}
WARNING 2026-10-07 15:48:32 ts/utils.py:121 Relative goal position magnitude had to be clamped to be safe.
{   'elbow_flex': {   'original goal_pos': -55.16483516483517,
                      'safe goal_pos': -55.02197802197802}}
WARNING 2026-10-07 15:48:33 ts/utils.py:121 Relative goal position magnitude had to be clamped to be safe.
{   'wrist_flex': {   'original goal_pos': 15.516483516483516,
                      'safe goal_pos': 16.36263736263736}}
WARNING 2026-10-07 15:48:33 ts/utils.py:121 Relative goal position magnitude had to be clamped to be safe.
{   'wrist_flex': {   'original goal_pos': 11.824175824175825,
                      'safe goal_pos': 15.307692307692307}}
WARNING 2026-10-07 15:48:33 ts/utils.py:121 Relative goal position magnitude had to be clamped to be safe.
{   'wrist_flex': {   'original goal_pos': 8.835164835164836,
                      'safe goal_pos': 13.813186813186814}}
WARNING 2026-10-07 15:48:33 ts/utils.py:121 Relative goal position magnitude had to be clamped to be safe.
{   'wrist_flex': {   'original goal_pos': 6.373626373626373,
                      'safe goal_pos': 12.494505494505493}}
WARNING 2026-10-07 15:48:33 ts/utils.py:121 Relative goal position magnitude had to be clamped to be safe.
{   'wrist_flex': {   'original goal_pos': 5.054945054945055,
                      'safe goal_pos': 11.35164835164835}}
WARNING 2026-10-07 15:48:33 ts/utils.py:121 Relative goal position magnitude had to be clamped to be safe.
{   'wrist_flex': {   'original goal_pos': 5.054945054945055,
                      'safe goal_pos': 9.857142857142858}}
WARNING 2026-10-07 15:48:33 ts/utils.py:121 Relative goal position magnitude had to be clamped to be safe.
{   'wrist_flex': {   'original goal_pos': 5.054945054945055,
                      'safe goal_pos': 8.626373626373626}}
WARNING 2026-10-07 15:48:33 ts/utils.py:121 Relative goal position magnitude had to be clamped to be safe.
{   'wrist_flex': {   'original goal_pos': 5.054945054945055,
                      'safe goal_pos': 7.307692307692308}}
WARNING 2026-10-07 15:48:33 ts/utils.py:121 Relative goal position magnitude had to be clamped to be safe.
{   'wrist_flex': {   'original goal_pos': 5.142857142857143,
                      'safe goal_pos': 5.989010989010989}}
WARNING 2026-10-07 15:48:33 ts/utils.py:121 Relative goal position magnitude had to be clamped to be safe.
{   'wrist_flex': {   'original goal_pos': 1.4505494505494505,
                      'safe goal_pos': 2.2967032967032965}}
WARNING 2026-10-07 15:48:33 ts/utils.py:121 Relative goal position magnitude had to be clamped to be safe.
{   'wrist_flex': {   'original goal_pos': 0.04395604395604396,
                      'safe goal_pos': 0.802197802197802}}
WARNING 2026-10-07 15:48:33 ts/utils.py:121 Relative goal position magnitude had to be clamped to be safe.
{   'wrist_flex': {   'original goal_pos': -1.010989010989011,
                      'safe goal_pos': -0.5164835164835164}}
WARNING 2026-10-07 15:48:33 ts/utils.py:121 Relative goal position magnitude had to be clamped to be safe.
{   'shoulder_lift': {   'original goal_pos': 136.65934065934067,
                         'safe goal_pos': 137.24175824175825}}
WARNING 2026-10-07 15:48:33 ts/utils.py:121 Relative goal position magnitude had to be clamped to be safe.
{   'gripper': {   'original goal_pos': 23.752792256142964,
                   'safe goal_pos': 22.302798982188293},
    'shoulder_lift': {   'original goal_pos': 133.67032967032966,
                         'safe goal_pos': 136.8901098901099}}
WARNING 2026-10-07 15:48:33 ts/utils.py:121 Relative goal position magnitude had to be clamped to be safe.
{   'elbow_flex': {   'original goal_pos': -40.57142857142857,
                      'safe goal_pos': -40.8021978021978},
    'gripper': {   'original goal_pos': 26.65673864482502,
                   'safe goal_pos': 23.702290076335878},
    'shoulder_lift': {   'original goal_pos': 130.41758241758242,
                         'safe goal_pos': 135.92307692307693}}
WARNING 2026-10-07 15:48:33 ts/utils.py:121 Relative goal position magnitude had to be clamped to be safe.
{   'elbow_flex': {   'original goal_pos': -38.81318681318681,
                      'safe goal_pos': -39.395604395604394},
    'gripper': {   'original goal_pos': 29.03946388682055,
                   'safe goal_pos': 25.229007633587788},
    'shoulder_lift': {   'original goal_pos': 127.6043956043956,
                         'safe goal_pos': 135.13186813186815}}
WARNING 2026-10-07 15:48:33 ts/utils.py:121 Relative goal position magnitude had to be clamped to be safe.
{   'elbow_flex': {   'original goal_pos': -37.142857142857146,
                      'safe goal_pos': -37.81318681318681},
    'gripper': {   'original goal_pos': 30.75204765450484,
                   'safe goal_pos': 26.62849872773537},
    'shoulder_lift': {   'original goal_pos': 124.96703296703296,
                         'safe goal_pos': 134.25274725274724}}
WARNING 2026-10-07 15:48:34 ts/utils.py:121 Relative goal position magnitude had to be clamped to be safe.
{   'elbow_flex': {   'original goal_pos': -35.2967032967033,
                      'safe goal_pos': -36.23076923076923},
    'gripper': {   'original goal_pos': 31.422189128816086,
                   'safe goal_pos': 28.091603053435115},
    'shoulder_lift': {   'original goal_pos': 122.85714285714286,
                         'safe goal_pos': 133.46153846153845}}
WARNING 2026-10-07 15:48:34 ts/utils.py:121 Relative goal position magnitude had to be clamped to be safe.
{   'elbow_flex': {   'original goal_pos': -33.362637362637365,
                      'safe goal_pos': -34.824175824175825},
    'gripper': {   'original goal_pos': 31.27326880119136,
                   'safe goal_pos': 29.55470737913486},
    'shoulder_lift': {   'original goal_pos': 120.74725274725274,
                         'safe goal_pos': 132.67032967032966}}
WARNING 2026-10-07 15:48:34 ts/utils.py:121 Relative goal position magnitude had to be clamped to be safe.
{   'elbow_flex': {   'original goal_pos': -31.516483516483518,
                      'safe goal_pos': -33.15384615384615},
    'gripper': {   'original goal_pos': 31.27326880119136,
                   'safe goal_pos': 30.954198473282442},
    'shoulder_lift': {   'original goal_pos': 118.63736263736264,
                         'safe goal_pos': 131.7912087912088}}
WARNING 2026-10-07 15:48:34 ts/utils.py:121 Relative goal position magnitude had to be clamped to be safe.
{   'elbow_flex': {   'original goal_pos': -29.67032967032967,
                      'safe goal_pos': -31.747252747252745},
    'shoulder_lift': {   'original goal_pos': 116.52747252747253,
                         'safe goal_pos': 130.82417582417582}}
WARNING 2026-10-07 15:48:34 ts/utils.py:121 Relative goal position magnitude had to be clamped to be safe.
{   'elbow_flex': {   'original goal_pos': -27.912087912087912,
                      'safe goal_pos': -30.164835164835168},
    'shoulder_lift': {   'original goal_pos': 114.06593406593407,
                         'safe goal_pos': 130.03296703296704}}
WARNING 2026-10-07 15:48:34 ts/utils.py:121 Relative goal position magnitude had to be clamped to be safe.
{   'elbow_flex': {   'original goal_pos': -26.153846153846153,
                      'safe goal_pos': -28.67032967032967},
    'shoulder_lift': {   'original goal_pos': 111.51648351648352,
                         'safe goal_pos': 129.15384615384616}}
WARNING 2026-10-07 15:48:34 ts/utils.py:121 Relative goal position magnitude had to be clamped to be safe.
{   'elbow_flex': {   'original goal_pos': -24.571428571428573,
                      'safe goal_pos': -27.175824175824175},
    'shoulder_lift': {   'original goal_pos': 108.7032967032967,
                         'safe goal_pos': 128.27472527472528}}
WARNING 2026-10-07 15:48:34 ts/utils.py:121 Relative goal position magnitude had to be clamped to be safe.
{   'elbow_flex': {   'original goal_pos': -23.076923076923077,
                      'safe goal_pos': -25.593406593406595},
    'shoulder_lift': {   'original goal_pos': 105.71428571428571,
                         'safe goal_pos': 127.30769230769232},
    'wrist_flex': {   'original goal_pos': 12.175824175824175,
                      'safe goal_pos': 12.032967032967033}}
WARNING 2026-10-07 15:48:34 ts/utils.py:121 Relative goal position magnitude had to be clamped to be safe.
{   'elbow_flex': {   'original goal_pos': -21.846153846153847,
                      'safe goal_pos': -24.0989010989011},
    'shoulder_lift': {   'original goal_pos': 102.63736263736264,
                         'safe goal_pos': 126.5164835164835},
    'wrist_flex': {   'original goal_pos': 14.901098901098901,
                      'safe goal_pos': 13.351648351648352}}
WARNING 2026-10-07 15:48:34 ts/utils.py:121 Relative goal position magnitude had to be clamped to be safe.
{   'elbow_flex': {   'original goal_pos': -20.52747252747253,
                      'safe goal_pos': -22.604395604395606},
    'shoulder_lift': {   'original goal_pos': 99.2967032967033,
                         'safe goal_pos': 125.46153846153845},
    'wrist_flex': {   'original goal_pos': 18.24175824175824,
                      'safe goal_pos': 14.934065934065934}}
WARNING 2026-10-07 15:48:34 ts/utils.py:121 Relative goal position magnitude had to be clamped to be safe.
{   'elbow_flex': {   'original goal_pos': -18.857142857142858,
                      'safe goal_pos': -21.10989010989011},
    'shoulder_lift': {   'original goal_pos': 95.95604395604396,
                         'safe goal_pos': 124.58241758241758},
    'wrist_flex': {   'original goal_pos': 22.021978021978022,
                      'safe goal_pos': 16.42857142857143}}
WARNING 2026-10-07 15:48:34 ts/utils.py:121 Relative goal position magnitude had to be clamped to be safe.
{   'elbow_flex': {   'original goal_pos': -17.0989010989011,
                      'safe goal_pos': -19.615384615384617},
    'shoulder_lift': {   'original goal_pos': 92.35164835164835,
                         'safe goal_pos': 123.61538461538461},
    'wrist_flex': {   'original goal_pos': 26.505494505494507,
                      'safe goal_pos': 17.835164835164836}}
WARNING 2026-10-07 15:48:34 ts/utils.py:121 Relative goal position magnitude had to be clamped to be safe.
{   'elbow_flex': {   'original goal_pos': -15.780219780219781,
                      'safe goal_pos': -18.12087912087912},
    'shoulder_lift': {   'original goal_pos': 88.83516483516483,
                         'safe goal_pos': 122.64835164835165},
    'wrist_flex': {   'original goal_pos': 31.604395604395606,
                      'safe goal_pos': 19.417582417582416},
    'wrist_roll': {   'original goal_pos': -9.802197802197803,
                      'safe goal_pos': -9.791208791208792}}
WARNING 2026-10-07 15:48:34 ts/utils.py:121 Relative goal position magnitude had to be clamped to be safe.
{   'elbow_flex': {   'original goal_pos': -15.076923076923077,
                      'safe goal_pos': -16.626373626373628},
    'shoulder_lift': {   'original goal_pos': 85.4065934065934,
                         'safe goal_pos': 121.68131868131869},
    'wrist_flex': {   'original goal_pos': 37.142857142857146,
                      'safe goal_pos': 20.912087912087912}}
WARNING 2026-10-07 15:48:34 ts/utils.py:121 Relative goal position magnitude had to be clamped to be safe.
{   'elbow_flex': {   'original goal_pos': -14.901098901098901,
                      'safe goal_pos': -15.043956043956044},
    'shoulder_lift': {   'original goal_pos': 82.24175824175825,
                         'safe goal_pos': 120.62637362637362},
    'wrist_flex': {   'original goal_pos': 42.59340659340659,
                      'safe goal_pos': 22.494505494505493}}
WARNING 2026-10-07 15:48:34 ts/utils.py:121 Relative goal position magnitude had to be clamped to be safe.
{   'shoulder_lift': {   'original goal_pos': 79.42857142857143,
                         'safe goal_pos': 119.65934065934066},
    'wrist_flex': {   'original goal_pos': 47.86813186813187,
                      'safe goal_pos': 23.98901098901099}}
WARNING 2026-10-07 15:48:34 ts/utils.py:121 Relative goal position magnitude had to be clamped to be safe.
{   'shoulder_lift': {   'original goal_pos': 76.79120879120879,
                         'safe goal_pos': 118.6923076923077},
    'wrist_flex': {   'original goal_pos': 52.79120879120879,
                      'safe goal_pos': 25.395604395604394}}
WARNING 2026-10-07 15:48:34 ts/utils.py:121 Relative goal position magnitude had to be clamped to be safe.
{   'shoulder_lift': {   'original goal_pos': 74.50549450549451,
                         'safe goal_pos': 117.72527472527473},
    'wrist_flex': {   'original goal_pos': 57.27472527472528,
                      'safe goal_pos': 27.065934065934066}}
WARNING 2026-10-07 15:48:34 ts/utils.py:121 Relative goal position magnitude had to be clamped to be safe.
{   'shoulder_lift': {   'original goal_pos': 72.74725274725274,
                         'safe goal_pos': 116.75824175824175},
    'wrist_flex': {   'original goal_pos': 61.23076923076923,
                      'safe goal_pos': 28.560439560439562}}
WARNING 2026-10-07 15:48:34 ts/utils.py:121 Relative goal position magnitude had to be clamped to be safe.
{   'shoulder_lift': {   'original goal_pos': 71.6043956043956,
                         'safe goal_pos': 115.7032967032967},
    'wrist_flex': {   'original goal_pos': 64.3956043956044,
                      'safe goal_pos': 30.142857142857142}}
WARNING 2026-10-07 15:48:34 ts/utils.py:121 Relative goal position magnitude had to be clamped to be safe.
{   'shoulder_lift': {   'original goal_pos': 70.98901098901099,
                         'safe goal_pos': 114.73626373626374},
    'wrist_flex': {   'original goal_pos': 66.94505494505495,
                      'safe goal_pos': 31.63736263736264}}
WARNING 2026-10-07 15:48:34 ts/utils.py:121 Relative goal position magnitude had to be clamped to be safe.
{   'shoulder_lift': {   'original goal_pos': 70.98901098901099,
                         'safe goal_pos': 113.68131868131869},
    'wrist_flex': {   'original goal_pos': 68.26373626373626,
                      'safe goal_pos': 33.13186813186813}}
WARNING 2026-10-07 15:48:34 ts/utils.py:121 Relative goal position magnitude had to be clamped to be safe.
{   'shoulder_lift': {   'original goal_pos': 71.25274725274726,
                         'safe goal_pos': 112.62637362637362},
    'wrist_flex': {   'original goal_pos': 68.61538461538461,
                      'safe goal_pos': 34.62637362637363}}
WARNING 2026-10-07 15:48:34 ts/utils.py:121 Relative goal position magnitude had to be clamped to be safe.
{   'shoulder_lift': {   'original goal_pos': 71.86813186813187,
                         'safe goal_pos': 111.57142857142857},
    'wrist_flex': {   'original goal_pos': 68.7032967032967,
                      'safe goal_pos': 36.120879120879124}}
WARNING 2026-10-07 15:48:34 ts/utils.py:121 Relative goal position magnitude had to be clamped to be safe.
{   'shoulder_lift': {   'original goal_pos': 72.65934065934066,
                         'safe goal_pos': 110.6043956043956},
    'wrist_flex': {   'original goal_pos': 68.79120879120879,
                      'safe goal_pos': 37.7032967032967}}
WARNING 2026-10-07 15:48:34 ts/utils.py:121 Relative goal position magnitude had to be clamped to be safe.
{   'shoulder_lift': {   'original goal_pos': 73.53846153846153,
                         'safe goal_pos': 109.54945054945055},
    'wrist_flex': {   'original goal_pos': 68.7032967032967,
                      'safe goal_pos': 39.10989010989011}}
WARNING 2026-10-07 15:48:34 ts/utils.py:121 Relative goal position magnitude had to be clamped to be safe.
{   'shoulder_lift': {   'original goal_pos': 74.68131868131869,
                         'safe goal_pos': 108.58241758241758},
    'wrist_flex': {   'original goal_pos': 68.61538461538461,
                      'safe goal_pos': 40.69230769230769}}
WARNING 2026-10-07 15:48:34 ts/utils.py:121 Relative goal position magnitude had to be clamped to be safe.
{   'shoulder_lift': {   'original goal_pos': 75.91208791208791,
                         'safe goal_pos': 107.43956043956044},
    'wrist_flex': {   'original goal_pos': 68.61538461538461,
                      'safe goal_pos': 42.18681318681319}}
WARNING 2026-10-07 15:48:34 ts/utils.py:121 Relative goal position magnitude had to be clamped to be safe.
{   'shoulder_lift': {   'original goal_pos': 77.23076923076923,
                         'safe goal_pos': 106.47252747252747},
    'wrist_flex': {   'original goal_pos': 68.52747252747253,
                      'safe goal_pos': 43.59340659340659}}
WARNING 2026-10-07 15:48:34 ts/utils.py:121 Relative goal position magnitude had to be clamped to be safe.
{   'shoulder_lift': {   'original goal_pos': 78.46153846153847,
                         'safe goal_pos': 105.41758241758242},
    'wrist_flex': {   'original goal_pos': 68.52747252747253,
                      'safe goal_pos': 45.175824175824175}}
WARNING 2026-10-07 15:48:35 ts/utils.py:121 Relative goal position magnitude had to be clamped to be safe.
{   'shoulder_lift': {   'original goal_pos': 79.6923076923077,
                         'safe goal_pos': 104.36263736263736},
    'wrist_flex': {   'original goal_pos': 68.52747252747253,
                      'safe goal_pos': 46.67032967032967}}
WARNING 2026-10-07 15:48:35 ts/utils.py:121 Relative goal position magnitude had to be clamped to be safe.
{   'shoulder_lift': {   'original goal_pos': 80.83516483516483,
                         'safe goal_pos': 103.3956043956044},
    'wrist_flex': {   'original goal_pos': 68.0,
                      'safe goal_pos': 48.252747252747255}}
WARNING 2026-10-07 15:48:35 ts/utils.py:121 Relative goal position magnitude had to be clamped to be safe.
{   'shoulder_lift': {   'original goal_pos': 81.97802197802197,
                         'safe goal_pos': 102.42857142857143},
    'wrist_flex': {   'original goal_pos': 66.32967032967034,
                      'safe goal_pos': 49.747252747252745}}
WARNING 2026-10-07 15:48:35 ts/utils.py:121 Relative goal position magnitude had to be clamped to be safe.
{   'shoulder_lift': {   'original goal_pos': 83.2967032967033,
                         'safe goal_pos': 101.37362637362638},
    'wrist_flex': {   'original goal_pos': 64.13186813186813,
                      'safe goal_pos': 51.15384615384615}}
WARNING 2026-10-07 15:48:35 ts/utils.py:121 Relative goal position magnitude had to be clamped to be safe.
{   'shoulder_lift': {   'original goal_pos': 84.7032967032967,
                         'safe goal_pos': 100.31868131868131},
    'wrist_flex': {   'original goal_pos': 62.10989010989011,
                      'safe goal_pos': 52.73626373626374}}

[1ATeleop loop time: 33.34ms (30 Hz)
[1ATeleop loop time: 33.34ms (30 Hz)
[1ATeleop loop time: 33.34ms (30 Hz)
[1ATeleop loop time: 33.34ms (30 Hz)
[1ATeleop loop time: 33.34ms (30 Hz)
[1ATeleop loop time: 33.34ms (30 Hz)
[1ATeleop loop time: 33.34ms (30 Hz)
[1ATeleop loop time: 33.34ms (30 Hz)
[1ATeleop loop time: 33.34ms (30 Hz)
[1ATeleop loop time: 33.35ms (30 Hz)
[1ATeleop loop time: 33.34ms (30 Hz)
[1ATeleop loop time: 33.34ms (30 Hz)
[1ATeleop loop time: 33.34ms (30 Hz)
[1ATeleop loop time: 33.34ms (30 Hz)
[1ATeleop loop time: 33.34ms (30 Hz)
[1ATeleop loop time: 33.34ms (30 Hz)
[1ATeleop loop time: 33.34ms (30 Hz)
[1ATeleop loop time: 33.34ms (30 Hz)
[1ATeleop loop time: 33.34ms (30 Hz)
[1ATeleop loop time: 33.34ms (30 Hz)
[1ATeleop loop time: 33.34ms (30 Hz)
[1ATeleop loop time: 33.34ms (30 Hz)
[1ATeleop loop time: 33.34ms (30 Hz)
[1ATeleop loop time: 33.34ms (30 Hz)
[1ATeleop loop time: 33.35ms (30 Hz)
[1ATeleop loop time: 33.35ms (30 Hz)
[1ATeleop loop time: 33.34ms (30 Hz)
[1ATeleop loop time: 33.34ms (30 Hz)
[1ATeleop loop time: 33.34ms (30 Hz)
[1ATeleop loop time: 33.35ms (30 Hz)
[1ATeleop loop time: 33.36ms (30 Hz)
[1ATeleop loop time: 33.34ms (30 Hz)
[1ATeleop loop time: 33.37ms (30 Hz)
[1ATeleop loop time: 33.34ms (30 Hz)
[1ATeleop loop time: 33.34ms (30 Hz)
[1ATeleop loop time: 33.37ms (30 Hz)
[1ATeleop loop time: 33.34ms (30 Hz)
[1ATeleop loop time: 33.34ms (30 Hz)
[1ATeleop loop time: 33.34ms (30 Hz)
[1ATeleop loop time: 33.34ms (30 Hz)
[1ATeleop loop time: 33.34ms (30 Hz)
[1ATeleop loop time: 33.34ms (30 Hz)
[1ATeleop loop time: 33.34ms (30 Hz)
[1ATeleop loop time: 33.34ms (30 Hz)
[1ATeleop loop time: 33.34ms (30 Hz)
[1ATeleop loop time: 33.34ms (30 Hz)
[1ATeleop loop time: 33.34ms (30 Hz)
[1ATeleop loop time: 33.34ms (30 Hz)
[1ATeleop loop time: 33.34ms (30 Hz)
[1ATeleop loop time: 33.34ms (30 Hz)
[1ATeleop loop time: 33.34ms (30 Hz)
[1ATeleop loop time: 33.34ms (30 Hz)
[1ATeleop loop time: 33.34ms (30 Hz)
[1ATeleop loop time: 33.34ms (30 Hz)
[1ATeleop loop time: 33.34ms (30 Hz)
[1ATeleop loop time: 33.34ms (30 Hz)
[1ATeleop loop time: 33.34ms (30 Hz)
[1ATeleop loop time: 33.34ms (30 Hz)
[1ATeleop loop time: 33.34ms (30 Hz)
[1ATeleop loop time: 33.35ms (30 Hz)
[1ATeleop loop time: 33.34ms (30 Hz)
[1ATeleop loop time: 33.36ms (30 Hz)
[1ATeleop loop time: 33.34ms (30 Hz)
[1ATeleop loop time: 33.34ms (30 Hz)
[1ATeleop loop time: 33.34ms (30 Hz)
[1ATeleop loop time: 33.36ms (30 Hz)
[1ATeleop loop time: 33.34ms (30 Hz)
[1ATeleop loop time: 33.35ms (30 Hz)
[1ATeleop loop time: 33.34ms (30 Hz)
[1ATeleop loop time: 33.34ms (30 Hz)
[1ATeleop loop time: 33.36ms (30 Hz)
[1ATeleop loop time: 33.34ms (30 Hz)
[1ATeleop loop time: 33.36ms (30 Hz)
[1ATeleop loop time: 33.34ms (30 Hz)
[1ATeleop loop time: 33.37ms (30 Hz)
[1ATeleop loop time: 33.34ms (30 Hz)
[1ATeleop loop time: 33.34ms (30 Hz)
[1ATeleop loop time: 33.34ms (30 Hz)
[1ATeleop loop time: 33.34ms (30 Hz)
[1ATeleop loop time: 33.34ms (30 Hz)
[1ATeleop loop time: 33.34ms (30 Hz)
[1ATeleop loop time: 33.34ms (30 Hz)
[1ATeleop loop time: 33.34ms (30 Hz)
[1ATeleop loop time: 33.34ms (30 Hz)
[1ATeleop loop time: 33.34ms (30 Hz)
[1ATeleop loop time: 33.34ms (30 Hz)
[1ATeleop loop time: 33.34ms (30 Hz)
[1ATeleop loop time: 33.34ms (30 Hz)
[1ATeleop loop time: 33.34ms (30 Hz)
[1ATeleop loop time: 33.34ms (30 Hz)
[1ATeleop loop time: 33.34ms (30 Hz)
[1ATeleop loop time: 33.34ms (30 Hz)
[1ATeleop loop time: 33.34ms (30 Hz)
[1ATeleop loop time: 33.34ms (30 Hz)
[1ATeleop loop time: 33.34ms (30 Hz)
[1ATeleop loop time: 33.34ms (30 Hz)
[1ATeleop loop time: 33.34ms (30 Hz)
[1ATeleop loop time: 33.34ms (30 Hz)
[1ATeleop loop time: 33.34ms (30 Hz)
[1ATeleop loop time: 33.34ms (30 Hz)
[1ATeleop loop time: 33.34ms (30 Hz)
[1ATeleop loop time: 33.38ms (30 Hz)
[1ATeleop loop time: 33.34ms (30 Hz)
[1ATeleop loop time: 33.34ms (30 Hz)
[1ATeleop loop time: 33.34ms (30 Hz)
[1ATeleop loop time: 33.34ms (30 Hz)
[1ATeleop loop time: 33.34ms (30 Hz)
[1ATeleop loop time: 33.34ms (30 Hz)
[1ATeleop loop time: 33.37ms (30 Hz)
[1ATeleop loop time: 33.37ms (30 Hz)
[1ATeleop loop time: 33.53ms (30 Hz)
[1ATeleop loop time: 33.34ms (30 Hz)
[1ATeleop loop time: 33.34ms (30 Hz)
[1ATeleop loop time: 33.34ms (30 Hz)
[1ATeleop loop time: 33.34ms (30 Hz)
[1ATeleop loop time: 33.34ms (30 Hz)
[1ATeleop loop time: 33.34ms (30 Hz)
[1ATeleop loop time: 33.34ms (30 Hz)
[1ATeleop loop time: 33.35ms (30 Hz)
[1ATeleop loop time: 33.34ms (30 Hz)
[1ATeleop loop time: 33.34ms (30 Hz)
[1ATeleop loop time: 33.34ms (30 Hz)
[1ATeleop loop time: 33.34ms (30 Hz)
[1ATeleop loop time: 33.34ms (30 Hz)
[1ATeleop loop time: 33.34ms (30 Hz)
[1ATeleop loop time: 33.34ms (30 Hz)
[1ATeleop loop time: 33.34ms (30 Hz)
[1ATeleop loop time: 33.34ms (30 Hz)
[1ATeleop loop time: 33.34ms (30 Hz)
[1ATeleop loop time: 33.34ms (30 Hz)
[1ATeleop loop time: 33.34ms (30 Hz)
[1ATeleop loop time: 33.34ms (30 Hz)
[1ATeleop loop time: 33.34ms (30 Hz)
[1ATeleop loop time: 33.34ms (30 Hz)
[1ATeleop loop time: 33.34ms (30 Hz)
[1ATeleop loop time: 33.34ms (30 Hz)
[1ATeleop loop time: 33.34ms (30 Hz)
[1ATeleop loop time: 33.34ms (30 Hz)
[1ATeleop loop time: 33.34ms (30 Hz)
[1ATeleop loop time: 33.34ms (30 Hz)
[1ATeleop loop time: 33.34ms (30 Hz)
[1ATeleop loop time: 33.34ms (30 Hz)
[1ATeleop loop time: 33.36ms (30 Hz)
[1ATeleop loop time: 33.34ms (30 Hz)
[1ATeleop loop time: 33.34ms (30 Hz)
[1ATeleop loop time: 33.35ms (30 Hz)
[1ATeleop loop time: 33.34ms (30 Hz)
[1ATeleop loop time: 33.35ms (30 Hz)
[1ATeleop loop time: 33.34ms (30 Hz)
[1ATeleop loop time: 33.34ms (30 Hz)
[1ATeleop loop time: 33.34ms (30 Hz)
[1ATeleop loop time: 33.34ms (30 Hz)
[1ATeleop loop time: 33.34ms (30 Hz)
[1ATeleop loop time: 33.34ms (30 Hz)
[1ATeleop loop time: 33.36ms (30 Hz)
[1ATeleop loop time: 33.34ms (30 Hz)
[1ATeleop loop time: 33.35ms (30 Hz)
[1ATeleop loop time: 33.34ms (30 Hz)
[1ATeleop loop time: 33.34ms (30 Hz)
[1ATeleop loop time: 33.35ms (30 Hz)
[1ATeleop loop time: 33.34ms (30 Hz)
[1ATeleop loop time: 33.37ms (30 Hz)
[1ATeleop loop time: 33.34ms (30 Hz)
[1ATeleop loop time: 33.34ms (30 Hz)
[1ATeleop loop time: 33.34ms (30 Hz)
[1ATeleop loop time: 33.35ms (30 Hz)
[1ATeleop loop time: 33.34ms (30 Hz)
[1ATeleop loop time: 33.33ms (30 Hz)
[1ATeleop loop time: 33.34ms (30 Hz)
[1ATeleop loop time: 33.33ms (30 Hz)
[1ATeleop loop time: 33.36ms (30 Hz)
[1ATeleop loop time: 33.36ms (30 Hz)
[1ATeleop loop time: 33.34ms (30 Hz)
[1ATeleop loop time: 33.34ms (30 Hz)
[1ATeleop loop time: 33.36ms (30 Hz)
[1ATeleop loop time: 33.34ms (30 Hz)
[1ATeleop loop time: 33.34ms (30 Hz)
[1ATeleop loop time: 33.34ms (30 Hz)
[1ATeleop loop time: 33.36ms (30 Hz)
[1ATeleop loop time: 33.34ms (30 Hz)
[1ATeleop loop time: 33.34ms (30 Hz)
[1ATeleop loop time: 33.34ms (30 Hz)
[1ATeleop loop time: 33.36ms (30 Hz)
[1ATeleop loop time: 33.36ms (30 Hz)
[1ATeleop loop time: 33.34ms (30 Hz)
[1ATeleop loop time: 33.34ms (30 Hz)
[1ATeleop loop time: 33.34ms (30 Hz)
[1ATeleop loop time: 33.35ms (30 Hz)
[1ATeleop loop time: 33.36ms (30 Hz)
[1ATeleop loop time: 33.34ms (30 Hz)
[1ATeleop loop time: 33.34ms (30 Hz)
[1ATeleop loop time: 33.34ms (30 Hz)
[1ATeleop loop time: 33.34ms (30 Hz)
[1ATeleop loop time: 33.35ms (30 Hz)
[1ATeleop loop time: 33.35ms (30 Hz)
[1ATeleop loop time: 33.36ms (30 Hz)
[1ATeleop loop time: 33.36ms (30 Hz)
[1ATeleop loop time: 33.34ms (30 Hz)
[1ATeleop loop time: 33.37ms (30 Hz)
[1ATeleop loop time: 33.35ms (30 Hz)
[1ATeleop loop time: 33.36ms (30 Hz)
[1ATeleop loop time: 33.34ms (30 Hz)
[1ATeleop loop time: 33.36ms (30 Hz)
[1ATeleop loop time: 33.35ms (30 Hz)
[1ATeleop loop time: 33.37ms (30 Hz)
[1ATeleop loop time: 33.38ms (30 Hz)
[1ATeleop loop time: 33.34ms (30 Hz)
[1ATeleop loop time: 33.34ms (30 Hz)
[1ATeleop loop time: 33.36ms (30 Hz)
[1ATeleop loop time: 33.34ms (30 Hz)
[1ATeleop loop time: 33.34ms (30 Hz)
[1ATeleop loop time: 33.34ms (30 Hz)
[1ATeleop loop time: 33.36ms (30 Hz)
[1ATeleop loop time: 33.34ms (30 Hz)
[1ATeleop loop time: 33.34ms (30 Hz)
[1ATeleop loop time: 33.37ms (30 Hz)WARNING 2026-10-07 15:48:35 ts/utils.py:121 Relative goal position magnitude had to be clamped to be safe.
{   'shoulder_lift': {   'original goal_pos': 86.1978021978022,
                         'safe goal_pos': 99.35164835164835},
    'wrist_flex': {   'original goal_pos': 60.26373626373626,
                      'safe goal_pos': 54.23076923076923}}
WARNING 2026-10-07 15:48:35 ts/utils.py:121 Relative goal position magnitude had to be clamped to be safe.
{   'shoulder_lift': {   'original goal_pos': 87.86813186813187,
                         'safe goal_pos': 98.2967032967033},
    'wrist_flex': {   'original goal_pos': 58.68131868131868,
                      'safe goal_pos': 55.81318681318681}}
WARNING 2026-10-07 15:48:35 ts/utils.py:121 Relative goal position magnitude had to be clamped to be safe.
{   'shoulder_lift': {   'original goal_pos': 89.62637362637362,
                         'safe goal_pos': 97.24175824175825}}
WARNING 2026-10-07 15:48:35 ts/utils.py:121 Relative goal position magnitude had to be clamped to be safe.
{   'shoulder_lift': {   'original goal_pos': 91.47252747252747,
                         'safe goal_pos': 96.18681318681318}}
WARNING 2026-10-07 15:48:35 ts/utils.py:121 Relative goal position magnitude had to be clamped to be safe.
{   'shoulder_lift': {   'original goal_pos': 93.31868131868131,
                         'safe goal_pos': 95.21978021978022}}
WARNING 2026-10-07 15:48:35 ts/utils.py:121 Relative goal position magnitude had to be clamped to be safe.
{   'wrist_flex': {   'original goal_pos': 49.0989010989011,
                      'safe goal_pos': 49.68131868131868}}
WARNING 2026-10-07 15:48:35 ts/utils.py:121 Relative goal position magnitude had to be clamped to be safe.
{   'wrist_flex': {   'original goal_pos': 46.02197802197802,
                      'safe goal_pos': 48.45054945054945}}
WARNING 2026-10-07 15:48:35 ts/utils.py:121 Relative goal position magnitude had to be clamped to be safe.
{   'gripper': {   'original goal_pos': 25.912137006701414,
                   'safe goal_pos': 25.916030534351147},
    'wrist_flex': {   'original goal_pos': 43.120879120879124,
                      'safe goal_pos': 46.956043956043956}}
WARNING 2026-10-07 15:48:35 ts/utils.py:121 Relative goal position magnitude had to be clamped to be safe.
{   'gripper': {   'original goal_pos': 22.710349962769918,
                   'safe goal_pos': 24.770992366412212},
    'wrist_flex': {   'original goal_pos': 40.395604395604394,
                      'safe goal_pos': 45.54945054945055}}
WARNING 2026-10-07 15:48:35 ts/utils.py:121 Relative goal position magnitude had to be clamped to be safe.
{   'gripper': {   'original goal_pos': 19.50856291883842,
                   'safe goal_pos': 23.30788804071247},
    'wrist_flex': {   'original goal_pos': 37.67032967032967,
                      'safe goal_pos': 44.23076923076923}}
WARNING 2026-10-07 15:48:35 ts/utils.py:121 Relative goal position magnitude had to be clamped to be safe.
{   'gripper': {   'original goal_pos': 16.381236038719287,
                   'safe goal_pos': 21.717557251908396},
    'wrist_flex': {   'original goal_pos': 34.857142857142854,
                      'safe goal_pos': 42.91208791208791}}
WARNING 2026-10-07 15:48:35 ts/utils.py:121 Relative goal position magnitude had to be clamped to be safe.
{   'gripper': {   'original goal_pos': 13.849590469099033,
                   'safe goal_pos': 20.254452926208653},
    'wrist_flex': {   'original goal_pos': 32.043956043956044,
                      'safe goal_pos': 41.59340659340659}}
WARNING 2026-10-07 15:48:35 ts/utils.py:121 Relative goal position magnitude had to be clamped to be safe.
{   'gripper': {   'original goal_pos': 11.988086373790022,
                   'safe goal_pos': 18.85496183206107},
    'wrist_flex': {   'original goal_pos': 29.67032967032967,
                      'safe goal_pos': 40.362637362637365}}
WARNING 2026-10-07 15:48:35 ts/utils.py:121 Relative goal position magnitude had to be clamped to be safe.
{   'gripper': {   'original goal_pos': 10.945644080416978,
                   'safe goal_pos': 17.328244274809162},
    'wrist_flex': {   'original goal_pos': 27.736263736263737,
                      'safe goal_pos': 38.956043956043956}}
WARNING 2026-10-07 15:48:35 ts/utils.py:121 Relative goal position magnitude had to be clamped to be safe.
{   'gripper': {   'original goal_pos': 10.722263588979896,
                   'safe goal_pos': 15.928753180661577},
    'wrist_flex': {   'original goal_pos': 26.32967032967033,
                      'safe goal_pos': 37.637362637362635}}
WARNING 2026-10-07 15:48:35 ts/utils.py:121 Relative goal position magnitude had to be clamped to be safe.
{   'gripper': {   'original goal_pos': 10.796723752792255,
                   'safe goal_pos': 14.40203562340967},
    'wrist_flex': {   'original goal_pos': 25.36263736263736,
                      'safe goal_pos': 36.31868131868132}}
WARNING 2026-10-07 15:48:35 ts/utils.py:121 Relative goal position magnitude had to be clamped to be safe.
{   'gripper': {   'original goal_pos': 10.796723752792255,
                   'safe goal_pos': 12.938931297709924},
    'wrist_flex': {   'original goal_pos': 24.747252747252748,
                      'safe goal_pos': 34.91208791208791}}
WARNING 2026-10-07 15:48:35 ts/utils.py:121 Relative goal position magnitude had to be clamped to be safe.
{   'gripper': {   'original goal_pos': 10.796723752792255,
                   'safe goal_pos': 11.475826972010175},
    'wrist_flex': {   'original goal_pos': 24.307692307692307,
                      'safe goal_pos': 33.59340659340659}}
WARNING 2026-10-07 15:48:35 ts/utils.py:121 Relative goal position magnitude had to be clamped to be safe.
{   'wrist_flex': {   'original goal_pos': 24.21978021978022,
                      'safe goal_pos': 32.362637362637365}}
WARNING 2026-10-07 15:48:35 ts/utils.py:121 Relative goal position magnitude had to be clamped to be safe.
{   'wrist_flex': {   'original goal_pos': 24.21978021978022,
                      'safe goal_pos': 31.043956043956044}}
WARNING 2026-10-07 15:48:35 ts/utils.py:121 Relative goal position magnitude had to be clamped to be safe.
{   'wrist_flex': {   'original goal_pos': 24.21978021978022,
                      'safe goal_pos': 29.81318681318681}}
WARNING 2026-10-07 15:48:35 ts/utils.py:121 Relative goal position magnitude had to be clamped to be safe.
{   'wrist_flex': {   'original goal_pos': 24.21978021978022,
                      'safe goal_pos': 28.31868131868132}}
WARNING 2026-10-07 15:48:35 ts/utils.py:121 Relative goal position magnitude had to be clamped to be safe.
{   'wrist_flex': {   'original goal_pos': 24.043956043956044,
                      'safe goal_pos': 27.087912087912088}}
WARNING 2026-10-07 15:48:35 ts/utils.py:121 Relative goal position magnitude had to be clamped to be safe.
{   'wrist_flex': {   'original goal_pos': 24.043956043956044,
                      'safe goal_pos': 25.681318681318682}}
WARNING 2026-10-07 15:48:35 ts/utils.py:121 Relative goal position magnitude had to be clamped to be safe.
{   'wrist_flex': {   'original goal_pos': 23.956043956043956,
                      'safe goal_pos': 24.45054945054945}}
WARNING 2026-10-07 15:48:36 ts/utils.py:121 Relative goal position magnitude had to be clamped to be safe.
{   'gripper': {   'original goal_pos': 17.72151898734177,
                   'safe goal_pos': 16.704834605597966}}
WARNING 2026-10-07 15:48:36 ts/utils.py:121 Relative goal position magnitude had to be clamped to be safe.
{   'gripper': {   'original goal_pos': 20.699925539836187,
                   'safe goal_pos': 18.040712468193384}}
WARNING 2026-10-07 15:48:36 ts/utils.py:121 Relative goal position magnitude had to be clamped to be safe.
{   'gripper': {   'original goal_pos': 23.3060312732688,
                   'safe goal_pos': 19.567430025445294}}
WARNING 2026-10-07 15:48:36 ts/utils.py:121 Relative goal position magnitude had to be clamped to be safe.
{   'gripper': {   'original goal_pos': 25.46537602382725,
                   'safe goal_pos': 20.903307888040715}}
WARNING 2026-10-07 15:48:36 ts/utils.py:121 Relative goal position magnitude had to be clamped to be safe.
{   'gripper': {   'original goal_pos': 26.8801191362621,
                   'safe goal_pos': 22.36641221374046}}
WARNING 2026-10-07 15:48:36 ts/utils.py:121 Relative goal position magnitude had to be clamped to be safe.
{   'gripper': {   'original goal_pos': 27.17795979151154,
                   'safe goal_pos': 23.829516539440203}}
WARNING 2026-10-07 15:48:36 ts/utils.py:121 Relative goal position magnitude had to be clamped to be safe.
{   'gripper': {   'original goal_pos': 27.02903946388682,
                   'safe goal_pos': 25.229007633587788}}
WARNING 2026-10-07 15:48:37 ts/utils.py:121 Relative goal position magnitude had to be clamped to be safe.
{   'shoulder_lift': {   'original goal_pos': 121.53846153846153,
                         'safe goal_pos': 121.04395604395604}}
WARNING 2026-10-07 15:48:37 ts/utils.py:121 Relative goal position magnitude had to be clamped to be safe.
{   'shoulder_lift': {   'original goal_pos': 123.2967032967033,
                         'safe goal_pos': 122.8021978021978}}
WARNING 2026-10-07 15:48:37 ts/utils.py:121 Relative goal position magnitude had to be clamped to be safe.
{   'shoulder_lift': {   'original goal_pos': 124.96703296703296,
                         'safe goal_pos': 124.56043956043956}}
WARNING 2026-10-07 15:48:37 ts/utils.py:121 Relative goal position magnitude had to be clamped to be safe.
{   'shoulder_lift': {   'original goal_pos': 126.63736263736264,
                         'safe goal_pos': 126.31868131868131},
    'wrist_flex': {   'original goal_pos': 15.516483516483516,
                      'safe goal_pos': 17.593406593406595}}
WARNING 2026-10-07 15:48:37 ts/utils.py:121 Relative goal position magnitude had to be clamped to be safe.
{   'wrist_flex': {   'original goal_pos': 12.527472527472527,
                      'safe goal_pos': 16.274725274725274}}
WARNING 2026-10-07 15:48:37 ts/utils.py:121 Relative goal position magnitude had to be clamped to be safe.
{   'wrist_flex': {   'original goal_pos': 10.417582417582418,
                      'safe goal_pos': 14.780219780219781}}
WARNING 2026-10-07 15:48:37 ts/utils.py:121 Relative goal position magnitude had to be clamped to be safe.
{   'wrist_flex': {   'original goal_pos': 9.186813186813186,
                      'safe goal_pos': 13.549450549450551}}
WARNING 2026-10-07 15:48:37 ts/utils.py:121 Relative goal position magnitude had to be clamped to be safe.
{   'wrist_flex': {   'original goal_pos': 8.483516483516484,
                      'safe goal_pos': 12.142857142857142}}
WARNING 2026-10-07 15:48:37 ts/utils.py:121 Relative goal position magnitude had to be clamped to be safe.
{   'wrist_flex': {   'original goal_pos': 8.043956043956044,
                      'safe goal_pos': 10.824175824175825}}
WARNING 2026-10-07 15:48:37 ts/utils.py:121 Relative goal position magnitude had to be clamped to be safe.
{   'wrist_flex': {   'original goal_pos': 7.78021978021978,
                      'safe goal_pos': 9.505494505494505}}
WARNING 2026-10-07 15:48:37 ts/utils.py:121 Relative goal position magnitude had to be clamped to be safe.
{   'wrist_flex': {   'original goal_pos': 7.6923076923076925,
                      'safe goal_pos': 8.186813186813186}}
WARNING 2026-10-07 15:48:37 ts/utils.py:121 Relative goal position magnitude had to be clamped to be safe.
{   'gripper': {   'original goal_pos': 14.966492926284438,
                   'safe goal_pos': 15.928753180661577}}
WARNING 2026-10-07 15:48:37 ts/utils.py:121 Relative goal position magnitude had to be clamped to be safe.
{   'gripper': {   'original goal_pos': 11.39240506329114,
                   'safe goal_pos': 14.783715012722645}}
WARNING 2026-10-07 15:48:37 ts/utils.py:121 Relative goal position magnitude had to be clamped to be safe.
{   'gripper': {   'original goal_pos': 8.488458674609085,
                   'safe goal_pos': 13.193384223918574}}
WARNING 2026-10-07 15:48:37 ts/utils.py:121 Relative goal position magnitude had to be clamped to be safe.
{   'gripper': {   'original goal_pos': 7.74385703648548,
                   'safe goal_pos': 11.730279898218832}}
WARNING 2026-10-07 15:48:37 ts/utils.py:121 Relative goal position magnitude had to be clamped to be safe.
{   'gripper': {   'original goal_pos': 8.488458674609085,
                   'safe goal_pos': 10.267175572519085}}
WARNING 2026-10-07 15:48:38 ts/utils.py:121 Relative goal position magnitude had to be clamped to be safe.
{   'gripper': {   'original goal_pos': 17.647058823529413,
                   'safe goal_pos': 16.19592875318066}}
WARNING 2026-10-07 15:48:38 ts/utils.py:121 Relative goal position magnitude had to be clamped to be safe.
{   'gripper': {   'original goal_pos': 20.551005212211468,
                   'safe goal_pos': 17.595419847328245}}
WARNING 2026-10-07 15:48:38 ts/utils.py:121 Relative goal position magnitude had to be clamped to be safe.
{   'gripper': {   'original goal_pos': 23.00819061801936,
                   'safe goal_pos': 19.05852417302799}}
WARNING 2026-10-07 15:48:38 ts/utils.py:121 Relative goal position magnitude had to be clamped to be safe.
{   'gripper': {   'original goal_pos': 25.16753536857781,
                   'safe goal_pos': 20.521628498727736}}
WARNING 2026-10-07 15:48:38 ts/utils.py:121 Relative goal position magnitude had to be clamped to be safe.
{   'gripper': {   'original goal_pos': 26.8801191362621,
                   'safe goal_pos': 21.921119592875318}}
WARNING 2026-10-07 15:48:38 ts/utils.py:121 Relative goal position magnitude had to be clamped to be safe.
{   'gripper': {   'original goal_pos': 27.922561429635145,
                   'safe goal_pos': 23.3206106870229}}
WARNING 2026-10-07 15:48:38 ts/utils.py:121 Relative goal position magnitude had to be clamped to be safe.
{   'gripper': {   'original goal_pos': 28.74162323157111,
                   'safe goal_pos': 24.84732824427481}}
WARNING 2026-10-07 15:48:38 ts/utils.py:121 Relative goal position magnitude had to be clamped to be safe.
{   'gripper': {   'original goal_pos': 29.26284437825763,
                   'safe goal_pos': 26.246819338422394}}
WARNING 2026-10-07 15:48:38 ts/utils.py:121 Relative goal position magnitude had to be clamped to be safe.
{   'gripper': {   'original goal_pos': 29.932985852568876,
                   'safe goal_pos': 27.646310432569976}}
WARNING 2026-10-07 15:48:38 ts/utils.py:121 Relative goal position magnitude had to be clamped to be safe.
{   'gripper': {   'original goal_pos': 30.75204765450484,
                   'safe goal_pos': 29.109414758269722}}
WARNING 2026-10-07 15:48:38 ts/utils.py:121 Relative goal position magnitude had to be clamped to be safe.
{   'gripper': {   'original goal_pos': 31.794489947877885,
                   'safe goal_pos': 30.508905852417303}}
INFO 2026-10-07 15:48:38 o_leader.py:163 pilot001_leader SOLeader disconnected.
INFO 2026-10-07 15:48:38 follower.py:238 follower_nevil SOFollower disconnected.

[1ATeleop loop time: 33.34ms (30 Hz)
[1ATeleop loop time: 33.34ms (30 Hz)
[1ATeleop loop time: 33.35ms (30 Hz)
[1ATeleop loop time: 33.34ms (30 Hz)
[1ATeleop loop time: 33.36ms (30 Hz)
[1ATeleop loop time: 33.35ms (30 Hz)
[1ATeleop loop time: 33.34ms (30 Hz)
[1ATeleop loop time: 33.34ms (30 Hz)
[1ATeleop loop time: 33.34ms (30 Hz)
[1ATeleop loop time: 33.35ms (30 Hz)
[1ATeleop loop time: 33.37ms (30 Hz)
[1ATeleop loop time: 33.34ms (30 Hz)
[1ATeleop loop time: 33.34ms (30 Hz)
[1ATeleop loop time: 33.37ms (30 Hz)
[1ATeleop loop time: 33.37ms (30 Hz)
[1ATeleop loop time: 33.34ms (30 Hz)
[1ATeleop loop time: 33.37ms (30 Hz)
[1ATeleop loop time: 33.34ms (30 Hz)
[1ATeleop loop time: 33.34ms (30 Hz)
[1ATeleop loop time: 33.38ms (30 Hz)
[1ATeleop loop time: 33.34ms (30 Hz)
[1ATeleop loop time: 33.36ms (30 Hz)
[1ATeleop loop time: 33.34ms (30 Hz)
[1ATeleop loop time: 33.34ms (30 Hz)
[1ATeleop loop time: 33.38ms (30 Hz)
[1ATeleop loop time: 33.34ms (30 Hz)
[1ATeleop loop time: 33.57ms (30 Hz)
[1ATeleop loop time: 33.34ms (30 Hz)
[1ATeleop loop time: 33.34ms (30 Hz)
[1ATeleop loop time: 33.36ms (30 Hz)
[1ATeleop loop time: 33.34ms (30 Hz)
[1ATeleop loop time: 33.34ms (30 Hz)
[1ATeleop loop time: 33.34ms (30 Hz)
[1ATeleop loop time: 33.34ms (30 Hz)
[1ATeleop loop time: 33.35ms (30 Hz)
[1ATeleop loop time: 33.34ms (30 Hz)
[1ATeleop loop time: 33.34ms (30 Hz)
[1ATeleop loop time: 33.35ms (30 Hz)
[1ATeleop loop time: 33.36ms (30 Hz)
[1ATeleop loop time: 33.34ms (30 Hz)
[1ATeleop loop time: 33.37ms (30 Hz)
[1ATeleop loop time: 33.35ms (30 Hz)
[1ATeleop loop time: 33.34ms (30 Hz)
[1ATeleop loop time: 33.34ms (30 Hz)
[1ATeleop loop time: 33.34ms (30 Hz)
[1ATeleop loop time: 33.35ms (30 Hz)
[1ATeleop loop time: 33.38ms (30 Hz)
[1ATeleop loop time: 33.37ms (30 Hz)
[1ATeleop loop time: 33.34ms (30 Hz)
[1ATeleop loop time: 33.34ms (30 Hz)
[1ATeleop loop time: 33.37ms (30 Hz)
[1ATeleop loop time: 33.34ms (30 Hz)
[1ATeleop loop time: 33.34ms (30 Hz)
[1ATeleop loop time: 33.34ms (30 Hz)
[1ATeleop loop time: 33.34ms (30 Hz)
[1ATeleop loop time: 33.34ms (30 Hz)
[1ATeleop loop time: 33.34ms (30 Hz)
[1ATeleop loop time: 33.34ms (30 Hz)
[1ATeleop loop time: 33.34ms (30 Hz)
[1ATeleop loop time: 33.34ms (30 Hz)
[1ATeleop loop time: 33.34ms (30 Hz)
[1ATeleop loop time: 33.35ms (30 Hz)
[1ATeleop loop time: 33.34ms (30 Hz)
[1ATeleop loop time: 33.34ms (30 Hz)
[1ATeleop loop time: 33.36ms (30 Hz)
[1ATeleop loop time: 33.34ms (30 Hz)
[1ATeleop loop time: 33.36ms (30 Hz)
[1ATeleop loop time: 33.34ms (30 Hz)
[1ATeleop loop time: 33.34ms (30 Hz)
[1ATeleop loop time: 33.34ms (30 Hz)
[1ATeleop loop time: 33.34ms (30 Hz)
[1ATeleop loop time: 33.34ms (30 Hz)
[1ATeleop loop time: 33.34ms (30 Hz)
[1ATeleop loop time: 33.34ms (30 Hz)
[1ATeleop loop time: 33.35ms (30 Hz)
[1ATeleop loop time: 33.35ms (30 Hz)
[1ATeleop loop time: 33.34ms (30 Hz)
[1ATeleop loop time: 33.34ms (30 Hz)
[1ATeleop loop time: 33.34ms (30 Hz)
[1ATeleop loop time: 33.34ms (30 Hz)
[1ATeleop loop time: 33.34ms (30 Hz)
[1ATeleop loop time: 33.34ms (30 Hz)
[1ATeleop loop time: 33.36ms (30 Hz)
[1ATeleop loop time: 33.34ms (30 Hz)
[1ATeleop loop time: 33.34ms (30 Hz)
[1ATeleop loop time: 33.34ms (30 Hz)
[1ATeleop loop time: 33.42ms (30 Hz)
[1ATeleop loop time: 33.36ms (30 Hz)
[1ATeleop loop time: 33.36ms (30 Hz)
[1ATeleop loop time: 33.50ms (30 Hz)
[1ATeleop loop time: 33.34ms (30 Hz)
[1ATeleop loop time: 33.34ms (30 Hz)
[1ATeleop loop time: 33.34ms (30 Hz)
[1ATeleop loop time: 33.34ms (30 Hz)
[1ATeleop loop time: 33.34ms (30 Hz)
[1ATeleop loop time: 33.34ms (30 Hz)
[1ATeleop loop time: 33.34ms (30 Hz)
[1ATeleop loop time: 33.34ms (30 Hz)
[1ATeleop loop time: 33.36ms (30 Hz)
[1ATeleop loop time: 33.37ms (30 Hz)
[1ATeleop loop time: 33.34ms (30 Hz)
[1ATeleop loop time: 33.34ms (30 Hz)
[1ATeleop loop time: 33.34ms (30 Hz)
[1ATeleop loop time: 33.34ms (30 Hz)
[1ATeleop loop time: 33.34ms (30 Hz)
[1ATeleop loop time: 33.33ms (30 Hz)
[1Alerobot-teleoperate exit 0 after 92.2s
TORQUE_AFTER {'shoulder_pan': 0, 'shoulder_lift': 0, 'elbow_flex': 0, 'wrist_flex': 0, 'wrist_roll': 0, 'gripper': 0}
